[✗] [2026-04-25T03:11:33.887Z] ERROR: .env में PRIVATE_KEY डालो!
[•] [2026-04-25T03:15:29.511Z] ═══ Teqoin Auto Bridge Bot v4 Started ═══
[•] [2026-04-25T03:15:29.530Z] Mode: WRAP | Assets: ETH, USDT, USDC, DAI | Loop: true
[✓] [2026-04-25T03:15:30.736Z] TOR connected | Exit IP: 185.220.101.16
[✓] [2026-04-25T03:15:30.883Z] Wallet: 0xc176D56CCF99857A76d377Bacf21cF70107783e7
[•] [2026-04-25T03:15:30.883Z] ═══ Loop #1 ═══
[•] [2026-04-25T03:15:30.886Z] Bridging ETH | Amount: 0.0000001 | Token: 0x0000000000000000000000000000000000000000
[•] [2026-04-25T03:15:30.887Z] Jitter delay: 27434ms
[•] [2026-04-25T03:15:59.733Z] Calldata: 0xd6d344a1...0000000000174876e800
[•] [2026-04-25T03:15:59.978Z] Estimated gas: 131192
[•] [2026-04-25T03:15:59.980Z] Sending tx... nonce: 43
[✓] [2026-04-25T03:16:00.590Z] Tx sent: 0xba4c8683abfbf9687d8700eaa5c3cc905d0e4ec4be43ab2677af46a85b9147d2
[•] [2026-04-25T03:16:00.591Z] Waiting confirmation...
[✓] [2026-04-25T03:16:06.413Z] Confirmed! Block: 1301788 | Gas: 126272 | Status: SUCCESS
[•] [2026-04-25T03:16:06.418Z] Jitter delay: 13227ms
[•] [2026-04-25T03:16:19.650Z] Bridging USDT | Amount: 0.00001 | Token: 0xfcc025A3E170DF62de0e25AF7CeAf1C89aBfe6E9
[•] [2026-04-25T03:16:19.651Z] Jitter delay: 7030ms
[✓] [2026-04-25T03:16:27.440Z] USDT already approved: 115792089237316195423570985008687907853269984665640564039457584007913129.639935
[•] [2026-04-25T03:16:28.134Z] Calldata: 0xd6d344a1...0000000000000000000a
[•] [2026-04-25T03:16:28.353Z] Estimated gas: 171206
[•] [2026-04-25T03:16:28.354Z] Sending tx... nonce: 44
[✓] [2026-04-25T03:16:28.854Z] Tx sent: 0xd9b3576a8a58e2c2049787f9ad20dd3b9ac88164bb98554be077b20a756be602
[•] [2026-04-25T03:16:28.854Z] Waiting confirmation...
[✓] [2026-04-25T03:16:34.680Z] Confirmed! Block: 1301794 | Gas: 166286 | Status: SUCCESS
[•] [2026-04-25T03:16:34.687Z] Jitter delay: 10836ms
[•] [2026-04-25T03:16:45.529Z] Bridging USDC | Amount: 0.00001 | Token: 0xe819EB5be34B20f1FEC012c0DAf960397A0Fb386
[•] [2026-04-25T03:16:45.530Z] Jitter delay: 16674ms
[✓] [2026-04-25T03:17:02.772Z] USDC already approved: 115792089237316195423570985008687907853269984665640564039457584007913129.639935
[•] [2026-04-25T03:17:03.413Z] Calldata: 0xd6d344a1...0000000000000000000a
[•] [2026-04-25T03:17:03.634Z] Estimated gas: 171206
[•] [2026-04-25T03:17:03.635Z] Sending tx... nonce: 45
[✓] [2026-04-25T03:17:04.173Z] Tx sent: 0xee1e4bfc506c840a69e7c6332f03f8249834ea9921ed10d1556f45a75c756556
[•] [2026-04-25T03:17:04.173Z] Waiting confirmation...
[✓] [2026-04-25T03:17:09.567Z] Confirmed! Block: 1301801 | Gas: 166286 | Status: SUCCESS
[•] [2026-04-25T03:17:09.568Z] Jitter delay: 16618ms
[•] [2026-04-25T03:17:26.190Z] Bridging DAI | Amount: 0.00001 | Token: 0xB96A869c74Be2eD561D95a77408505371F287d16
[•] [2026-04-25T03:17:26.191Z] Jitter delay: 23797ms
[✓] [2026-04-25T03:17:51.280Z] DAI already approved: 115792089237316195423570985008687907853269984665640564039457.584007913129639935
[•] [2026-04-25T03:17:52.239Z] Calldata: 0xd6d344a1...0000000009184e72a000
[•] [2026-04-25T03:17:52.571Z] Estimated gas: 171254
[•] [2026-04-25T03:17:52.579Z] Sending tx... nonce: 46
[✓] [2026-04-25T03:17:53.220Z] Tx sent: 0x2fbffb92aa02b80994a0cb73e09ae9d2e0bc59c20dff45293613ae42fc32b73e
[•] [2026-04-25T03:17:53.221Z] Waiting confirmation...
[✓] [2026-04-25T03:17:54.626Z] Confirmed! Block: 1301810 | Gas: 166334 | Status: SUCCESS
[✓] [2026-04-25T03:17:54.630Z] Loop #1 completed
[•] [2026-04-25T03:17:54.631Z] Waiting 523s till next loop...
[•] [2026-04-25T03:26:38.288Z] ═══ Loop #2 ═══
[•] [2026-04-25T03:26:38.412Z] Bridging ETH | Amount: 0.0000001 | Token: 0x0000000000000000000000000000000000000000
[•] [2026-04-25T03:26:38.418Z] Jitter delay: 13555ms
[•] [2026-04-25T03:26:54.461Z] Calldata: 0xd6d344a1...0000000000174876e800
[•] [2026-04-25T03:26:54.674Z] Estimated gas: 131192
[•] [2026-04-25T03:26:54.677Z] Sending tx... nonce: 47
[✓] [2026-04-25T03:26:55.244Z] Tx sent: 0x15597272461a6fe014af113d89ad8b3156f311047cb5b13d87eb352d517628d9
[•] [2026-04-25T03:26:55.245Z] Waiting confirmation...
[✓] [2026-04-25T03:27:00.771Z] Confirmed! Block: 1301919 | Gas: 126272 | Status: SUCCESS
[•] [2026-04-25T03:27:00.776Z] Jitter delay: 24220ms
[•] [2026-04-25T03:27:25.001Z] Bridging USDT | Amount: 0.00001 | Token: 0xfcc025A3E170DF62de0e25AF7CeAf1C89aBfe6E9
[•] [2026-04-25T03:27:25.003Z] Jitter delay: 10766ms
[✓] [2026-04-25T03:27:36.686Z] USDT already approved: 115792089237316195423570985008687907853269984665640564039457584007913129.639935
[•] [2026-04-25T03:27:37.505Z] Calldata: 0xd6d344a1...0000000000000000000a
[•] [2026-04-25T03:27:37.770Z] Estimated gas: 171206
[•] [2026-04-25T03:27:37.772Z] Sending tx... nonce: 48
[✓] [2026-04-25T03:27:38.358Z] Tx sent: 0x35259dd899fa73e09be15e156757aca9e19d3fc46408373d5512e80dc37b8dd8
[•] [2026-04-25T03:27:38.359Z] Waiting confirmation...
[✓] [2026-04-25T03:27:39.440Z] Confirmed! Block: 1301927 | Gas: 166286 | Status: SUCCESS
[•] [2026-04-25T03:27:39.442Z] Jitter delay: 8773ms
[•] [2026-04-25T03:27:48.222Z] Bridging USDC | Amount: 0.00001 | Token: 0xe819EB5be34B20f1FEC012c0DAf960397A0Fb386
[•] [2026-04-25T03:27:48.225Z] Jitter delay: 14011ms
[✓] [2026-04-25T03:28:03.052Z] USDC already approved: 115792089237316195423570985008687907853269984665640564039457584007913129.639935
[•] [2026-04-25T03:28:03.993Z] Calldata: 0xd6d344a1...0000000000000000000a
[•] [2026-04-25T03:28:04.297Z] Estimated gas: 171206
[•] [2026-04-25T03:28:04.298Z] Sending tx... nonce: 49
[✓] [2026-04-25T03:28:04.935Z] Tx sent: 0xf56a6b8033998cc97ce4a02adc10b289f04c1245a5372db323d4029ee1863c70
[•] [2026-04-25T03:28:04.936Z] Waiting confirmation...
[✓] [2026-04-25T03:28:11.056Z] Confirmed! Block: 1301933 | Gas: 166286 | Status: SUCCESS
[•] [2026-04-25T03:28:11.062Z] Jitter delay: 18104ms
[•] [2026-04-25T03:28:29.176Z] Bridging DAI | Amount: 0.00001 | Token: 0xB96A869c74Be2eD561D95a77408505371F287d16
[•] [2026-04-25T03:28:29.177Z] Jitter delay: 5036ms
[✓] [2026-04-25T03:28:34.888Z] DAI already approved: 115792089237316195423570985008687907853269984665640564039457.584007913129639935
[•] [2026-04-25T03:28:35.635Z] Calldata: 0xd6d344a1...0000000009184e72a000
[•] [2026-04-25T03:28:35.884Z] Estimated gas: 171254
[•] [2026-04-25T03:28:35.885Z] Sending tx... nonce: 50
[✓] [2026-04-25T03:28:36.464Z] Tx sent: 0x07b9a86b4cdf6c09cc934bc71cd38f7a991a6f5b9adc19b1599995735edc75cc
[•] [2026-04-25T03:28:36.464Z] Waiting confirmation...
[✓] [2026-04-25T03:28:41.932Z] Confirmed! Block: 1301939 | Gas: 166334 | Status: SUCCESS
[✓] [2026-04-25T03:28:41.933Z] Loop #2 completed
[•] [2026-04-25T03:28:41.933Z] Waiting 575s till next loop...
[•] [2026-04-25T03:38:17.181Z] ═══ Loop #3 ═══
[•] [2026-04-25T03:38:17.323Z] Bridging ETH | Amount: 0.0000001 | Token: 0x0000000000000000000000000000000000000000
[•] [2026-04-25T03:38:17.325Z] Jitter delay: 29267ms
[•] [2026-04-25T03:38:48.792Z] Calldata: 0xd6d344a1...0000000000174876e800
[•] [2026-04-25T03:38:49.081Z] Estimated gas: 131192
[•] [2026-04-25T03:38:49.083Z] Sending tx... nonce: 51
[✓] [2026-04-25T03:38:49.785Z] Tx sent: 0xf4351b722da71506bfff15b981e4fd6ca83779a8be28cb40bc31bc70fa810cda
[•] [2026-04-25T03:38:49.786Z] Waiting confirmation...
[✓] [2026-04-25T03:38:55.688Z] Confirmed! Block: 1302062 | Gas: 126272 | Status: SUCCESS
[•] [2026-04-25T03:38:55.699Z] Jitter delay: 29800ms
[•] [2026-04-25T03:39:25.524Z] Bridging USDT | Amount: 0.00001 | Token: 0xfcc025A3E170DF62de0e25AF7CeAf1C89aBfe6E9
[•] [2026-04-25T03:39:25.525Z] Jitter delay: 11003ms
[✓] [2026-04-25T03:39:37.415Z] USDT already approved: 115792089237316195423570985008687907853269984665640564039457584007913129.639935
[•] [2026-04-25T03:39:38.220Z] Calldata: 0xd6d344a1...0000000000000000000a
[•] [2026-04-25T03:39:38.479Z] Estimated gas: 171206
[•] [2026-04-25T03:39:38.482Z] Sending tx... nonce: 52
[✓] [2026-04-25T03:39:39.130Z] Tx sent: 0x47dfd8c7b7639a59f536298c624bac34486ff74f317d5978a2af3186a0360db8
[•] [2026-04-25T03:39:39.130Z] Waiting confirmation...
[✓] [2026-04-25T03:39:45.640Z] Confirmed! Block: 1302072 | Gas: 166286 | Status: SUCCESS
[•] [2026-04-25T03:39:45.644Z] Jitter delay: 24983ms
[•] [2026-04-25T03:40:10.644Z] Bridging USDC | Amount: 0.00001 | Token: 0xe819EB5be34B20f1FEC012c0DAf960397A0Fb386
[•] [2026-04-25T03:40:10.660Z] Jitter delay: 19086ms
[✓] [2026-04-25T03:40:30.533Z] USDC already approved: 115792089237316195423570985008687907853269984665640564039457584007913129.639935
[•] [2026-04-25T03:40:31.211Z] Calldata: 0xd6d344a1...0000000000000000000a
[•] [2026-04-25T03:40:31.444Z] Estimated gas: 171206
[•] [2026-04-25T03:40:31.447Z] Sending tx... nonce: 53
[✓] [2026-04-25T03:40:32.032Z] Tx sent: 0xaf444641cde0f6d81b2e3f53d48b0144c1bf71dda39a7e85aa43865c34c39c2a
[•] [2026-04-25T03:40:32.034Z] Waiting confirmation...
[✓] [2026-04-25T03:40:38.520Z] Confirmed! Block: 1302082 | Gas: 166286 | Status: SUCCESS
[•] [2026-04-25T03:40:38.527Z] Jitter delay: 11819ms
[•] [2026-04-25T03:40:50.356Z] Bridging DAI | Amount: 0.00001 | Token: 0xB96A869c74Be2eD561D95a77408505371F287d16
[•] [2026-04-25T03:40:50.361Z] Jitter delay: 28032ms
[✓] [2026-04-25T03:41:19.169Z] DAI already approved: 115792089237316195423570985008687907853269984665640564039457.584007913129639935
[•] [2026-04-25T03:41:19.931Z] Calldata: 0xd6d344a1...0000000009184e72a000
[•] [2026-04-25T03:41:20.201Z] Estimated gas: 171254
[•] [2026-04-25T03:41:20.201Z] Sending tx... nonce: 54
[✓] [2026-04-25T03:41:20.847Z] Tx sent: 0x682850f82e805e12fa204fb2d559161f67efa3d404cbb7ee1edd1f14133b6df2
[•] [2026-04-25T03:41:20.848Z] Waiting confirmation...
[✓] [2026-04-25T03:41:26.855Z] Confirmed! Block: 1302092 | Gas: 166334 | Status: SUCCESS
[✓] [2026-04-25T03:41:26.859Z] Loop #3 completed
[•] [2026-04-25T03:41:26.873Z] Waiting 314s till next loop...
[•] [2026-04-25T03:46:41.211Z] ═══ Loop #4 ═══
[•] [2026-04-25T03:46:41.212Z] Bridging ETH | Amount: 0.0000001 | Token: 0x0000000000000000000000000000000000000000
[•] [2026-04-25T03:46:41.213Z] Jitter delay: 27135ms
[•] [2026-04-25T03:47:10.601Z] Calldata: 0xd6d344a1...0000000000174876e800
[•] [2026-04-25T03:47:10.828Z] Estimated gas: 131192
[•] [2026-04-25T03:47:10.829Z] Sending tx... nonce: 55
[✓] [2026-04-25T03:47:11.375Z] Tx sent: 0xec1342daa0ba8f77179f2a64f3b1a0076679bece687a18e45d002361e72c9a6e
[•] [2026-04-25T03:47:11.376Z] Waiting confirmation...
[✓] [2026-04-25T03:47:16.872Z] Confirmed! Block: 1302162 | Gas: 126272 | Status: SUCCESS
[•] [2026-04-25T03:47:16.873Z] Jitter delay: 10723ms
[•] [2026-04-25T03:47:27.603Z] Bridging USDT | Amount: 0.00001 | Token: 0xfcc025A3E170DF62de0e25AF7CeAf1C89aBfe6E9
[•] [2026-04-25T03:47:27.604Z] Jitter delay: 23304ms
[✓] [2026-04-25T03:47:51.715Z] USDT already approved: 115792089237316195423570985008687907853269984665640564039457584007913129.639935
[•] [2026-04-25T03:47:52.519Z] Calldata: 0xd6d344a1...0000000000000000000a
[•] [2026-04-25T03:47:52.787Z] Estimated gas: 171206
[•] [2026-04-25T03:47:52.788Z] Sending tx... nonce: 56
[✓] [2026-04-25T03:47:53.407Z] Tx sent: 0x03f62a7f6a93a7fdfe9a0e2d1f556af19407b631cad109bf8ef172c7fdc0b87b
[•] [2026-04-25T03:47:53.408Z] Waiting confirmation...
[✓] [2026-04-25T03:47:54.749Z] Confirmed! Block: 1302170 | Gas: 166286 | Status: SUCCESS
[•] [2026-04-25T03:47:54.750Z] Jitter delay: 19644ms
[•] [2026-04-25T03:48:14.409Z] Bridging USDC | Amount: 0.00001 | Token: 0xe819EB5be34B20f1FEC012c0DAf960397A0Fb386
[•] [2026-04-25T03:48:14.411Z] Jitter delay: 22214ms
[✓] [2026-04-25T03:48:37.355Z] USDC already approved: 115792089237316195423570985008687907853269984665640564039457584007913129.639935
[•] [2026-04-25T03:48:38.095Z] Calldata: 0xd6d344a1...0000000000000000000a
[•] [2026-04-25T03:48:38.349Z] Estimated gas: 171206
[•] [2026-04-25T03:48:38.351Z] Sending tx... nonce: 57
[✓] [2026-04-25T03:48:38.900Z] Tx sent: 0x50401d7ddc4234999c5d0fde7de6ddc33c230d9432e8dfd258ed5d3fbf2b8d7b
[•] [2026-04-25T03:48:38.901Z] Waiting confirmation...
[✓] [2026-04-25T03:48:45.029Z] Confirmed! Block: 1302180 | Gas: 166286 | Status: SUCCESS
[•] [2026-04-25T03:48:45.032Z] Jitter delay: 23614ms
[•] [2026-04-25T03:49:08.668Z] Bridging DAI | Amount: 0.00001 | Token: 0xB96A869c74Be2eD561D95a77408505371F287d16
[•] [2026-04-25T03:49:08.669Z] Jitter delay: 16203ms
[✓] [2026-04-25T03:49:25.563Z] DAI already approved: 115792089237316195423570985008687907853269984665640564039457.584007913129639935
[•] [2026-04-25T03:49:26.300Z] Calldata: 0xd6d344a1...0000000009184e72a000
[•] [2026-04-25T03:49:26.546Z] Estimated gas: 171254
[•] [2026-04-25T03:49:26.548Z] Sending tx... nonce: 58
[✓] [2026-04-25T03:49:27.104Z] Tx sent: 0x9ed45ec900b6045cacf0ba94bd98ca66694fd4347b3c26820b32d5c7370307ee
[•] [2026-04-25T03:49:27.105Z] Waiting confirmation...
[✓] [2026-04-25T03:49:32.906Z] Confirmed! Block: 1302189 | Gas: 166334 | Status: SUCCESS
[✓] [2026-04-25T03:49:32.910Z] Loop #4 completed
[•] [2026-04-25T03:49:32.910Z] Waiting 475s till next loop...
[•] [2026-04-25T03:57:28.619Z] ═══ Loop #5 ═══
[•] [2026-04-25T03:57:28.674Z] Bridging ETH | Amount: 0.0000001 | Token: 0x0000000000000000000000000000000000000000
[•] [2026-04-25T03:57:28.676Z] Jitter delay: 14646ms
[•] [2026-04-25T03:57:46.020Z] Calldata: 0xd6d344a1...0000000000174876e800
[•] [2026-04-25T03:57:46.264Z] Estimated gas: 131192
[•] [2026-04-25T03:57:46.265Z] Sending tx... nonce: 59
[✓] [2026-04-25T03:57:46.837Z] Tx sent: 0x0a22d9c274a72e60faa4bfecc4ba369beb0dc07f0526d11aba73045b2bafee41
[•] [2026-04-25T03:57:46.837Z] Waiting confirmation...
[✓] [2026-04-25T03:57:52.648Z] Confirmed! Block: 1302289 | Gas: 126272 | Status: SUCCESS
[•] [2026-04-25T03:57:52.651Z] Jitter delay: 12697ms
[•] [2026-04-25T03:58:05.357Z] Bridging USDT | Amount: 0.00001 | Token: 0xfcc025A3E170DF62de0e25AF7CeAf1C89aBfe6E9
[•] [2026-04-25T03:58:05.359Z] Jitter delay: 27363ms
[✓] [2026-04-25T03:58:33.479Z] USDT already approved: 115792089237316195423570985008687907853269984665640564039457584007913129.639935
[•] [2026-04-25T03:58:34.205Z] Calldata: 0xd6d344a1...0000000000000000000a
[•] [2026-04-25T03:58:34.462Z] Estimated gas: 171206
[•] [2026-04-25T03:58:34.467Z] Sending tx... nonce: 60
[✓] [2026-04-25T03:58:34.971Z] Tx sent: 0xfa286005bc4b185390acb8f6107e5450b6ec31707260e2c49427551eac6c7671
[•] [2026-04-25T03:58:34.972Z] Waiting confirmation...
[✓] [2026-04-25T03:58:40.448Z] Confirmed! Block: 1302299 | Gas: 166286 | Status: SUCCESS
[•] [2026-04-25T03:58:40.450Z] Jitter delay: 27439ms
[•] [2026-04-25T03:59:07.912Z] Bridging USDC | Amount: 0.00001 | Token: 0xe819EB5be34B20f1FEC012c0DAf960397A0Fb386
[•] [2026-04-25T03:59:07.914Z] Jitter delay: 26791ms
[✓] [2026-04-25T03:59:35.514Z] USDC already approved: 115792089237316195423570985008687907853269984665640564039457584007913129.639935
[•] [2026-04-25T03:59:36.249Z] Calldata: 0xd6d344a1...0000000000000000000a
[•] [2026-04-25T03:59:36.512Z] Estimated gas: 171206
[•] [2026-04-25T03:59:36.512Z] Sending tx... nonce: 61
[✓] [2026-04-25T03:59:37.068Z] Tx sent: 0xed313ab459fc688efb268ed23b5e91efb5f6baa04f0819bdd3ab7a3a64017572
[•] [2026-04-25T03:59:37.068Z] Waiting confirmation...
[✓] [2026-04-25T03:59:42.903Z] Confirmed! Block: 1302311 | Gas: 166286 | Status: SUCCESS
[•] [2026-04-25T03:59:42.906Z] Jitter delay: 11100ms
[•] [2026-04-25T03:59:54.012Z] Bridging DAI | Amount: 0.00001 | Token: 0xB96A869c74Be2eD561D95a77408505371F287d16
[•] [2026-04-25T03:59:54.015Z] Jitter delay: 12665ms
[✓] [2026-04-25T04:00:07.431Z] DAI already approved: 115792089237316195423570985008687907853269984665640564039457.584007913129639935
[•] [2026-04-25T04:00:08.154Z] Calldata: 0xd6d344a1...0000000009184e72a000
[•] [2026-04-25T04:00:08.421Z] Estimated gas: 171254
[•] [2026-04-25T04:00:08.421Z] Sending tx... nonce: 62
[✓] [2026-04-25T04:00:08.960Z] Tx sent: 0xe57e8a81469120845b056d00e19551bf51cc7a401c9a06d12f471efc7fb5d8a0
[•] [2026-04-25T04:00:08.961Z] Waiting confirmation...
[✓] [2026-04-25T04:00:14.791Z] Confirmed! Block: 1302318 | Gas: 166334 | Status: SUCCESS
[✓] [2026-04-25T04:00:14.792Z] Loop #5 completed
[•] [2026-04-25T04:00:14.794Z] Waiting 555s till next loop...
[•] [2026-04-25T04:09:30.583Z] ═══ Loop #6 ═══
[•] [2026-04-25T04:09:30.639Z] Bridging ETH | Amount: 0.0000001 | Token: 0x0000000000000000000000000000000000000000
[•] [2026-04-25T04:09:30.640Z] Jitter delay: 16725ms
[•] [2026-04-25T04:09:50.109Z] Calldata: 0xd6d344a1...0000000000174876e800
[•] [2026-04-25T04:09:50.351Z] Estimated gas: 131192
[•] [2026-04-25T04:09:50.352Z] Sending tx... nonce: 63
[✓] [2026-04-25T04:09:51.042Z] Tx sent: 0x991ce48044bba2f11c89f4fb21d7fc22e7d8600941d9ece352c6f3752a4a2e50
[•] [2026-04-25T04:09:51.042Z] Waiting confirmation...
[✓] [2026-04-25T04:09:56.789Z] Confirmed! Block: 1302434 | Gas: 126272 | Status: SUCCESS
[•] [2026-04-25T04:09:56.793Z] Jitter delay: 8849ms
[•] [2026-04-25T04:10:05.650Z] Bridging USDT | Amount: 0.00001 | Token: 0xfcc025A3E170DF62de0e25AF7CeAf1C89aBfe6E9
[•] [2026-04-25T04:10:05.652Z] Jitter delay: 6330ms
[✓] [2026-04-25T04:10:12.852Z] USDT already approved: 115792089237316195423570985008687907853269984665640564039457584007913129.639935
[•] [2026-04-25T04:10:13.647Z] Calldata: 0xd6d344a1...0000000000000000000a
[•] [2026-04-25T04:10:13.946Z] Estimated gas: 171206
[•] [2026-04-25T04:10:13.947Z] Sending tx... nonce: 64
[✓] [2026-04-25T04:10:14.503Z] Tx sent: 0xbfd6efb77febbebf984f804f4a71315f14509e28a3b43f7365e4f9b1f6224305
[•] [2026-04-25T04:10:14.504Z] Waiting confirmation...
[✓] [2026-04-25T04:10:20.507Z] Confirmed! Block: 1302439 | Gas: 166286 | Status: SUCCESS
[•] [2026-04-25T04:10:20.512Z] Jitter delay: 10932ms
[•] [2026-04-25T04:10:31.452Z] Bridging USDC | Amount: 0.00001 | Token: 0xe819EB5be34B20f1FEC012c0DAf960397A0Fb386
[•] [2026-04-25T04:10:31.454Z] Jitter delay: 7205ms
[✓] [2026-04-25T04:10:39.475Z] USDC already approved: 115792089237316195423570985008687907853269984665640564039457584007913129.639935
[•] [2026-04-25T04:10:40.201Z] Calldata: 0xd6d344a1...0000000000000000000a
[•] [2026-04-25T04:10:40.464Z] Estimated gas: 171206
[•] [2026-04-25T04:10:40.467Z] Sending tx... nonce: 65
[✓] [2026-04-25T04:10:41.024Z] Tx sent: 0xd3ffc7d233b487ffde5e54265c2b877932935d942ce6c0d5d49997641a860d62
[•] [2026-04-25T04:10:41.025Z] Waiting confirmation...
[✓] [2026-04-25T04:10:47.067Z] Confirmed! Block: 1302444 | Gas: 166286 | Status: SUCCESS
[•] [2026-04-25T04:10:47.075Z] Jitter delay: 11065ms
[•] [2026-04-25T04:10:58.149Z] Bridging DAI | Amount: 0.00001 | Token: 0xB96A869c74Be2eD561D95a77408505371F287d16
[•] [2026-04-25T04:10:58.150Z] Jitter delay: 27796ms
[✓] [2026-04-25T04:11:26.842Z] DAI already approved: 115792089237316195423570985008687907853269984665640564039457.584007913129639935
[•] [2026-04-25T04:11:27.754Z] Calldata: 0xd6d344a1...0000000009184e72a000
[•] [2026-04-25T04:11:28.041Z] Estimated gas: 171254
[•] [2026-04-25T04:11:28.042Z] Sending tx... nonce: 66
[✓] [2026-04-25T04:11:28.678Z] Tx sent: 0xe0dd82521fa8b05b23ba87c3893aa0ed266301ca70882dac3c4d23389a4a9bd8
[•] [2026-04-25T04:11:28.679Z] Waiting confirmation...
[✓] [2026-04-25T04:11:30.143Z] Confirmed! Block: 1302453 | Gas: 166334 | Status: SUCCESS
[✓] [2026-04-25T04:11:30.144Z] Loop #6 completed
[•] [2026-04-25T04:11:30.144Z] Waiting 547s till next loop...
[•] [2026-04-25T04:28:03.928Z] ═══ Loop #7 ═══
[•] [2026-04-25T04:28:03.990Z] Bridging ETH | Amount: 0.0000001 | Token: 0x0000000000000000000000000000000000000000
[•] [2026-04-25T04:28:03.992Z] Jitter delay: 23897ms
[•] [2026-04-25T04:28:30.799Z] Calldata: 0xd6d344a1...0000000000174876e800
[•] [2026-04-25T04:28:31.077Z] Estimated gas: 131192
[•] [2026-04-25T04:28:31.078Z] Sending tx... nonce: 67
[✓] [2026-04-25T04:28:31.694Z] Tx sent: 0x88f7af57149bef1d719b93f8e0e9efc2bee9660f9607a66ce2b4993757d07724
[•] [2026-04-25T04:28:31.694Z] Waiting confirmation...
[✓] [2026-04-25T04:28:37.417Z] Confirmed! Block: 1302658 | Gas: 126272 | Status: SUCCESS
[•] [2026-04-25T04:28:37.418Z] Jitter delay: 15283ms
[•] [2026-04-25T09:38:58.509Z] ═══ Teqoin Auto Bridge Bot v4 Started ═══
[•] [2026-04-25T09:38:58.526Z] Mode: WRAP | Assets: ETH, USDT, USDC, DAI | Loop: true
[✓] [2026-04-25T09:38:59.824Z] TOR connected | Exit IP: 203.55.81.2
[✓] [2026-04-25T09:39:00.136Z] Wallet: 0xc176D56CCF99857A76d377Bacf21cF70107783e7
[•] [2026-04-25T09:39:00.146Z] ═══ Loop #1 ═══
[•] [2026-04-25T09:39:00.163Z] Bridging ETH | Amount: 0.0000001 | Token: 0x0000000000000000000000000000000000000000
[•] [2026-04-25T09:39:00.165Z] Jitter delay: 24846ms
[•] [2026-04-25T09:39:27.420Z] Calldata: 0xd6d344a1...0000000000174876e800
[•] [2026-04-25T09:39:27.636Z] Estimated gas: 131192
[•] [2026-04-25T09:39:27.637Z] Sending tx... nonce: 68
[✓] [2026-04-25T09:39:28.373Z] Tx sent: 0x14fcf40b2cbd433ce2bc6d1a965c6ab1d73f8293a52df8bf3b984a87b4ba2f13
[•] [2026-04-25T09:39:28.375Z] Waiting confirmation...
[✓] [2026-04-25T09:39:34.135Z] Confirmed! Block: 1306384 | Gas: 126272 | Status: SUCCESS
[•] [2026-04-25T09:39:34.140Z] Jitter delay: 23709ms
[•] [2026-04-25T09:39:57.854Z] Bridging USDT | Amount: 0.00001 | Token: 0xfcc025A3E170DF62de0e25AF7CeAf1C89aBfe6E9
[•] [2026-04-25T09:39:57.857Z] Jitter delay: 17648ms
[✓] [2026-04-25T09:40:16.193Z] USDT already approved: 115792089237316195423570985008687907853269984665640564039457584007913129.639935
[•] [2026-04-25T09:40:16.829Z] Calldata: 0xd6d344a1...0000000000000000000a
[•] [2026-04-25T09:40:17.076Z] Estimated gas: 171206
[•] [2026-04-25T09:40:17.077Z] Sending tx... nonce: 69
[✓] [2026-04-25T09:40:17.546Z] Tx sent: 0x13e4a65cfa1e2bce69fc0feb4a1bae9fea64b01652c9707f9e59c253ee059974
[•] [2026-04-25T09:40:17.546Z] Waiting confirmation...
[✓] [2026-04-25T09:40:23.159Z] Confirmed! Block: 1306394 | Gas: 166286 | Status: SUCCESS
[•] [2026-04-25T09:40:23.164Z] Jitter delay: 25658ms
[•] [2026-04-25T09:40:48.828Z] Bridging USDC | Amount: 0.00001 | Token: 0xe819EB5be34B20f1FEC012c0DAf960397A0Fb386
[•] [2026-04-25T09:40:48.831Z] Jitter delay: 16996ms
[✓] [2026-04-25T09:41:06.468Z] USDC already approved: 115792089237316195423570985008687907853269984665640564039457584007913129.639935
[•] [2026-04-25T09:41:07.164Z] Calldata: 0xd6d344a1...0000000000000000000a
[•] [2026-04-25T09:41:07.399Z] Estimated gas: 171206
[•] [2026-04-25T09:41:07.400Z] Sending tx... nonce: 70
[✓] [2026-04-25T09:41:07.851Z] Tx sent: 0xfabcf7b5fc4096fa81a1da2df8208349e948d0f0fd309247acc9043782d0eb46
[•] [2026-04-25T09:41:07.852Z] Waiting confirmation...
[✓] [2026-04-25T09:41:13.559Z] Confirmed! Block: 1306404 | Gas: 166286 | Status: SUCCESS
[•] [2026-04-25T09:41:13.563Z] Jitter delay: 17930ms
[•] [2026-04-25T09:41:31.502Z] Bridging DAI | Amount: 0.00001 | Token: 0xB96A869c74Be2eD561D95a77408505371F287d16
[•] [2026-04-25T09:41:31.503Z] Jitter delay: 9431ms
[✓] [2026-04-25T09:41:41.560Z] DAI already approved: 115792089237316195423570985008687907853269984665640564039457.584007913129639935
[•] [2026-04-25T09:41:42.217Z] Calldata: 0xd6d344a1...0000000009184e72a000
[•] [2026-04-25T09:41:42.434Z] Estimated gas: 171254
[•] [2026-04-25T09:41:42.435Z] Sending tx... nonce: 71
[✓] [2026-04-25T09:41:42.887Z] Tx sent: 0xdd9df34bf577dad4707417022a3697784eeedbc23d554078200b1b665a3cbc83
[•] [2026-04-25T09:41:42.887Z] Waiting confirmation...
[✓] [2026-04-25T09:41:48.527Z] Confirmed! Block: 1306411 | Gas: 166334 | Status: SUCCESS
[✓] [2026-04-25T09:41:48.532Z] Loop #1 completed
[•] [2026-04-25T09:41:48.534Z] Waiting 332s till next loop...
[•] [2026-04-25T09:47:20.764Z] ═══ Loop #2 ═══
[•] [2026-04-25T09:47:20.814Z] Bridging ETH | Amount: 0.0000001 | Token: 0x0000000000000000000000000000000000000000
[•] [2026-04-25T09:47:20.815Z] Jitter delay: 24713ms
[•] [2026-04-25T09:47:47.124Z] Calldata: 0xd6d344a1...0000000000174876e800
[•] [2026-04-25T09:47:47.331Z] Estimated gas: 131192
[•] [2026-04-25T09:47:47.333Z] Sending tx... nonce: 72
[✓] [2026-04-25T09:47:47.832Z] Tx sent: 0xf8d591034984ccd26af445dd59e57b4af594586e1474c8344bafabc7f0027341
[•] [2026-04-25T09:47:47.833Z] Waiting confirmation...
[✓] [2026-04-25T09:47:53.438Z] Confirmed! Block: 1306484 | Gas: 126272 | Status: SUCCESS
[•] [2026-04-25T09:47:53.440Z] Jitter delay: 27549ms
[•] [2026-04-25T09:48:21.018Z] Bridging USDT | Amount: 0.00001 | Token: 0xfcc025A3E170DF62de0e25AF7CeAf1C89aBfe6E9
[•] [2026-04-25T09:48:21.021Z] Jitter delay: 12055ms
[✓] [2026-04-25T09:48:33.793Z] USDT already approved: 115792089237316195423570985008687907853269984665640564039457584007913129.639935
[•] [2026-04-25T09:48:34.428Z] Calldata: 0xd6d344a1...0000000000000000000a
[•] [2026-04-25T09:48:34.648Z] Estimated gas: 171206
[•] [2026-04-25T09:48:34.650Z] Sending tx... nonce: 73
[✓] [2026-04-25T09:48:35.186Z] Tx sent: 0x71a58080d9ce8b3d8dfc0c0a1049303450a289a7be04647fa6c7aa9fab5620e2
[•] [2026-04-25T09:48:35.187Z] Waiting confirmation...
[✓] [2026-04-25T09:48:36.439Z] Confirmed! Block: 1306493 | Gas: 166286 | Status: SUCCESS
[•] [2026-04-25T09:48:36.440Z] Jitter delay: 29502ms
[•] [2026-04-25T09:49:05.968Z] Bridging USDC | Amount: 0.00001 | Token: 0xe819EB5be34B20f1FEC012c0DAf960397A0Fb386
[•] [2026-04-25T09:49:05.969Z] Jitter delay: 21247ms
[✓] [2026-04-25T09:49:27.965Z] USDC already approved: 115792089237316195423570985008687907853269984665640564039457584007913129.639935
[•] [2026-04-25T09:49:28.738Z] Calldata: 0xd6d344a1...0000000000000000000a
[•] [2026-04-25T09:49:28.994Z] Estimated gas: 171206
[•] [2026-04-25T09:49:28.994Z] Sending tx... nonce: 74
[✓] [2026-04-25T09:49:29.554Z] Tx sent: 0x8728266d142c6c3a6fca17e0757f5dec94e95232dd610580c3f233ea4e5a724a
[•] [2026-04-25T09:49:29.555Z] Waiting confirmation...
[✓] [2026-04-25T09:49:31.191Z] Confirmed! Block: 1306504 | Gas: 166286 | Status: SUCCESS
[•] [2026-04-25T09:49:31.192Z] Jitter delay: 25165ms
[•] [2026-04-25T09:49:56.382Z] Bridging DAI | Amount: 0.00001 | Token: 0xB96A869c74Be2eD561D95a77408505371F287d16
[•] [2026-04-25T09:49:56.386Z] Jitter delay: 6209ms
[✓] [2026-04-25T09:50:03.126Z] DAI already approved: 115792089237316195423570985008687907853269984665640564039457.584007913129639935
[•] [2026-04-25T09:50:03.742Z] Calldata: 0xd6d344a1...0000000009184e72a000
[•] [2026-04-25T09:50:03.937Z] Estimated gas: 171254
[•] [2026-04-25T09:50:03.937Z] Sending tx... nonce: 75
[✓] [2026-04-25T09:50:04.392Z] Tx sent: 0xd6ebae6c2bc420dec2ce35a5b77a2868a59b6ce888789cc11ea45af6e0da3619
[•] [2026-04-25T09:50:04.393Z] Waiting confirmation...
[✓] [2026-04-25T09:50:09.921Z] Confirmed! Block: 1306511 | Gas: 166334 | Status: SUCCESS
[✓] [2026-04-25T09:50:09.925Z] Loop #2 completed
[•] [2026-04-25T09:50:09.927Z] Waiting 384s till next loop...
[•] [2026-04-25T09:56:34.747Z] ═══ Loop #3 ═══
[•] [2026-04-25T09:56:34.862Z] Bridging ETH | Amount: 0.0000001 | Token: 0x0000000000000000000000000000000000000000
[•] [2026-04-25T09:56:34.865Z] Jitter delay: 11695ms
[•] [2026-04-25T09:56:48.987Z] Calldata: 0xd6d344a1...0000000000174876e800
[•] [2026-04-25T09:56:49.246Z] Estimated gas: 131192
[•] [2026-04-25T09:56:49.249Z] Sending tx... nonce: 76
[✓] [2026-04-25T09:56:49.869Z] Tx sent: 0x74a9492ae5257b27e040005453b84ed0303146d009f81faaa86c58d62d57ed7f
[•] [2026-04-25T09:56:49.870Z] Waiting confirmation...
[✓] [2026-04-25T09:56:51.108Z] Confirmed! Block: 1306592 | Gas: 126272 | Status: SUCCESS
[•] [2026-04-25T09:56:51.110Z] Jitter delay: 29752ms
[•] [2026-04-25T09:57:20.892Z] Bridging USDT | Amount: 0.00001 | Token: 0xfcc025A3E170DF62de0e25AF7CeAf1C89aBfe6E9
[•] [2026-04-25T09:57:20.895Z] Jitter delay: 9329ms
[✓] [2026-04-25T09:57:33.284Z] USDT already approved: 115792089237316195423570985008687907853269984665640564039457584007913129.639935
[•] [2026-04-25T09:57:33.929Z] Calldata: 0xd6d344a1...0000000000000000000a
[•] [2026-04-25T09:57:34.156Z] Estimated gas: 171206
[•] [2026-04-25T09:57:34.158Z] Sending tx... nonce: 77
[✓] [2026-04-25T09:57:34.700Z] Tx sent: 0x1dd51c73966ca61782e832b4bd3c7b30ab66a6319ba9a0a2d6ae5d81280a0d8f
[•] [2026-04-25T09:57:34.701Z] Waiting confirmation...
[✓] [2026-04-25T09:57:40.230Z] Confirmed! Block: 1306601 | Gas: 166286 | Status: SUCCESS
[•] [2026-04-25T09:57:40.232Z] Jitter delay: 25641ms
[•] [2026-04-25T09:58:05.876Z] Bridging USDC | Amount: 0.00001 | Token: 0xe819EB5be34B20f1FEC012c0DAf960397A0Fb386
[•] [2026-04-25T09:58:05.878Z] Jitter delay: 27149ms
[✓] [2026-04-25T09:58:38.633Z] USDC already approved: 115792089237316195423570985008687907853269984665640564039457584007913129.639935
[•] [2026-04-25T09:58:39.255Z] Calldata: 0xd6d344a1...0000000000000000000a
[•] [2026-04-25T09:58:39.461Z] Estimated gas: 171206
[•] [2026-04-25T09:58:39.465Z] Sending tx... nonce: 78
[✓] [2026-04-25T09:58:39.955Z] Tx sent: 0x754bfeee49d4557acab7a765b6ee653f1083573c2567d90322dd82a4ea7c5a53
[•] [2026-04-25T09:58:39.956Z] Waiting confirmation...
[✓] [2026-04-25T09:58:41.056Z] Confirmed! Block: 1306614 | Gas: 166286 | Status: SUCCESS
[•] [2026-04-25T09:58:41.058Z] Jitter delay: 26410ms
[•] [2026-04-25T09:59:07.492Z] Bridging DAI | Amount: 0.00001 | Token: 0xB96A869c74Be2eD561D95a77408505371F287d16
[•] [2026-04-25T09:59:07.496Z] Jitter delay: 7702ms
[✓] [2026-04-25T09:59:15.846Z] DAI already approved: 115792089237316195423570985008687907853269984665640564039457.584007913129639935
[•] [2026-04-25T09:59:16.508Z] Calldata: 0xd6d344a1...0000000009184e72a000
[•] [2026-04-25T09:59:16.718Z] Estimated gas: 171254
[•] [2026-04-25T09:59:16.720Z] Sending tx... nonce: 79
[✓] [2026-04-25T09:59:17.193Z] Tx sent: 0x8d13d52ecd5e0a93f9fcde68f55e77a2fb86cd0d43c1fb3e1365147122d89f4d
[•] [2026-04-25T09:59:17.194Z] Waiting confirmation...
[✓] [2026-04-25T09:59:22.915Z] Confirmed! Block: 1306622 | Gas: 166334 | Status: SUCCESS
[✓] [2026-04-25T09:59:22.921Z] Loop #3 completed
[•] [2026-04-25T09:59:22.922Z] Waiting 429s till next loop...
[•] [2026-04-25T10:06:32.699Z] ═══ Loop #4 ═══
[•] [2026-04-25T10:06:32.780Z] Bridging ETH | Amount: 0.0000001 | Token: 0x0000000000000000000000000000000000000000
[•] [2026-04-25T10:06:32.781Z] Jitter delay: 25282ms
[•] [2026-04-25T10:07:02.147Z] Calldata: 0xd6d344a1...0000000000174876e800
[•] [2026-04-25T10:07:02.349Z] Estimated gas: 131192
[•] [2026-04-25T10:07:02.350Z] Sending tx... nonce: 80
[✓] [2026-04-25T10:07:02.971Z] Tx sent: 0xe349bb991eb66c115f0f06fc5135ff0c5989134ad795bf9f3e8d0c2a823855ba
[•] [2026-04-25T10:07:02.971Z] Waiting confirmation...
[✓] [2026-04-25T10:07:09.039Z] Confirmed! Block: 1306715 | Gas: 126272 | Status: SUCCESS
[•] [2026-04-25T10:07:09.044Z] Jitter delay: 12771ms
[•] [2026-04-25T10:07:23.124Z] Bridging USDT | Amount: 0.00001 | Token: 0xfcc025A3E170DF62de0e25AF7CeAf1C89aBfe6E9
[•] [2026-04-25T10:07:23.126Z] Jitter delay: 25588ms
[✓] [2026-04-25T10:07:49.438Z] USDT already approved: 115792089237316195423570985008687907853269984665640564039457584007913129.639935
[•] [2026-04-25T10:07:50.143Z] Calldata: 0xd6d344a1...0000000000000000000a
[•] [2026-04-25T10:07:50.345Z] Estimated gas: 171206
[•] [2026-04-25T10:07:50.346Z] Sending tx... nonce: 81
[✓] [2026-04-25T10:07:50.848Z] Tx sent: 0xa9f416dd11537e8305388bbe80bcf6d331236343472ba0d9fb51242a12716e4c
[•] [2026-04-25T10:07:50.848Z] Waiting confirmation...
[✓] [2026-04-25T10:07:56.721Z] Confirmed! Block: 1306725 | Gas: 166286 | Status: SUCCESS
[•] [2026-04-25T10:07:56.725Z] Jitter delay: 5460ms
[•] [2026-04-25T10:08:02.189Z] Bridging USDC | Amount: 0.00001 | Token: 0xe819EB5be34B20f1FEC012c0DAf960397A0Fb386
[•] [2026-04-25T10:08:02.191Z] Jitter delay: 27168ms
[✓] [2026-04-25T10:08:30.006Z] USDC already approved: 115792089237316195423570985008687907853269984665640564039457584007913129.639935
[•] [2026-04-25T10:08:30.738Z] Calldata: 0xd6d344a1...0000000000000000000a
[•] [2026-04-25T10:08:30.957Z] Estimated gas: 171206
[•] [2026-04-25T10:08:30.961Z] Sending tx... nonce: 82
[✓] [2026-04-25T10:08:31.492Z] Tx sent: 0x084ad091b7beaee3130123280e5f6a24adddbccd294e128254d3c429d2eda6f2
[•] [2026-04-25T10:08:31.492Z] Waiting confirmation...
[✓] [2026-04-25T10:08:36.994Z] Confirmed! Block: 1306733 | Gas: 166286 | Status: SUCCESS
[•] [2026-04-25T10:08:36.997Z] Jitter delay: 18083ms
[•] [2026-04-25T10:08:58.494Z] Bridging DAI | Amount: 0.00001 | Token: 0xB96A869c74Be2eD561D95a77408505371F287d16
[•] [2026-04-25T10:08:58.496Z] Jitter delay: 21104ms
[✓] [2026-04-25T10:09:20.389Z] DAI already approved: 115792089237316195423570985008687907853269984665640564039457.584007913129639935
[•] [2026-04-25T10:09:21.163Z] Calldata: 0xd6d344a1...0000000009184e72a000
[•] [2026-04-25T10:09:21.428Z] Estimated gas: 171254
[•] [2026-04-25T10:09:21.430Z] Sending tx... nonce: 83
[✓] [2026-04-25T10:09:22.030Z] Tx sent: 0xd420fc26e0d72d909acb79c696e625ea8c7a4b7e53304ba1da42081dcf4f2fb3
[•] [2026-04-25T10:09:22.030Z] Waiting confirmation...
[✓] [2026-04-25T10:09:27.831Z] Confirmed! Block: 1306743 | Gas: 166334 | Status: SUCCESS
[✓] [2026-04-25T10:09:27.835Z] Loop #4 completed
[•] [2026-04-25T10:09:27.848Z] Waiting 353s till next loop...
[•] [2026-04-25T10:15:21.430Z] ═══ Loop #5 ═══
[•] [2026-04-25T10:15:21.459Z] Bridging ETH | Amount: 0.0000001 | Token: 0x0000000000000000000000000000000000000000
[•] [2026-04-25T10:15:21.460Z] Jitter delay: 29559ms
[•] [2026-04-25T10:15:52.836Z] Calldata: 0xd6d344a1...0000000000174876e800
[•] [2026-04-25T10:15:53.037Z] Estimated gas: 131192
[•] [2026-04-25T10:15:53.038Z] Sending tx... nonce: 84
[✓] [2026-04-25T10:15:53.667Z] Tx sent: 0xf6fb82ed1cf9730c471c3a02b86e37017ad92322eb4077d90047542a0d9257a8
[•] [2026-04-25T10:15:53.668Z] Waiting confirmation...
[✓] [2026-04-25T10:15:59.081Z] Confirmed! Block: 1306821 | Gas: 126272 | Status: SUCCESS
[•] [2026-04-25T10:15:59.085Z] Jitter delay: 10644ms
[•] [2026-04-25T10:16:09.738Z] Bridging USDT | Amount: 0.00001 | Token: 0xfcc025A3E170DF62de0e25AF7CeAf1C89aBfe6E9
[•] [2026-04-25T10:16:09.742Z] Jitter delay: 20883ms
[✓] [2026-04-25T10:16:31.509Z] USDT already approved: 115792089237316195423570985008687907853269984665640564039457584007913129.639935
[•] [2026-04-25T10:16:32.323Z] Calldata: 0xd6d344a1...0000000000000000000a
[•] [2026-04-25T10:16:32.637Z] Estimated gas: 171206
[•] [2026-04-25T10:16:32.639Z] Sending tx... nonce: 85
[✓] [2026-04-25T10:16:33.249Z] Tx sent: 0x9a980ec2d82ad9d70f6b22bd5534b662753f50dab0878ff4b0ffb2e811e9043c
[•] [2026-04-25T10:16:33.250Z] Waiting confirmation...
[✓] [2026-04-25T10:16:39.224Z] Confirmed! Block: 1306829 | Gas: 166286 | Status: SUCCESS
[•] [2026-04-25T10:16:39.229Z] Jitter delay: 14339ms
[•] [2026-04-25T10:16:53.578Z] Bridging USDC | Amount: 0.00001 | Token: 0xe819EB5be34B20f1FEC012c0DAf960397A0Fb386
[•] [2026-04-25T10:16:53.579Z] Jitter delay: 6273ms
[✓] [2026-04-25T10:17:00.564Z] USDC already approved: 115792089237316195423570985008687907853269984665640564039457584007913129.639935
[•] [2026-04-25T10:17:01.212Z] Calldata: 0xd6d344a1...0000000000000000000a
[•] [2026-04-25T10:17:01.430Z] Estimated gas: 171206
[•] [2026-04-25T10:17:01.430Z] Sending tx... nonce: 86
[✓] [2026-04-25T10:17:01.920Z] Tx sent: 0x5f7df00b18d684f618e01abc0fbcab07c711983ff9624ea60d782505d4db3428
[•] [2026-04-25T10:17:01.921Z] Waiting confirmation...
[✓] [2026-04-25T10:17:07.404Z] Confirmed! Block: 1306835 | Gas: 166286 | Status: SUCCESS
[•] [2026-04-25T10:17:07.407Z] Jitter delay: 17432ms
[•] [2026-04-25T10:17:24.847Z] Bridging DAI | Amount: 0.00001 | Token: 0xB96A869c74Be2eD561D95a77408505371F287d16
[•] [2026-04-25T10:17:24.848Z] Jitter delay: 15578ms
[✓] [2026-04-25T10:17:41.024Z] DAI already approved: 115792089237316195423570985008687907853269984665640564039457.584007913129639935
[•] [2026-04-25T10:17:41.738Z] Calldata: 0xd6d344a1...0000000009184e72a000
[•] [2026-04-25T10:17:41.996Z] Estimated gas: 171254
[•] [2026-04-25T10:17:41.997Z] Sending tx... nonce: 87
[✓] [2026-04-25T10:17:42.550Z] Tx sent: 0xce26a18aaedfca15f32c9ea19177db8455f5097b3b21cb8686fa6c03a44dfde9
[•] [2026-04-25T10:17:42.550Z] Waiting confirmation...
[✓] [2026-04-25T10:17:48.317Z] Confirmed! Block: 1306843 | Gas: 166334 | Status: SUCCESS
[✓] [2026-04-25T10:17:48.323Z] Loop #5 completed
[•] [2026-04-25T10:17:48.324Z] Waiting 399s till next loop...
[•] [2026-04-25T10:21:31.229Z] ═══ Teqoin Auto Bridge Bot v4 Started ═══
[•] [2026-04-25T10:21:31.286Z] Mode: WRAP | Assets: ETH, USDT, USDC, DAI | Loop: true
[✓] [2026-04-25T10:21:34.970Z] TOR connected | Exit IP: 203.55.81.2
[✓] [2026-04-25T10:21:35.129Z] Wallet: 0xc176D56CCF99857A76d377Bacf21cF70107783e7
[•] [2026-04-25T10:21:35.130Z] ═══ Loop #1 ═══
[•] [2026-04-25T10:21:35.133Z] Bridging ETH | Amount: 0.0000001 | Token: 0x0000000000000000000000000000000000000000
[•] [2026-04-25T10:21:35.134Z] Jitter delay: 5483ms
[•] [2026-04-25T10:21:42.967Z] Calldata: 0xd6d344a1...0000000000174876e800
[•] [2026-04-25T10:21:43.204Z] Estimated gas: 131192
[•] [2026-04-25T10:21:43.205Z] Sending tx... nonce: 88
[✓] [2026-04-25T10:21:43.764Z] Tx sent: 0xf4fdda0ab7e246edd97c166c40f496cd433f4dc37858d4a6855f3f6842590750
[•] [2026-04-25T10:21:43.765Z] Waiting confirmation...
[✓] [2026-04-25T10:21:49.498Z] Confirmed! Block: 1306891 | Gas: 126272 | Status: SUCCESS
[•] [2026-04-25T10:21:49.501Z] Jitter delay: 6261ms
[•] [2026-04-25T10:21:55.765Z] Bridging USDT | Amount: 0.00001 | Token: 0xfcc025A3E170DF62de0e25AF7CeAf1C89aBfe6E9
[•] [2026-04-25T10:21:55.767Z] Jitter delay: 5939ms
[✓] [2026-04-25T10:22:02.440Z] USDT already approved: 115792089237316195423570985008687907853269984665640564039457584007913129.639935
[•] [2026-04-25T10:22:03.111Z] Calldata: 0xd6d344a1...0000000000000000000a
[•] [2026-04-25T10:22:03.327Z] Estimated gas: 171206
[•] [2026-04-25T10:22:03.329Z] Sending tx... nonce: 89
[✓] [2026-04-25T10:22:03.834Z] Tx sent: 0x5b3593c9cf591090e4d720f77a841e90212fbf49417a83711192d19fc856f4a9
[•] [2026-04-25T10:22:03.835Z] Waiting confirmation...
[✓] [2026-04-25T10:22:09.504Z] Confirmed! Block: 1306895 | Gas: 166286 | Status: SUCCESS
[•] [2026-04-25T10:22:09.509Z] Jitter delay: 6793ms
[•] [2026-04-25T10:22:16.309Z] Bridging USDC | Amount: 0.00001 | Token: 0xe819EB5be34B20f1FEC012c0DAf960397A0Fb386
[•] [2026-04-25T10:22:16.310Z] Jitter delay: 5646ms
[✓] [2026-04-25T10:22:22.734Z] USDC already approved: 115792089237316195423570985008687907853269984665640564039457584007913129.639935
[•] [2026-04-25T10:22:23.481Z] Calldata: 0xd6d344a1...0000000000000000000a
[•] [2026-04-25T10:22:23.720Z] Estimated gas: 171206
[•] [2026-04-25T10:22:23.722Z] Sending tx... nonce: 90
[✓] [2026-04-25T10:22:24.295Z] Tx sent: 0x267fda0bc879f35e12fe85391bf1b0a96ba459b4165d00b3fa457c6dd6709edd
[•] [2026-04-25T10:22:24.296Z] Waiting confirmation...
[✓] [2026-04-25T10:22:30.077Z] Confirmed! Block: 1306899 | Gas: 166286 | Status: SUCCESS
[•] [2026-04-25T10:22:30.083Z] Jitter delay: 7741ms
[•] [2026-04-25T10:22:37.831Z] Bridging DAI | Amount: 0.00001 | Token: 0xB96A869c74Be2eD561D95a77408505371F287d16
[•] [2026-04-25T10:22:37.833Z] Jitter delay: 5993ms
[✓] [2026-04-25T10:22:44.500Z] DAI already approved: 115792089237316195423570985008687907853269984665640564039457.584007913129639935
[•] [2026-04-25T10:22:45.166Z] Calldata: 0xd6d344a1...0000000009184e72a000
[•] [2026-04-25T10:22:45.369Z] Estimated gas: 171254
[•] [2026-04-25T10:22:45.371Z] Sending tx... nonce: 91
[✓] [2026-04-25T10:22:45.894Z] Tx sent: 0x829bea19b5b40d4227d3929f8a1e98cdeb254059cf55aaca6ca9a372b58b2195
[•] [2026-04-25T10:22:45.895Z] Waiting confirmation...
[✓] [2026-04-25T10:22:51.768Z] Confirmed! Block: 1306904 | Gas: 166334 | Status: SUCCESS
[✓] [2026-04-25T10:22:51.773Z] Loop #1 completed
[•] [2026-04-25T10:22:51.774Z] Waiting 45s till next loop...
[•] [2026-04-25T10:23:37.381Z] ═══ Loop #2 ═══
[•] [2026-04-25T10:23:37.385Z] Bridging ETH | Amount: 0.0000001 | Token: 0x0000000000000000000000000000000000000000
[•] [2026-04-25T10:23:37.388Z] Jitter delay: 7756ms
[•] [2026-04-25T10:23:46.507Z] Calldata: 0xd6d344a1...0000000000174876e800
[•] [2026-04-25T10:23:46.725Z] Estimated gas: 131192
[•] [2026-04-25T10:23:46.727Z] Sending tx... nonce: 92
[✓] [2026-04-25T10:23:47.242Z] Tx sent: 0x3e9cfcfad33ed188aea846a595c01ddae777d468e450dc25abb1111a66fa1061
[•] [2026-04-25T10:23:47.244Z] Waiting confirmation...
[✓] [2026-04-25T10:23:52.817Z] Confirmed! Block: 1306916 | Gas: 126272 | Status: SUCCESS
[•] [2026-04-25T10:23:52.823Z] Jitter delay: 7317ms
[•] [2026-04-25T10:24:00.146Z] Bridging USDT | Amount: 0.00001 | Token: 0xfcc025A3E170DF62de0e25AF7CeAf1C89aBfe6E9
[•] [2026-04-25T10:24:00.147Z] Jitter delay: 6636ms
[✓] [2026-04-25T10:24:07.404Z] USDT already approved: 115792089237316195423570985008687907853269984665640564039457584007913129.639935
[•] [2026-04-25T10:24:08.060Z] Calldata: 0xd6d344a1...0000000000000000000a
[•] [2026-04-25T10:24:08.262Z] Estimated gas: 171206
[•] [2026-04-25T10:24:08.264Z] Sending tx... nonce: 93
[✓] [2026-04-25T10:24:08.772Z] Tx sent: 0xa1bb6e3816c62dda91d136effe6210578c4db689e1c3ce9328977e7353915f16
[•] [2026-04-25T10:24:08.773Z] Waiting confirmation...
[✓] [2026-04-25T10:24:14.327Z] Confirmed! Block: 1306920 | Gas: 166286 | Status: SUCCESS
[•] [2026-04-25T10:24:14.331Z] Jitter delay: 7912ms
[•] [2026-04-25T10:24:22.247Z] Bridging USDC | Amount: 0.00001 | Token: 0xe819EB5be34B20f1FEC012c0DAf960397A0Fb386
[•] [2026-04-25T10:24:22.249Z] Jitter delay: 7103ms
[✓] [2026-04-25T10:24:30.010Z] USDC already approved: 115792089237316195423570985008687907853269984665640564039457584007913129.639935
[•] [2026-04-25T10:24:30.703Z] Calldata: 0xd6d344a1...0000000000000000000a
[•] [2026-04-25T10:24:30.910Z] Estimated gas: 171206
[•] [2026-04-25T10:24:30.912Z] Sending tx... nonce: 94
[✓] [2026-04-25T10:24:31.412Z] Tx sent: 0xdcb93f204fe66104509008f2eb30899337451f91eae351b19dd4c1d2930a3b8a
[•] [2026-04-25T10:24:31.412Z] Waiting confirmation...
[✓] [2026-04-25T10:24:37.051Z] Confirmed! Block: 1306925 | Gas: 166286 | Status: SUCCESS
[•] [2026-04-25T10:24:37.056Z] Jitter delay: 5738ms
[•] [2026-04-25T10:24:42.799Z] Bridging DAI | Amount: 0.00001 | Token: 0xB96A869c74Be2eD561D95a77408505371F287d16
[•] [2026-04-25T10:24:42.801Z] Jitter delay: 7590ms
[✓] [2026-04-25T10:24:50.968Z] DAI already approved: 115792089237316195423570985008687907853269984665640564039457.584007913129639935
[•] [2026-04-25T10:24:51.620Z] Calldata: 0xd6d344a1...0000000009184e72a000
[•] [2026-04-25T10:24:51.845Z] Estimated gas: 171254
[•] [2026-04-25T10:24:51.847Z] Sending tx... nonce: 95
[✓] [2026-04-25T10:24:52.372Z] Tx sent: 0x68dbe39dccb36ec98863aca3b5716cd8f7a18f1946d02b2ac20aad0d71b16310
[•] [2026-04-25T10:24:52.373Z] Waiting confirmation...
[✓] [2026-04-25T10:24:58.007Z] Confirmed! Block: 1306929 | Gas: 166334 | Status: SUCCESS
[✓] [2026-04-25T10:24:58.011Z] Loop #2 completed
[•] [2026-04-25T10:24:58.013Z] Waiting 52s till next loop...
[•] [2026-04-25T10:27:34.177Z] ═══ Teqoin Auto Bridge Bot v4 Started ═══
[•] [2026-04-25T10:27:34.242Z] Mode: WRAP | Assets: ETH, USDT, USDC, DAI | Loop: true
[✓] [2026-04-25T10:27:35.841Z] TOR connected | Exit IP: 45.84.107.55
[✓] [2026-04-25T10:27:35.998Z] Wallet: 0xc176D56CCF99857A76d377Bacf21cF70107783e7
[•] [2026-04-25T10:27:35.999Z] ═══ Loop #1 ═══
[•] [2026-04-25T10:27:36.002Z] Bridging ETH | Amount: 0.0000001 | Token: 0x0000000000000000000000000000000000000000
[•] [2026-04-25T10:27:36.003Z] Jitter delay: 22003ms
[•] [2026-04-25T10:27:59.553Z] Calldata: 0xd6d344a1...0000000000174876e800
[•] [2026-04-25T10:27:59.759Z] Estimated gas: 131192
[•] [2026-04-25T10:27:59.760Z] Sending tx... nonce: 96
[✓] [2026-04-25T10:28:00.276Z] Tx sent: 0xe06c6ffcf03cc1424eceeec60b3aca72d3d0a6497204dd43c33ffe8ae6553b76
[•] [2026-04-25T10:28:00.277Z] Waiting confirmation...
[✓] [2026-04-25T10:28:01.400Z] Confirmed! Block: 1306966 | Gas: 126272 | Status: SUCCESS
[•] [2026-04-25T10:28:01.401Z] Jitter delay: 19250ms
[•] [2026-04-25T10:28:20.660Z] Bridging USDT | Amount: 0.00001 | Token: 0xfcc025A3E170DF62de0e25AF7CeAf1C89aBfe6E9
[•] [2026-04-25T10:28:20.662Z] Jitter delay: 26842ms
[✓] [2026-04-25T10:28:48.171Z] USDT already approved: 115792089237316195423570985008687907853269984665640564039457584007913129.639935
[•] [2026-04-25T10:28:48.899Z] Calldata: 0xd6d344a1...0000000000000000000a
[•] [2026-04-25T10:28:49.123Z] Estimated gas: 171206
[•] [2026-04-25T10:28:49.124Z] Sending tx... nonce: 97
[✓] [2026-04-25T10:28:49.655Z] Tx sent: 0x7d8accad53d0388964aab4adbebe2d102c9e39fc9c83b1d1c545123e345523e7
[•] [2026-04-25T10:28:49.656Z] Waiting confirmation...
[✓] [2026-04-25T10:28:55.213Z] Confirmed! Block: 1306976 | Gas: 166286 | Status: SUCCESS
[•] [2026-04-25T10:28:55.218Z] Jitter delay: 8415ms
[•] [2026-04-25T10:29:03.640Z] Bridging USDC | Amount: 0.00001 | Token: 0xe819EB5be34B20f1FEC012c0DAf960397A0Fb386
[•] [2026-04-25T10:29:03.641Z] Jitter delay: 7425ms
[✓] [2026-04-25T10:29:11.806Z] USDC already approved: 115792089237316195423570985008687907853269984665640564039457584007913129.639935
[•] [2026-04-25T10:29:12.541Z] Calldata: 0xd6d344a1...0000000000000000000a
[•] [2026-04-25T10:29:12.790Z] Estimated gas: 171206
[•] [2026-04-25T10:29:12.791Z] Sending tx... nonce: 98
[✓] [2026-04-25T10:29:13.597Z] Tx sent: 0x7a46d2ff03668123fdae3d08aae1c65086d684e9ba5d0388a0ff196367c31222
[•] [2026-04-25T10:29:13.598Z] Waiting confirmation...
[✓] [2026-04-25T10:29:19.148Z] Confirmed! Block: 1306981 | Gas: 166286 | Status: SUCCESS
[•] [2026-04-25T10:29:19.149Z] Jitter delay: 18942ms
[•] [2026-04-25T10:29:38.099Z] Bridging DAI | Amount: 0.00001 | Token: 0xB96A869c74Be2eD561D95a77408505371F287d16
[•] [2026-04-25T10:29:38.100Z] Jitter delay: 10310ms
[✓] [2026-04-25T10:29:49.160Z] DAI already approved: 115792089237316195423570985008687907853269984665640564039457.584007913129639935
[•] [2026-04-25T10:29:49.923Z] Calldata: 0xd6d344a1...0000000009184e72a000
[•] [2026-04-25T10:29:50.187Z] Estimated gas: 171254
[•] [2026-04-25T10:29:50.188Z] Sending tx... nonce: 99
[✓] [2026-04-25T10:29:50.764Z] Tx sent: 0x541ae840e7dc4dda7d1f9d3e3b5d57960c91c4da4194ae4c7af93bbd8acf7f58
[•] [2026-04-25T10:29:50.765Z] Waiting confirmation...
[✓] [2026-04-25T10:29:56.692Z] Confirmed! Block: 1306989 | Gas: 166334 | Status: SUCCESS
[✓] [2026-04-25T10:29:56.695Z] Loop #1 completed
[•] [2026-04-25T10:29:56.696Z] Waiting 594s till next loop...
[•] [2026-04-25T10:39:51.676Z] ═══ Loop #2 ═══
[•] [2026-04-25T10:39:51.815Z] Bridging ETH | Amount: 0.0000001 | Token: 0x0000000000000000000000000000000000000000
[•] [2026-04-25T10:39:51.820Z] Jitter delay: 29988ms
[•] [2026-04-25T10:40:24.391Z] Calldata: 0xd6d344a1...0000000000174876e800
[•] [2026-04-25T10:40:24.644Z] Estimated gas: 131192
[•] [2026-04-25T10:40:24.647Z] Sending tx... nonce: 100
[✓] [2026-04-25T10:40:25.217Z] Tx sent: 0x6523eb3a9dd9f55d1a461eb1d55f4dda4faecd2f8b694369209b35d19c9cb8b5
[•] [2026-04-25T10:40:25.218Z] Waiting confirmation...
[✓] [2026-04-25T10:40:26.376Z] Confirmed! Block: 1307115 | Gas: 126272 | Status: SUCCESS
[•] [2026-04-25T10:40:26.378Z] Jitter delay: 15391ms
[•] [2026-04-25T10:40:41.779Z] Bridging USDT | Amount: 0.00001 | Token: 0xfcc025A3E170DF62de0e25AF7CeAf1C89aBfe6E9
[•] [2026-04-25T10:40:41.780Z] Jitter delay: 25818ms
[✓] [2026-04-25T10:41:08.253Z] USDT already approved: 115792089237316195423570985008687907853269984665640564039457584007913129.639935
[•] [2026-04-25T10:41:08.897Z] Calldata: 0xd6d344a1...0000000000000000000a
[•] [2026-04-25T10:41:09.124Z] Estimated gas: 171206
[•] [2026-04-25T10:41:09.126Z] Sending tx... nonce: 101
[✓] [2026-04-25T10:41:09.593Z] Tx sent: 0xd4249d83cb142e16e5f835d9d0a36a2a515eda982d1f82e3e8a20da767b0911d
[•] [2026-04-25T10:41:09.594Z] Waiting confirmation...
[✓] [2026-04-25T10:41:15.079Z] Confirmed! Block: 1307124 | Gas: 166286 | Status: SUCCESS
[•] [2026-04-25T10:41:15.082Z] Jitter delay: 29584ms
[•] [2026-04-25T10:41:44.695Z] Bridging USDC | Amount: 0.00001 | Token: 0xe819EB5be34B20f1FEC012c0DAf960397A0Fb386
[•] [2026-04-25T10:41:44.696Z] Jitter delay: 9869ms
[✓] [2026-04-25T10:41:55.369Z] USDC already approved: 115792089237316195423570985008687907853269984665640564039457584007913129.639935
[•] [2026-04-25T10:41:56.189Z] Calldata: 0xd6d344a1...0000000000000000000a
[•] [2026-04-25T10:41:56.453Z] Estimated gas: 171206
[•] [2026-04-25T10:41:56.455Z] Sending tx... nonce: 102
[✓] [2026-04-25T10:41:57.054Z] Tx sent: 0x966abf425028b24a4a7d0a4c1b8182504505c5fdc8c19dddeb865d58d8de96b0
[•] [2026-04-25T10:41:57.055Z] Waiting confirmation...
[✓] [2026-04-25T10:42:02.920Z] Confirmed! Block: 1307134 | Gas: 166286 | Status: SUCCESS
[•] [2026-04-25T10:42:02.923Z] Jitter delay: 11625ms
[•] [2026-04-25T10:42:14.557Z] Bridging DAI | Amount: 0.00001 | Token: 0xB96A869c74Be2eD561D95a77408505371F287d16
[•] [2026-04-25T10:42:14.558Z] Jitter delay: 28907ms
[✓] [2026-04-25T10:42:44.897Z] DAI already approved: 115792089237316195423570985008687907853269984665640564039457.584007913129639935
[•] [2026-04-25T10:42:45.624Z] Calldata: 0xd6d344a1...0000000009184e72a000
[•] [2026-04-25T10:42:45.871Z] Estimated gas: 171254
[•] [2026-04-25T10:42:45.872Z] Sending tx... nonce: 103
[✓] [2026-04-25T10:42:46.433Z] Tx sent: 0xe78767be59232753e2e7c5c8dd8fdcdd6c99b7b52f27550665f8863a9c875052
[•] [2026-04-25T10:42:46.433Z] Waiting confirmation...
[✓] [2026-04-25T10:42:53.285Z] Confirmed! Block: 1307144 | Gas: 166334 | Status: SUCCESS
[✓] [2026-04-25T10:42:53.286Z] Loop #2 completed
[•] [2026-04-25T10:42:53.287Z] Waiting 575s till next loop...
[•] [2026-04-25T10:52:28.935Z] ═══ Loop #3 ═══
[•] [2026-04-25T10:52:29.002Z] Bridging ETH | Amount: 0.0000001 | Token: 0x0000000000000000000000000000000000000000
[•] [2026-04-25T10:52:29.003Z] Jitter delay: 28268ms
[•] [2026-04-25T10:52:59.647Z] Calldata: 0xd6d344a1...0000000000174876e800
[•] [2026-04-25T10:52:59.878Z] Estimated gas: 131192
[•] [2026-04-25T10:52:59.880Z] Sending tx... nonce: 104
[✓] [2026-04-25T10:53:00.486Z] Tx sent: 0x00b53cf0833dd8ba62832f6dac5892038bdbb174c25d85433e0adafcccab9c7c
[•] [2026-04-25T10:53:00.487Z] Waiting confirmation...
[✓] [2026-04-25T10:53:01.397Z] Confirmed! Block: 1307266 | Gas: 126272 | Status: SUCCESS
[•] [2026-04-25T10:53:01.399Z] Jitter delay: 27693ms
[•] [2026-04-25T10:53:29.118Z] Bridging USDT | Amount: 0.00001 | Token: 0xfcc025A3E170DF62de0e25AF7CeAf1C89aBfe6E9
[•] [2026-04-25T10:53:29.120Z] Jitter delay: 20085ms
[✓] [2026-04-25T10:53:50.037Z] USDT already approved: 115792089237316195423570985008687907853269984665640564039457584007913129.639935
[•] [2026-04-25T10:53:50.829Z] Calldata: 0xd6d344a1...0000000000000000000a
[•] [2026-04-25T10:53:51.122Z] Estimated gas: 171206
[•] [2026-04-25T10:53:51.123Z] Sending tx... nonce: 105
[✓] [2026-04-25T10:53:51.724Z] Tx sent: 0x9f1c6299f7155851dbf0ce75f3ab6c06829a851925f07f3f159a2575888f93b0
[•] [2026-04-25T10:53:51.725Z] Waiting confirmation...
[✓] [2026-04-25T10:53:57.669Z] Confirmed! Block: 1307277 | Gas: 166286 | Status: SUCCESS
[•] [2026-04-25T10:53:57.673Z] Jitter delay: 10166ms
[•] [2026-04-25T10:54:07.848Z] Bridging USDC | Amount: 0.00001 | Token: 0xe819EB5be34B20f1FEC012c0DAf960397A0Fb386
[•] [2026-04-25T10:54:07.849Z] Jitter delay: 13356ms
[✓] [2026-04-25T10:54:21.854Z] USDC already approved: 115792089237316195423570985008687907853269984665640564039457584007913129.639935
[•] [2026-04-25T10:54:22.442Z] Calldata: 0xd6d344a1...0000000000000000000a
[•] [2026-04-25T10:54:22.640Z] Estimated gas: 171206
[•] [2026-04-25T10:54:22.641Z] Sending tx... nonce: 106
[✓] [2026-04-25T10:54:23.084Z] Tx sent: 0x982f19f1dc75742911a9c41b6cd37bbf0d7572aaaf9426f0aca8e9d3167cd666
[•] [2026-04-25T10:54:23.085Z] Waiting confirmation...
[✓] [2026-04-25T10:54:28.643Z] Confirmed! Block: 1307283 | Gas: 166286 | Status: SUCCESS
[•] [2026-04-25T10:54:28.648Z] Jitter delay: 5706ms
[•] [2026-04-25T10:54:34.357Z] Bridging DAI | Amount: 0.00001 | Token: 0xB96A869c74Be2eD561D95a77408505371F287d16
[•] [2026-04-25T10:54:34.359Z] Jitter delay: 7755ms
[✓] [2026-04-25T10:54:42.903Z] DAI already approved: 115792089237316195423570985008687907853269984665640564039457.584007913129639935
[•] [2026-04-25T10:54:43.694Z] Calldata: 0xd6d344a1...0000000009184e72a000
[•] [2026-04-25T10:54:43.950Z] Estimated gas: 171254
[•] [2026-04-25T10:54:43.951Z] Sending tx... nonce: 107
[✓] [2026-04-25T10:54:44.527Z] Tx sent: 0x0c76a60c56b94f2f8fd809db388d1cab8e5ed21c22a87dfcff29b25d83b2aca1
[•] [2026-04-25T10:54:44.528Z] Waiting confirmation...
[✓] [2026-04-25T10:54:50.366Z] Confirmed! Block: 1307287 | Gas: 166334 | Status: SUCCESS
[✓] [2026-04-25T10:54:50.369Z] Loop #3 completed
[•] [2026-04-25T10:54:50.370Z] Waiting 546s till next loop...
[•] [2026-04-25T11:03:57.211Z] ═══ Loop #4 ═══
[•] [2026-04-25T11:03:57.214Z] Bridging ETH | Amount: 0.0000001 | Token: 0x0000000000000000000000000000000000000000
[•] [2026-04-25T11:03:57.215Z] Jitter delay: 27395ms
[•] [2026-04-25T11:04:26.631Z] Calldata: 0xd6d344a1...0000000000174876e800
[•] [2026-04-25T11:04:26.852Z] Estimated gas: 131192
[•] [2026-04-25T11:04:26.853Z] Sending tx... nonce: 108
[✓] [2026-04-25T11:04:27.572Z] Tx sent: 0x5bdc45d832b34d7d1b5dfb35f42f3ea906ffb0537addb8fe53ee225844630f68
[•] [2026-04-25T11:04:27.573Z] Waiting confirmation...
[✓] [2026-04-25T11:04:33.123Z] Confirmed! Block: 1307404 | Gas: 126272 | Status: SUCCESS
[•] [2026-04-25T11:04:33.127Z] Jitter delay: 17820ms
[•] [2026-04-25T11:04:50.959Z] Bridging USDT | Amount: 0.00001 | Token: 0xfcc025A3E170DF62de0e25AF7CeAf1C89aBfe6E9
[•] [2026-04-25T11:04:50.960Z] Jitter delay: 22222ms
[✓] [2026-04-25T11:05:13.846Z] USDT already approved: 115792089237316195423570985008687907853269984665640564039457584007913129.639935
[•] [2026-04-25T11:05:14.494Z] Calldata: 0xd6d344a1...0000000000000000000a
[•] [2026-04-25T11:05:14.707Z] Estimated gas: 171206
[•] [2026-04-25T11:05:14.708Z] Sending tx... nonce: 109
[✓] [2026-04-25T11:05:15.190Z] Tx sent: 0xb28bd55471d3dc96b2200cb0ffc1800755012948755db262b91e0880d61eec77
[•] [2026-04-25T11:05:15.190Z] Waiting confirmation...
[✓] [2026-04-25T11:05:16.264Z] Confirmed! Block: 1307413 | Gas: 166286 | Status: SUCCESS
[•] [2026-04-25T11:05:16.266Z] Jitter delay: 12410ms
[•] [2026-04-25T11:05:28.687Z] Bridging USDC | Amount: 0.00001 | Token: 0xe819EB5be34B20f1FEC012c0DAf960397A0Fb386
[•] [2026-04-25T11:05:28.688Z] Jitter delay: 7580ms
[✓] [2026-04-25T11:05:36.975Z] USDC already approved: 115792089237316195423570985008687907853269984665640564039457584007913129.639935
[•] [2026-04-25T11:05:37.678Z] Calldata: 0xd6d344a1...0000000000000000000a
[•] [2026-04-25T11:05:37.901Z] Estimated gas: 171206
[•] [2026-04-25T11:05:37.902Z] Sending tx... nonce: 110
[✓] [2026-04-25T11:05:38.436Z] Tx sent: 0x71eb44a34a0e26663c047ad611f0445ed6d147a6c5257787e35e81765ebfe7ce
[•] [2026-04-25T11:05:38.437Z] Waiting confirmation...
[✓] [2026-04-25T11:05:44.140Z] Confirmed! Block: 1307418 | Gas: 166286 | Status: SUCCESS
[•] [2026-04-25T11:05:44.143Z] Jitter delay: 18281ms
[•] [2026-04-25T11:06:02.440Z] Bridging DAI | Amount: 0.00001 | Token: 0xB96A869c74Be2eD561D95a77408505371F287d16
[•] [2026-04-25T11:06:02.442Z] Jitter delay: 15430ms
[✓] [2026-04-25T11:06:18.575Z] DAI already approved: 115792089237316195423570985008687907853269984665640564039457.584007913129639935
[•] [2026-04-25T11:06:19.320Z] Calldata: 0xd6d344a1...0000000009184e72a000
[•] [2026-04-25T11:06:19.529Z] Estimated gas: 171254
[•] [2026-04-25T11:06:19.530Z] Sending tx... nonce: 111
[✓] [2026-04-25T11:06:20.065Z] Tx sent: 0x253a5ef5aadde17f7f9f0af8592724147ad624958c479932a02bb70e574d0679
[•] [2026-04-25T11:06:20.067Z] Waiting confirmation...
[✓] [2026-04-25T11:06:21.268Z] Confirmed! Block: 1307426 | Gas: 166334 | Status: SUCCESS
[✓] [2026-04-25T11:06:21.268Z] Loop #4 completed
[•] [2026-04-25T11:06:21.269Z] Waiting 379s till next loop...
[•] [2026-04-25T11:12:41.263Z] ═══ Loop #5 ═══
[•] [2026-04-25T11:12:41.267Z] Bridging ETH | Amount: 0.0000001 | Token: 0x0000000000000000000000000000000000000000
[•] [2026-04-25T11:12:41.268Z] Jitter delay: 7813ms
[•] [2026-04-25T11:12:51.289Z] Calldata: 0xd6d344a1...0000000000174876e800
[•] [2026-04-25T11:12:51.520Z] Estimated gas: 131192
[•] [2026-04-25T11:12:51.521Z] Sending tx... nonce: 112
[✓] [2026-04-25T11:12:52.048Z] Tx sent: 0x227a4bd20b160ee8d558d639d9f8043ee0509886e432a76a761d2edee3674c47
[•] [2026-04-25T11:12:52.049Z] Waiting confirmation...
[✓] [2026-04-25T11:12:57.538Z] Confirmed! Block: 1307505 | Gas: 126272 | Status: SUCCESS
[•] [2026-04-25T11:12:57.542Z] Jitter delay: 15309ms
[•] [2026-04-25T11:13:12.864Z] Bridging USDT | Amount: 0.00001 | Token: 0xfcc025A3E170DF62de0e25AF7CeAf1C89aBfe6E9
[•] [2026-04-25T11:13:12.866Z] Jitter delay: 27375ms
[✓] [2026-04-25T11:13:40.972Z] USDT already approved: 115792089237316195423570985008687907853269984665640564039457584007913129.639935
[•] [2026-04-25T11:13:41.671Z] Calldata: 0xd6d344a1...0000000000000000000a
[•] [2026-04-25T11:13:41.885Z] Estimated gas: 171206
[•] [2026-04-25T11:13:41.887Z] Sending tx... nonce: 113
[✓] [2026-04-25T11:13:42.404Z] Tx sent: 0x21c3331b536079d323d78341310f0ef1146834e1576a7d43fd9a7d9db05cb609
[•] [2026-04-25T11:13:42.406Z] Waiting confirmation...
[✓] [2026-04-25T11:13:47.932Z] Confirmed! Block: 1307515 | Gas: 166286 | Status: SUCCESS
[•] [2026-04-25T11:13:47.934Z] Jitter delay: 15642ms
[•] [2026-04-25T11:14:03.587Z] Bridging USDC | Amount: 0.00001 | Token: 0xe819EB5be34B20f1FEC012c0DAf960397A0Fb386
[•] [2026-04-25T11:14:03.593Z] Jitter delay: 9237ms
[✓] [2026-04-25T11:14:13.584Z] USDC already approved: 115792089237316195423570985008687907853269984665640564039457584007913129.639935
[•] [2026-04-25T11:14:14.339Z] Calldata: 0xd6d344a1...0000000000000000000a
[•] [2026-04-25T11:14:14.574Z] Estimated gas: 171206
[•] [2026-04-25T11:14:14.575Z] Sending tx... nonce: 114
[✓] [2026-04-25T11:14:15.128Z] Tx sent: 0x03461d65c94f188266631939650eb49655e172cbf2b153f13bc290f406ba6668
[•] [2026-04-25T11:14:15.128Z] Waiting confirmation...
[✓] [2026-04-25T11:14:16.412Z] Confirmed! Block: 1307521 | Gas: 166286 | Status: SUCCESS
[•] [2026-04-25T11:14:16.412Z] Jitter delay: 27977ms
[•] [2026-04-25T11:14:44.409Z] Bridging DAI | Amount: 0.00001 | Token: 0xB96A869c74Be2eD561D95a77408505371F287d16
[•] [2026-04-25T11:14:44.411Z] Jitter delay: 5301ms
[✓] [2026-04-25T11:14:50.404Z] DAI already approved: 115792089237316195423570985008687907853269984665640564039457.584007913129639935
[•] [2026-04-25T11:14:51.289Z] Calldata: 0xd6d344a1...0000000009184e72a000
[•] [2026-04-25T11:14:51.533Z] Estimated gas: 171254
[•] [2026-04-25T11:14:51.535Z] Sending tx... nonce: 115
[✓] [2026-04-25T11:14:52.090Z] Tx sent: 0x9321a7e8a6b67c7088fd043dc142c547fddf9ef898475395dc909bd4b43addb7
[•] [2026-04-25T11:14:52.091Z] Waiting confirmation...
[✓] [2026-04-25T11:14:57.882Z] Confirmed! Block: 1307529 | Gas: 166334 | Status: SUCCESS
[✓] [2026-04-25T11:14:57.885Z] Loop #5 completed
[•] [2026-04-25T11:14:57.886Z] Waiting 432s till next loop...
[•] [2026-04-25T11:22:10.669Z] ═══ Loop #6 ═══
[•] [2026-04-25T11:22:10.713Z] Bridging ETH | Amount: 0.0000001 | Token: 0x0000000000000000000000000000000000000000
[•] [2026-04-25T11:22:10.716Z] Jitter delay: 10643ms
[•] [2026-04-25T11:22:23.347Z] Calldata: 0xd6d344a1...0000000000174876e800
[•] [2026-04-25T11:22:23.602Z] Estimated gas: 131192
[•] [2026-04-25T11:22:23.604Z] Sending tx... nonce: 116
[✓] [2026-04-25T11:22:24.147Z] Tx sent: 0x54cfa185fef0a76efaaafdba47cf98b6bf4032bdf6b1d144d1607f53189c36fe
[•] [2026-04-25T11:22:24.148Z] Waiting confirmation...
[✓] [2026-04-25T11:22:29.646Z] Confirmed! Block: 1307619 | Gas: 126272 | Status: SUCCESS
[•] [2026-04-25T11:22:29.649Z] Jitter delay: 13179ms
[•] [2026-04-25T11:22:42.843Z] Bridging USDT | Amount: 0.00001 | Token: 0xfcc025A3E170DF62de0e25AF7CeAf1C89aBfe6E9
[•] [2026-04-25T11:22:42.844Z] Jitter delay: 16765ms
[✓] [2026-04-25T11:23:00.411Z] USDT already approved: 115792089237316195423570985008687907853269984665640564039457584007913129.639935
[•] [2026-04-25T11:23:01.048Z] Calldata: 0xd6d344a1...0000000000000000000a
[•] [2026-04-25T11:23:01.281Z] Estimated gas: 171206
[•] [2026-04-25T11:23:01.282Z] Sending tx... nonce: 117
[✓] [2026-04-25T11:23:01.750Z] Tx sent: 0xe7501407a33f486f0f305389edb66a9a1f10a6ddc1fd004662622d80db678e37
[•] [2026-04-25T11:23:01.750Z] Waiting confirmation...
[✓] [2026-04-25T11:23:07.361Z] Confirmed! Block: 1307627 | Gas: 166286 | Status: SUCCESS
[•] [2026-04-25T11:23:07.366Z] Jitter delay: 8334ms
[•] [2026-04-25T11:23:15.708Z] Bridging USDC | Amount: 0.00001 | Token: 0xe819EB5be34B20f1FEC012c0DAf960397A0Fb386
[•] [2026-04-25T11:23:15.709Z] Jitter delay: 16542ms
[✓] [2026-04-25T11:23:33.089Z] USDC already approved: 115792089237316195423570985008687907853269984665640564039457584007913129.639935
[•] [2026-04-25T11:23:33.866Z] Calldata: 0xd6d344a1...0000000000000000000a
[•] [2026-04-25T11:23:34.126Z] Estimated gas: 171206
[•] [2026-04-25T11:23:34.127Z] Sending tx... nonce: 118
[✓] [2026-04-25T11:23:34.711Z] Tx sent: 0x654b86e05f354ff751cd1cf0a460951843204643963db6fbd73093c331c68945
[•] [2026-04-25T11:23:34.712Z] Waiting confirmation...
[✓] [2026-04-25T11:23:40.446Z] Confirmed! Block: 1307633 | Gas: 166286 | Status: SUCCESS
[•] [2026-04-25T11:23:40.448Z] Jitter delay: 12181ms
[•] [2026-04-25T11:23:52.633Z] Bridging DAI | Amount: 0.00001 | Token: 0xB96A869c74Be2eD561D95a77408505371F287d16
[•] [2026-04-25T11:23:52.634Z] Jitter delay: 20877ms
[✓] [2026-04-25T11:24:14.329Z] DAI already approved: 115792089237316195423570985008687907853269984665640564039457.584007913129639935
[•] [2026-04-25T11:24:15.168Z] Calldata: 0xd6d344a1...0000000009184e72a000
[•] [2026-04-25T11:24:15.570Z] Estimated gas: 171254
[•] [2026-04-25T11:24:15.571Z] Sending tx... nonce: 119
[✓] [2026-04-25T11:24:16.290Z] Tx sent: 0x0dff55df5c29c6988f3b7fdc435933a9c72bedcf4fdd7164d3c66afe5a6073ee
[•] [2026-04-25T11:24:16.291Z] Waiting confirmation...
[✓] [2026-04-25T11:24:22.200Z] Confirmed! Block: 1307642 | Gas: 166334 | Status: SUCCESS
[✓] [2026-04-25T11:24:22.203Z] Loop #6 completed
[•] [2026-04-25T11:24:22.204Z] Waiting 510s till next loop...
[•] [2026-04-25T11:34:18.065Z] ═══ Loop #7 ═══
[•] [2026-04-25T11:34:18.067Z] Bridging ETH | Amount: 0.0000001 | Token: 0x0000000000000000000000000000000000000000
[•] [2026-04-25T11:34:18.068Z] Jitter delay: 5326ms
[•] [2026-04-25T11:34:25.553Z] Calldata: 0xd6d344a1...0000000000174876e800
[•] [2026-04-25T11:34:25.772Z] Estimated gas: 131192
[•] [2026-04-25T11:34:25.773Z] Sending tx... nonce: 120
[✓] [2026-04-25T11:34:26.250Z] Tx sent: 0x62b945b69a7ece9ff77d619c48ee4f3883e06d5a1284ab5f741b15d22aad955e
[•] [2026-04-25T11:34:26.251Z] Waiting confirmation...
[✓] [2026-04-25T11:34:31.695Z] Confirmed! Block: 1307764 | Gas: 126272 | Status: SUCCESS
[•] [2026-04-25T11:34:31.696Z] Jitter delay: 6068ms
[•] [2026-04-25T11:34:37.767Z] Bridging USDT | Amount: 0.00001 | Token: 0xfcc025A3E170DF62de0e25AF7CeAf1C89aBfe6E9
[•] [2026-04-25T11:34:37.768Z] Jitter delay: 14574ms
[✓] [2026-04-25T11:34:52.966Z] USDT already approved: 115792089237316195423570985008687907853269984665640564039457584007913129.639935
[•] [2026-04-25T11:34:53.591Z] Calldata: 0xd6d344a1...0000000000000000000a
[•] [2026-04-25T11:34:53.796Z] Estimated gas: 171206
[•] [2026-04-25T11:34:53.797Z] Sending tx... nonce: 121
[✓] [2026-04-25T11:34:54.292Z] Tx sent: 0xe1ed61b484a2f44329e18d329ccfa2797cd167a8a226af3420bad7a3f360ed06
[•] [2026-04-25T11:34:54.293Z] Waiting confirmation...
[✓] [2026-04-25T11:34:59.858Z] Confirmed! Block: 1307769 | Gas: 166286 | Status: SUCCESS
[•] [2026-04-25T11:34:59.861Z] Jitter delay: 27128ms
[•] [2026-04-25T11:35:27.015Z] Bridging USDC | Amount: 0.00001 | Token: 0xe819EB5be34B20f1FEC012c0DAf960397A0Fb386
[•] [2026-04-25T11:35:27.017Z] Jitter delay: 29799ms
[✓] [2026-04-25T11:35:57.425Z] USDC already approved: 115792089237316195423570985008687907853269984665640564039457584007913129.639935
[•] [2026-04-25T11:35:58.063Z] Calldata: 0xd6d344a1...0000000000000000000a
[•] [2026-04-25T11:35:58.274Z] Estimated gas: 171206
[•] [2026-04-25T11:35:58.275Z] Sending tx... nonce: 122
[✓] [2026-04-25T11:35:58.787Z] Tx sent: 0x5bfbdbe894b85ba2699d4dcdfb4298cbfd18341b54d5aabd5a3c4e41ea6ad8fe
[•] [2026-04-25T11:35:58.788Z] Waiting confirmation...
[✓] [2026-04-25T11:36:04.495Z] Confirmed! Block: 1307782 | Gas: 166286 | Status: SUCCESS
[•] [2026-04-25T11:36:04.499Z] Jitter delay: 23937ms
[•] [2026-04-25T11:36:28.459Z] Bridging DAI | Amount: 0.00001 | Token: 0xB96A869c74Be2eD561D95a77408505371F287d16
[•] [2026-04-25T11:36:28.460Z] Jitter delay: 9366ms
[✓] [2026-04-25T11:36:38.594Z] DAI already approved: 115792089237316195423570985008687907853269984665640564039457.584007913129639935
[•] [2026-04-25T11:36:39.253Z] Calldata: 0xd6d344a1...0000000009184e72a000
[•] [2026-04-25T11:36:39.466Z] Estimated gas: 171254
[•] [2026-04-25T11:36:39.467Z] Sending tx... nonce: 123
[✓] [2026-04-25T11:36:39.949Z] Tx sent: 0x5d8bcc5baf94053ff0a5510d24e53d76399b1db8ece3aea8e49e6e93a212aa3a
[•] [2026-04-25T11:36:39.950Z] Waiting confirmation...
[✓] [2026-04-25T11:36:45.587Z] Confirmed! Block: 1307790 | Gas: 166334 | Status: SUCCESS
[✓] [2026-04-25T11:36:45.592Z] Loop #7 completed
[•] [2026-04-25T11:36:45.593Z] Waiting 354s till next loop...
[•] [2026-04-25T11:42:39.731Z] ═══ Loop #8 ═══
[•] [2026-04-25T11:42:39.766Z] Bridging ETH | Amount: 0.0000001 | Token: 0x0000000000000000000000000000000000000000
[•] [2026-04-25T11:42:39.768Z] Jitter delay: 5778ms
[•] [2026-04-25T11:42:47.729Z] Calldata: 0xd6d344a1...0000000000174876e800
[•] [2026-04-25T11:42:47.948Z] Estimated gas: 131192
[•] [2026-04-25T11:42:47.950Z] Sending tx... nonce: 124
[✓] [2026-04-25T11:42:48.514Z] Tx sent: 0x57cac67464b3666d258665654d2d02897615380ca592bc01ff9522c61b5a68ee
[•] [2026-04-25T11:42:48.514Z] Waiting confirmation...
[✓] [2026-04-25T11:42:54.082Z] Confirmed! Block: 1307864 | Gas: 126272 | Status: SUCCESS
[•] [2026-04-25T11:42:54.086Z] Jitter delay: 6393ms
[•] [2026-04-25T11:43:00.483Z] Bridging USDT | Amount: 0.00001 | Token: 0xfcc025A3E170DF62de0e25AF7CeAf1C89aBfe6E9
[•] [2026-04-25T11:43:00.485Z] Jitter delay: 29686ms
[✓] [2026-04-25T11:43:31.059Z] USDT already approved: 115792089237316195423570985008687907853269984665640564039457584007913129.639935
[•] [2026-04-25T11:43:31.749Z] Calldata: 0xd6d344a1...0000000000000000000a
[•] [2026-04-25T11:43:31.986Z] Estimated gas: 171206
[•] [2026-04-25T11:43:31.988Z] Sending tx... nonce: 125
[✓] [2026-04-25T11:43:32.516Z] Tx sent: 0xb30a3192257e5ad4342b8a631578f9e458e1e1ee97031c5254cfebc505a8732c
[•] [2026-04-25T11:43:32.517Z] Waiting confirmation...
[✓] [2026-04-25T11:43:38.117Z] Confirmed! Block: 1307873 | Gas: 166286 | Status: SUCCESS
[•] [2026-04-25T11:43:38.121Z] Jitter delay: 27330ms
[•] [2026-04-25T11:44:05.475Z] Bridging USDC | Amount: 0.00001 | Token: 0xe819EB5be34B20f1FEC012c0DAf960397A0Fb386
[•] [2026-04-25T11:44:05.476Z] Jitter delay: 18641ms
[✓] [2026-04-25T11:44:25.032Z] USDC already approved: 115792089237316195423570985008687907853269984665640564039457584007913129.639935
[•] [2026-04-25T11:44:25.801Z] Calldata: 0xd6d344a1...0000000000000000000a
[•] [2026-04-25T11:44:26.056Z] Estimated gas: 171206
[•] [2026-04-25T11:44:26.057Z] Sending tx... nonce: 126
[✓] [2026-04-25T11:44:26.632Z] Tx sent: 0x41d92455fca7609fd7be4fb864ba2ad0112fc9dcf246274eef040a1d38613afc
[•] [2026-04-25T11:44:26.633Z] Waiting confirmation...
[✓] [2026-04-25T11:44:32.561Z] Confirmed! Block: 1307884 | Gas: 166286 | Status: SUCCESS
[•] [2026-04-25T11:44:32.564Z] Jitter delay: 12233ms
[•] [2026-04-25T11:44:44.806Z] Bridging DAI | Amount: 0.00001 | Token: 0xB96A869c74Be2eD561D95a77408505371F287d16
[•] [2026-04-25T11:44:44.808Z] Jitter delay: 27914ms
[✓] [2026-04-25T11:45:13.521Z] DAI already approved: 115792089237316195423570985008687907853269984665640564039457.584007913129639935
[•] [2026-04-25T11:45:14.321Z] Calldata: 0xd6d344a1...0000000009184e72a000
[•] [2026-04-25T11:45:14.576Z] Estimated gas: 171254
[•] [2026-04-25T11:45:14.577Z] Sending tx... nonce: 127
[✓] [2026-04-25T11:45:15.131Z] Tx sent: 0xacad942b5df7f2a313f07a53550f48521c8d7dde2eb599d807c05e019b21351e
[•] [2026-04-25T11:45:15.131Z] Waiting confirmation...
[✓] [2026-04-25T11:45:16.442Z] Confirmed! Block: 1307893 | Gas: 166334 | Status: SUCCESS
[✓] [2026-04-25T11:45:16.442Z] Loop #8 completed
[•] [2026-04-25T11:45:16.443Z] Waiting 338s till next loop...
[•] [2026-04-25T11:50:54.783Z] ═══ Loop #9 ═══
[•] [2026-04-25T11:50:54.785Z] Bridging ETH | Amount: 0.0000001 | Token: 0x0000000000000000000000000000000000000000
[•] [2026-04-25T11:50:54.786Z] Jitter delay: 27862ms
[•] [2026-04-25T11:51:24.970Z] Calldata: 0xd6d344a1...0000000000174876e800
[•] [2026-04-25T11:51:25.194Z] Estimated gas: 131192
[•] [2026-04-25T11:51:25.195Z] Sending tx... nonce: 128
[✓] [2026-04-25T11:51:25.682Z] Tx sent: 0x2840e66598e3fd62740110f30c44618a8cbff2d9860a8184bde42ba896a3cd44
[•] [2026-04-25T11:51:25.683Z] Waiting confirmation...
[✓] [2026-04-25T11:51:26.566Z] Confirmed! Block: 1307967 | Gas: 126272 | Status: SUCCESS
[•] [2026-04-25T11:51:26.569Z] Jitter delay: 23260ms
[•] [2026-04-25T11:51:49.861Z] Bridging USDT | Amount: 0.00001 | Token: 0xfcc025A3E170DF62de0e25AF7CeAf1C89aBfe6E9
[•] [2026-04-25T11:51:49.863Z] Jitter delay: 8395ms
[✓] [2026-04-25T11:51:58.978Z] USDT already approved: 115792089237316195423570985008687907853269984665640564039457584007913129.639935
[•] [2026-04-25T11:51:59.625Z] Calldata: 0xd6d344a1...0000000000000000000a
[•] [2026-04-25T11:51:59.830Z] Estimated gas: 171206
[•] [2026-04-25T11:51:59.831Z] Sending tx... nonce: 129
[✓] [2026-04-25T11:52:00.333Z] Tx sent: 0x3073b1db8643189d34b832477fcb0bbacce682c7a5c7fc70df79b540bcab6939
[•] [2026-04-25T11:52:00.333Z] Waiting confirmation...
[✓] [2026-04-25T11:52:01.486Z] Confirmed! Block: 1307974 | Gas: 166286 | Status: SUCCESS
[•] [2026-04-25T11:52:01.487Z] Jitter delay: 29758ms
[•] [2026-04-25T11:52:31.274Z] Bridging USDC | Amount: 0.00001 | Token: 0xe819EB5be34B20f1FEC012c0DAf960397A0Fb386
[•] [2026-04-25T11:52:31.275Z] Jitter delay: 18642ms
[✓] [2026-04-25T11:52:50.548Z] USDC already approved: 115792089237316195423570985008687907853269984665640564039457584007913129.639935
[•] [2026-04-25T11:52:51.153Z] Calldata: 0xd6d344a1...0000000000000000000a
[•] [2026-04-25T11:52:51.356Z] Estimated gas: 171206
[•] [2026-04-25T11:52:51.357Z] Sending tx... nonce: 130
[✓] [2026-04-25T11:52:51.869Z] Tx sent: 0xe5ef6f073544f8da055ca75027a7274ac5d6e6aa6fdf11008ac6c3b9b8d8e6b4
[•] [2026-04-25T11:52:51.870Z] Waiting confirmation...
[✓] [2026-04-25T11:52:57.505Z] Confirmed! Block: 1307985 | Gas: 166286 | Status: SUCCESS
[•] [2026-04-25T11:52:57.509Z] Jitter delay: 27692ms
[•] [2026-04-25T11:53:25.215Z] Bridging DAI | Amount: 0.00001 | Token: 0xB96A869c74Be2eD561D95a77408505371F287d16
[•] [2026-04-25T11:53:25.216Z] Jitter delay: 23498ms
[✓] [2026-04-25T11:53:49.458Z] DAI already approved: 115792089237316195423570985008687907853269984665640564039457.584007913129639935
[•] [2026-04-25T11:53:50.196Z] Calldata: 0xd6d344a1...0000000009184e72a000
[•] [2026-04-25T11:53:50.415Z] Estimated gas: 171254
[•] [2026-04-25T11:53:50.416Z] Sending tx... nonce: 131
[✓] [2026-04-25T11:53:50.945Z] Tx sent: 0x434985f71f9742db6ab466b853ff92333cfeebffbe385de850b608ecb2e841e5
[•] [2026-04-25T11:53:50.947Z] Waiting confirmation...
[✓] [2026-04-25T11:53:56.910Z] Confirmed! Block: 1307997 | Gas: 166334 | Status: SUCCESS
[✓] [2026-04-25T11:53:56.914Z] Loop #9 completed
[•] [2026-04-25T11:53:56.916Z] Waiting 431s till next loop...
[•] [2026-04-25T12:01:08.291Z] ═══ Loop #10 ═══
[•] [2026-04-25T12:01:08.294Z] Bridging ETH | Amount: 0.0000001 | Token: 0x0000000000000000000000000000000000000000
[•] [2026-04-25T12:01:08.295Z] Jitter delay: 7577ms
[•] [2026-04-25T12:01:17.826Z] Calldata: 0xd6d344a1...0000000000174876e800
[•] [2026-04-25T12:01:18.047Z] Estimated gas: 131192
[•] [2026-04-25T12:01:18.049Z] Sending tx... nonce: 132
[✓] [2026-04-25T12:01:18.568Z] Tx sent: 0xcba6ad2e5eba9f5a0ec61c1cb4cf48bad754e57d15534f7d37dc45828f481420
[•] [2026-04-25T12:01:18.568Z] Waiting confirmation...
[✓] [2026-04-25T12:01:24.170Z] Confirmed! Block: 1308086 | Gas: 126272 | Status: SUCCESS
[•] [2026-04-25T12:01:24.174Z] Jitter delay: 7096ms
[•] [2026-04-25T12:01:31.275Z] Bridging USDT | Amount: 0.00001 | Token: 0xfcc025A3E170DF62de0e25AF7CeAf1C89aBfe6E9
[•] [2026-04-25T12:01:31.276Z] Jitter delay: 6125ms
[✓] [2026-04-25T12:01:38.129Z] USDT already approved: 115792089237316195423570985008687907853269984665640564039457584007913129.639935
[•] [2026-04-25T12:01:38.988Z] Calldata: 0xd6d344a1...0000000000000000000a
[•] [2026-04-25T12:01:39.221Z] Estimated gas: 171206
[•] [2026-04-25T12:01:39.222Z] Sending tx... nonce: 133
[✓] [2026-04-25T12:01:39.770Z] Tx sent: 0x668bddf59a7644c409ad1c5a813ffbecdfb0c10a4825301473357506af485b04
[•] [2026-04-25T12:01:39.770Z] Waiting confirmation...
[✓] [2026-04-25T12:01:45.349Z] Confirmed! Block: 1308090 | Gas: 166286 | Status: SUCCESS
[•] [2026-04-25T12:01:45.350Z] Jitter delay: 22699ms
[•] [2026-04-25T12:02:08.070Z] Bridging USDC | Amount: 0.00001 | Token: 0xe819EB5be34B20f1FEC012c0DAf960397A0Fb386
[•] [2026-04-25T12:02:08.072Z] Jitter delay: 9115ms
[✓] [2026-04-25T12:02:17.970Z] USDC already approved: 115792089237316195423570985008687907853269984665640564039457584007913129.639935
[•] [2026-04-25T12:02:18.787Z] Calldata: 0xd6d344a1...0000000000000000000a
[•] [2026-04-25T12:02:19.030Z] Estimated gas: 171206
[•] [2026-04-25T12:02:19.031Z] Sending tx... nonce: 134
[✓] [2026-04-25T12:02:19.569Z] Tx sent: 0xb61020fb31398f2afd13bdf9bec8fe9f22579ef55fe9aac4ddefcba3588f08d9
[•] [2026-04-25T12:02:19.570Z] Waiting confirmation...
[✓] [2026-04-25T12:02:25.488Z] Confirmed! Block: 1308098 | Gas: 166286 | Status: SUCCESS
[•] [2026-04-25T12:02:25.492Z] Jitter delay: 27112ms
[•] [2026-04-25T12:02:52.628Z] Bridging DAI | Amount: 0.00001 | Token: 0xB96A869c74Be2eD561D95a77408505371F287d16
[•] [2026-04-25T12:02:52.629Z] Jitter delay: 8195ms
[✓] [2026-04-25T12:03:01.551Z] DAI already approved: 115792089237316195423570985008687907853269984665640564039457.584007913129639935
[•] [2026-04-25T12:03:02.277Z] Calldata: 0xd6d344a1...0000000009184e72a000
[•] [2026-04-25T12:03:02.477Z] Estimated gas: 171254
[•] [2026-04-25T12:03:02.478Z] Sending tx... nonce: 135
[✓] [2026-04-25T12:03:02.960Z] Tx sent: 0x43c962b88387f3eccdfbbb9c8d21bb223e850bfc1d00c0862abf07fb65cd6a2c
[•] [2026-04-25T12:03:02.961Z] Waiting confirmation...
[✓] [2026-04-25T12:03:08.674Z] Confirmed! Block: 1308107 | Gas: 166334 | Status: SUCCESS
[✓] [2026-04-25T12:03:08.677Z] Loop #10 completed
[•] [2026-04-25T12:03:08.678Z] Waiting 470s till next loop...
[•] [2026-04-25T12:10:59.206Z] ═══ Loop #11 ═══
[•] [2026-04-25T12:10:59.252Z] Bridging ETH | Amount: 0.0000001 | Token: 0x0000000000000000000000000000000000000000
[•] [2026-04-25T12:10:59.254Z] Jitter delay: 15994ms
[•] [2026-04-25T12:11:17.824Z] Calldata: 0xd6d344a1...0000000000174876e800
[•] [2026-04-25T12:11:18.079Z] Estimated gas: 131192
[•] [2026-04-25T12:11:18.081Z] Sending tx... nonce: 136
[✓] [2026-04-25T12:11:18.701Z] Tx sent: 0x51738f8ec19be0ba66e766c111d83e7cbc70bcf45fd9e6ba9a70c346d7382a7e
[•] [2026-04-25T12:11:18.702Z] Waiting confirmation...
[✓] [2026-04-25T12:11:24.610Z] Confirmed! Block: 1308206 | Gas: 126272 | Status: SUCCESS
[•] [2026-04-25T12:11:24.615Z] Jitter delay: 7589ms
[•] [2026-04-25T12:11:32.210Z] Bridging USDT | Amount: 0.00001 | Token: 0xfcc025A3E170DF62de0e25AF7CeAf1C89aBfe6E9
[•] [2026-04-25T12:11:32.212Z] Jitter delay: 16781ms
[✓] [2026-04-25T12:11:49.852Z] USDT already approved: 115792089237316195423570985008687907853269984665640564039457584007913129.639935
[•] [2026-04-25T12:11:50.489Z] Calldata: 0xd6d344a1...0000000000000000000a
[•] [2026-04-25T12:11:50.715Z] Estimated gas: 171206
[•] [2026-04-25T12:11:50.716Z] Sending tx... nonce: 137
[✓] [2026-04-25T12:11:51.236Z] Tx sent: 0x413f065b906e35f5642285ea6af21c35a69937191f4d75044450a0368ac38113
[•] [2026-04-25T12:11:51.236Z] Waiting confirmation...
[✓] [2026-04-25T12:11:57.076Z] Confirmed! Block: 1308213 | Gas: 166286 | Status: SUCCESS
[•] [2026-04-25T12:11:57.079Z] Jitter delay: 12648ms
[•] [2026-04-25T12:12:09.738Z] Bridging USDC | Amount: 0.00001 | Token: 0xe819EB5be34B20f1FEC012c0DAf960397A0Fb386
[•] [2026-04-25T12:12:09.739Z] Jitter delay: 5969ms
[✓] [2026-04-25T12:12:16.420Z] USDC already approved: 115792089237316195423570985008687907853269984665640564039457584007913129.639935
[•] [2026-04-25T12:12:17.107Z] Calldata: 0xd6d344a1...0000000000000000000a
[•] [2026-04-25T12:12:17.313Z] Estimated gas: 171206
[•] [2026-04-25T12:12:17.315Z] Sending tx... nonce: 138
[✓] [2026-04-25T12:12:17.812Z] Tx sent: 0x5ea7bde4324c08e92f38eea5fe7ac2f9b0817f71f8fefdbe798c87c5417811ad
[•] [2026-04-25T12:12:17.812Z] Waiting confirmation...
[✓] [2026-04-25T12:12:23.448Z] Confirmed! Block: 1308218 | Gas: 166286 | Status: SUCCESS
[•] [2026-04-25T12:12:23.452Z] Jitter delay: 11546ms
[•] [2026-04-25T12:12:35.003Z] Bridging DAI | Amount: 0.00001 | Token: 0xB96A869c74Be2eD561D95a77408505371F287d16
[•] [2026-04-25T12:12:35.004Z] Jitter delay: 26862ms
[✓] [2026-04-25T12:13:02.802Z] DAI already approved: 115792089237316195423570985008687907853269984665640564039457.584007913129639935
[•] [2026-04-25T12:13:03.581Z] Calldata: 0xd6d344a1...0000000009184e72a000
[•] [2026-04-25T12:13:03.845Z] Estimated gas: 171254
[•] [2026-04-25T12:13:03.847Z] Sending tx... nonce: 139
[✓] [2026-04-25T12:13:04.491Z] Tx sent: 0x725084aad56ce4f46bea10c9ad61bab9253efc6874198c87b10a6bbf2ed7569f
[•] [2026-04-25T12:13:04.491Z] Waiting confirmation...
[✓] [2026-04-25T12:13:10.644Z] Confirmed! Block: 1308227 | Gas: 166334 | Status: SUCCESS
[✓] [2026-04-25T12:13:10.648Z] Loop #11 completed
[•] [2026-04-25T12:13:10.650Z] Waiting 315s till next loop...
[•] [2026-04-25T12:18:25.968Z] ═══ Loop #12 ═══
[•] [2026-04-25T12:18:25.970Z] Bridging ETH | Amount: 0.0000001 | Token: 0x0000000000000000000000000000000000000000
[•] [2026-04-25T12:18:25.971Z] Jitter delay: 20404ms
[•] [2026-04-25T12:18:48.697Z] Calldata: 0xd6d344a1...0000000000174876e800
[•] [2026-04-25T12:18:48.915Z] Estimated gas: 131192
[•] [2026-04-25T12:18:48.916Z] Sending tx... nonce: 140
[✓] [2026-04-25T12:18:49.417Z] Tx sent: 0xdff98a5cb25b84777985c5577bc56afd99f6fca6ce69cfc54537203bb704d146
[•] [2026-04-25T12:18:49.418Z] Waiting confirmation...
[✓] [2026-04-25T12:18:54.995Z] Confirmed! Block: 1308296 | Gas: 126272 | Status: SUCCESS
[•] [2026-04-25T12:18:54.999Z] Jitter delay: 27188ms
[•] [2026-04-25T12:19:22.212Z] Bridging USDT | Amount: 0.00001 | Token: 0xfcc025A3E170DF62de0e25AF7CeAf1C89aBfe6E9
[•] [2026-04-25T12:19:22.213Z] Jitter delay: 18840ms
[✓] [2026-04-25T12:19:41.755Z] USDT already approved: 115792089237316195423570985008687907853269984665640564039457584007913129.639935
[•] [2026-04-25T12:19:42.365Z] Calldata: 0xd6d344a1...0000000000000000000a
[•] [2026-04-25T12:19:42.568Z] Estimated gas: 171206
[•] [2026-04-25T12:19:42.569Z] Sending tx... nonce: 141
[✓] [2026-04-25T12:19:43.071Z] Tx sent: 0x73ba45a844c0719c8c5c1a2458bfcd2df1198ede4bd8a0106869afbb0cdee8e1
[•] [2026-04-25T12:19:43.072Z] Waiting confirmation...
[✓] [2026-04-25T12:19:48.633Z] Confirmed! Block: 1308307 | Gas: 166286 | Status: SUCCESS
[•] [2026-04-25T12:19:48.636Z] Jitter delay: 23242ms
[•] [2026-04-25T12:20:11.885Z] Bridging USDC | Amount: 0.00001 | Token: 0xe819EB5be34B20f1FEC012c0DAf960397A0Fb386
[•] [2026-04-25T12:20:11.887Z] Jitter delay: 21939ms
[✓] [2026-04-25T12:20:34.551Z] USDC already approved: 115792089237316195423570985008687907853269984665640564039457584007913129.639935
[•] [2026-04-25T12:20:35.157Z] Calldata: 0xd6d344a1...0000000000000000000a
[•] [2026-04-25T12:20:35.360Z] Estimated gas: 171206
[•] [2026-04-25T12:20:35.361Z] Sending tx... nonce: 142
[✓] [2026-04-25T12:20:35.871Z] Tx sent: 0x8648f4fb48dab6633637d59a466fc0b65cef2babcd0321ff322755383139432e
[•] [2026-04-25T12:20:35.872Z] Waiting confirmation...
[✓] [2026-04-25T12:20:45.668Z] Confirmed! Block: 1308318 | Gas: 166286 | Status: SUCCESS
[•] [2026-04-25T12:20:45.672Z] Jitter delay: 19460ms
[•] [2026-04-25T12:21:05.150Z] Bridging DAI | Amount: 0.00001 | Token: 0xB96A869c74Be2eD561D95a77408505371F287d16
[•] [2026-04-25T12:21:05.151Z] Jitter delay: 25295ms
[✓] [2026-04-25T12:21:31.038Z] DAI already approved: 115792089237316195423570985008687907853269984665640564039457.584007913129639935
[•] [2026-04-25T12:21:31.667Z] Calldata: 0xd6d344a1...0000000009184e72a000
[•] [2026-04-25T12:21:31.886Z] Estimated gas: 171254
[•] [2026-04-25T12:21:31.887Z] Sending tx... nonce: 143
[✓] [2026-04-25T12:21:32.368Z] Tx sent: 0x1f6b777466db8259eac5a0c5a81bbd1313a078fe67583e17e1f2ddf346810f39
[•] [2026-04-25T12:21:32.369Z] Waiting confirmation...
[✓] [2026-04-25T12:21:37.969Z] Confirmed! Block: 1308329 | Gas: 166334 | Status: SUCCESS
[✓] [2026-04-25T12:21:37.973Z] Loop #12 completed
[•] [2026-04-25T12:21:37.974Z] Waiting 300s till next loop...
[•] [2026-04-25T12:26:38.592Z] ═══ Loop #13 ═══
[•] [2026-04-25T12:26:38.594Z] Bridging ETH | Amount: 0.0000001 | Token: 0x0000000000000000000000000000000000000000
[•] [2026-04-25T12:26:38.595Z] Jitter delay: 24839ms
[•] [2026-04-25T12:27:05.340Z] Calldata: 0xd6d344a1...0000000000174876e800
[•] [2026-04-25T12:27:05.561Z] Estimated gas: 131192
[•] [2026-04-25T12:27:05.562Z] Sending tx... nonce: 144
[✓] [2026-04-25T12:27:06.027Z] Tx sent: 0xa69054531f2fceffed033bd9c6d41c1347ddbd0578fc8624e89529c528e90d0b
[•] [2026-04-25T12:27:06.028Z] Waiting confirmation...
[✓] [2026-04-25T12:27:16.005Z] Confirmed! Block: 1308396 | Gas: 126272 | Status: SUCCESS
[•] [2026-04-25T12:27:16.009Z] Jitter delay: 11545ms
[•] [2026-04-25T12:27:27.563Z] Bridging USDT | Amount: 0.00001 | Token: 0xfcc025A3E170DF62de0e25AF7CeAf1C89aBfe6E9
[•] [2026-04-25T12:27:27.565Z] Jitter delay: 7528ms
[✓] [2026-04-25T12:27:35.851Z] USDT already approved: 115792089237316195423570985008687907853269984665640564039457584007913129.639935
[•] [2026-04-25T12:27:36.515Z] Calldata: 0xd6d344a1...0000000000000000000a
[•] [2026-04-25T12:27:36.720Z] Estimated gas: 171206
[•] [2026-04-25T12:27:36.724Z] Sending tx... nonce: 145
[✓] [2026-04-25T12:27:37.192Z] Tx sent: 0x4232b2df7eeca9681be9a7935ef7240e27622fe3642524f8c49ad63a64dde9b4
[•] [2026-04-25T12:27:37.193Z] Waiting confirmation...
[✓] [2026-04-25T12:27:42.803Z] Confirmed! Block: 1308402 | Gas: 166286 | Status: SUCCESS
[•] [2026-04-25T12:27:42.807Z] Jitter delay: 27109ms
[•] [2026-04-25T12:28:09.933Z] Bridging USDC | Amount: 0.00001 | Token: 0xe819EB5be34B20f1FEC012c0DAf960397A0Fb386
[•] [2026-04-25T12:28:09.934Z] Jitter delay: 19559ms
[✓] [2026-04-25T12:28:30.460Z] USDC already approved: 115792089237316195423570985008687907853269984665640564039457584007913129.639935
[•] [2026-04-25T12:28:31.253Z] Calldata: 0xd6d344a1...0000000000000000000a
[•] [2026-04-25T12:28:31.575Z] Estimated gas: 171206
[•] [2026-04-25T12:28:31.576Z] Sending tx... nonce: 146
[✓] [2026-04-25T12:28:32.148Z] Tx sent: 0x98c0b7c33b685b27d3f0f976e8d684defc754eb4346e0b04dfa66fea27220af6
[•] [2026-04-25T12:28:32.149Z] Waiting confirmation...
[✓] [2026-04-25T12:28:37.982Z] Confirmed! Block: 1308413 | Gas: 166286 | Status: SUCCESS
[•] [2026-04-25T12:28:37.986Z] Jitter delay: 10361ms
[•] [2026-04-25T12:28:48.355Z] Bridging DAI | Amount: 0.00001 | Token: 0xB96A869c74Be2eD561D95a77408505371F287d16
[•] [2026-04-25T12:28:48.356Z] Jitter delay: 8210ms
[✓] [2026-04-25T12:28:57.291Z] DAI already approved: 115792089237316195423570985008687907853269984665640564039457.584007913129639935
[•] [2026-04-25T12:28:57.948Z] Calldata: 0xd6d344a1...0000000009184e72a000
[•] [2026-04-25T12:28:58.168Z] Estimated gas: 171254
[•] [2026-04-25T12:28:58.169Z] Sending tx... nonce: 147
[✓] [2026-04-25T12:28:58.628Z] Tx sent: 0x28469d51ace4ac61595a029287952d9634f766e495c8938adfd481b792ee04ba
[•] [2026-04-25T12:28:58.628Z] Waiting confirmation...
[✓] [2026-04-25T12:29:04.329Z] Confirmed! Block: 1308418 | Gas: 166334 | Status: SUCCESS
[✓] [2026-04-25T12:29:04.332Z] Loop #13 completed
[•] [2026-04-25T12:29:04.333Z] Waiting 330s till next loop...
[•] [2026-04-25T12:34:34.883Z] ═══ Loop #14 ═══
[•] [2026-04-25T12:34:34.886Z] Bridging ETH | Amount: 0.0000001 | Token: 0x0000000000000000000000000000000000000000
[•] [2026-04-25T12:34:34.887Z] Jitter delay: 29450ms
[•] [2026-04-25T12:35:05.859Z] Calldata: 0xd6d344a1...0000000000174876e800
[•] [2026-04-25T12:35:06.067Z] Estimated gas: 131192
[•] [2026-04-25T12:35:06.068Z] Sending tx... nonce: 148
[✓] [2026-04-25T12:35:06.599Z] Tx sent: 0x4b1ccfecfdb5b979cd1f4edca42fa14ef8c1340c803c58fd2136fbcf7df155a6
[•] [2026-04-25T12:35:06.600Z] Waiting confirmation...
[✓] [2026-04-25T12:35:12.088Z] Confirmed! Block: 1308492 | Gas: 126272 | Status: SUCCESS
[•] [2026-04-25T12:35:12.091Z] Jitter delay: 16792ms
[•] [2026-04-25T12:35:28.898Z] Bridging USDT | Amount: 0.00001 | Token: 0xfcc025A3E170DF62de0e25AF7CeAf1C89aBfe6E9
[•] [2026-04-25T12:35:28.899Z] Jitter delay: 24890ms
[✓] [2026-04-25T12:35:54.415Z] USDT already approved: 115792089237316195423570985008687907853269984665640564039457584007913129.639935
[•] [2026-04-25T12:35:55.047Z] Calldata: 0xd6d344a1...0000000000000000000a
[•] [2026-04-25T12:35:55.260Z] Estimated gas: 171206
[•] [2026-04-25T12:35:55.261Z] Sending tx... nonce: 149
[✓] [2026-04-25T12:35:55.750Z] Tx sent: 0x68fcf51860d4fc1bddd01d0fdd8b49b54ce8245638e63da75c048bc70070ec46
[•] [2026-04-25T12:35:55.750Z] Waiting confirmation...
[✓] [2026-04-25T12:35:56.913Z] Confirmed! Block: 1308501 | Gas: 166286 | Status: SUCCESS
[•] [2026-04-25T12:35:56.914Z] Jitter delay: 15253ms
[•] [2026-04-25T12:36:12.179Z] Bridging USDC | Amount: 0.00001 | Token: 0xe819EB5be34B20f1FEC012c0DAf960397A0Fb386
[•] [2026-04-25T12:36:12.180Z] Jitter delay: 23549ms
[✓] [2026-04-25T12:36:36.524Z] USDC already approved: 115792089237316195423570985008687907853269984665640564039457584007913129.639935
[•] [2026-04-25T12:36:37.169Z] Calldata: 0xd6d344a1...0000000000000000000a
[•] [2026-04-25T12:36:37.400Z] Estimated gas: 171206
[•] [2026-04-25T12:36:37.401Z] Sending tx... nonce: 150
[✓] [2026-04-25T12:36:37.868Z] Tx sent: 0x525bacc300d2b9353ccce8b1393111d893fa99a1ff575231cb3d76ca81a5551b
[•] [2026-04-25T12:36:37.869Z] Waiting confirmation...
[✓] [2026-04-25T12:36:43.721Z] Confirmed! Block: 1308510 | Gas: 166286 | Status: SUCCESS
[•] [2026-04-25T12:36:43.725Z] Jitter delay: 19571ms
[•] [2026-04-25T12:37:03.313Z] Bridging DAI | Amount: 0.00001 | Token: 0xB96A869c74Be2eD561D95a77408505371F287d16
[•] [2026-04-25T12:37:03.314Z] Jitter delay: 25656ms
[✓] [2026-04-25T12:37:29.679Z] DAI already approved: 115792089237316195423570985008687907853269984665640564039457.584007913129639935
[•] [2026-04-25T12:37:30.309Z] Calldata: 0xd6d344a1...0000000009184e72a000
[•] [2026-04-25T12:37:30.535Z] Estimated gas: 171254
[•] [2026-04-25T12:37:30.536Z] Sending tx... nonce: 151
[✓] [2026-04-25T12:37:30.993Z] Tx sent: 0xa7ca9ca6a41e2f31aff74bb909d1d1155feaf46fbdb49088d29eb02246b54f3f
[•] [2026-04-25T12:37:30.993Z] Waiting confirmation...
[✓] [2026-04-25T12:37:40.776Z] Confirmed! Block: 1308521 | Gas: 166334 | Status: SUCCESS
[✓] [2026-04-25T12:37:40.779Z] Loop #14 completed
[•] [2026-04-25T12:37:40.780Z] Waiting 336s till next loop...
[•] [2026-04-25T12:43:17.035Z] ═══ Loop #15 ═══
[•] [2026-04-25T12:43:17.038Z] Bridging ETH | Amount: 0.0000001 | Token: 0x0000000000000000000000000000000000000000
[•] [2026-04-25T12:43:17.039Z] Jitter delay: 12483ms
[•] [2026-04-25T12:43:31.666Z] Calldata: 0xd6d344a1...0000000000174876e800
[•] [2026-04-25T12:43:31.880Z] Estimated gas: 131192
[•] [2026-04-25T12:43:31.882Z] Sending tx... nonce: 152
[✓] [2026-04-25T12:43:32.412Z] Tx sent: 0x2e5a551f738cc0029c08e466f0e255e0c251038a5031f614efdda1031d840fec
[•] [2026-04-25T12:43:32.413Z] Waiting confirmation...
[✓] [2026-04-25T12:43:37.937Z] Confirmed! Block: 1308592 | Gas: 126272 | Status: SUCCESS
[•] [2026-04-25T12:43:37.941Z] Jitter delay: 24982ms
[•] [2026-04-25T12:44:02.946Z] Bridging USDT | Amount: 0.00001 | Token: 0xfcc025A3E170DF62de0e25AF7CeAf1C89aBfe6E9
[•] [2026-04-25T12:44:02.947Z] Jitter delay: 16849ms
[✓] [2026-04-25T12:44:20.580Z] USDT already approved: 115792089237316195423570985008687907853269984665640564039457584007913129.639935
[•] [2026-04-25T12:44:21.262Z] Calldata: 0xd6d344a1...0000000000000000000a
[•] [2026-04-25T12:44:21.493Z] Estimated gas: 171206
[•] [2026-04-25T12:44:21.494Z] Sending tx... nonce: 153
[✓] [2026-04-25T12:44:21.940Z] Tx sent: 0xd439052de1adf0cac52e5a75152c73c80e670e538a1998ce4f3e2714a5068a8e
[•] [2026-04-25T12:44:21.941Z] Waiting confirmation...
[✓] [2026-04-25T12:44:27.495Z] Confirmed! Block: 1308601 | Gas: 166286 | Status: SUCCESS
[•] [2026-04-25T12:44:27.499Z] Jitter delay: 24588ms
[•] [2026-04-25T12:44:52.109Z] Bridging USDC | Amount: 0.00001 | Token: 0xe819EB5be34B20f1FEC012c0DAf960397A0Fb386
[•] [2026-04-25T12:44:52.110Z] Jitter delay: 18639ms
[✓] [2026-04-25T12:45:11.651Z] USDC already approved: 115792089237316195423570985008687907853269984665640564039457584007913129.639935
[•] [2026-04-25T12:45:12.460Z] Calldata: 0xd6d344a1...0000000000000000000a
[•] [2026-04-25T12:45:12.702Z] Estimated gas: 171206
[•] [2026-04-25T12:45:12.703Z] Sending tx... nonce: 154
[✓] [2026-04-25T12:45:13.250Z] Tx sent: 0x017dd835f2f20f654bf3c47e32cab38c0551def35101a68518b83313ddfd0a15
[•] [2026-04-25T12:45:13.250Z] Waiting confirmation...
[✓] [2026-04-25T12:45:14.221Z] Confirmed! Block: 1308611 | Gas: 166286 | Status: SUCCESS
[•] [2026-04-25T12:45:14.222Z] Jitter delay: 6440ms
[•] [2026-04-25T12:45:20.666Z] Bridging DAI | Amount: 0.00001 | Token: 0xB96A869c74Be2eD561D95a77408505371F287d16
[•] [2026-04-25T12:45:20.667Z] Jitter delay: 27191ms
[✓] [2026-04-25T12:45:48.736Z] DAI already approved: 115792089237316195423570985008687907853269984665640564039457.584007913129639935
[•] [2026-04-25T12:45:49.387Z] Calldata: 0xd6d344a1...0000000009184e72a000
[•] [2026-04-25T12:45:49.600Z] Estimated gas: 171254
[•] [2026-04-25T12:45:49.601Z] Sending tx... nonce: 155
[✓] [2026-04-25T12:45:50.091Z] Tx sent: 0xa3edd113b02f5de93c0ac067192ebca4db7d1158b920094df842f6cb1034fdd1
[•] [2026-04-25T12:45:50.093Z] Waiting confirmation...
[✓] [2026-04-25T12:45:56.810Z] Confirmed! Block: 1308619 | Gas: 166334 | Status: SUCCESS
[✓] [2026-04-25T12:45:56.815Z] Loop #15 completed
[•] [2026-04-25T12:45:56.816Z] Waiting 422s till next loop...
[•] [2026-04-25T12:52:59.842Z] ═══ Loop #16 ═══
[•] [2026-04-25T12:52:59.929Z] Bridging ETH | Amount: 0.0000001 | Token: 0x0000000000000000000000000000000000000000
[•] [2026-04-25T12:52:59.931Z] Jitter delay: 26582ms
[•] [2026-04-25T12:53:28.850Z] Calldata: 0xd6d344a1...0000000000174876e800
[•] [2026-04-25T12:53:29.129Z] Estimated gas: 131192
[•] [2026-04-25T12:53:29.130Z] Sending tx... nonce: 156
[✓] [2026-04-25T12:53:29.756Z] Tx sent: 0x7c90917123a7e2039720c5514c4688236a43c0fc60b71d1798fef910f7f380d6
[•] [2026-04-25T12:53:29.757Z] Waiting confirmation...
[✓] [2026-04-25T12:53:30.982Z] Confirmed! Block: 1308709 | Gas: 126272 | Status: SUCCESS
[•] [2026-04-25T12:53:30.984Z] Jitter delay: 10604ms
[•] [2026-04-25T12:53:41.596Z] Bridging USDT | Amount: 0.00001 | Token: 0xfcc025A3E170DF62de0e25AF7CeAf1C89aBfe6E9
[•] [2026-04-25T12:53:41.597Z] Jitter delay: 24954ms
[✓] [2026-04-25T12:54:07.405Z] USDT already approved: 115792089237316195423570985008687907853269984665640564039457584007913129.639935
[•] [2026-04-25T12:54:08.050Z] Calldata: 0xd6d344a1...0000000000000000000a
[•] [2026-04-25T12:54:08.266Z] Estimated gas: 171206
[•] [2026-04-25T12:54:08.267Z] Sending tx... nonce: 157
[✓] [2026-04-25T12:54:08.774Z] Tx sent: 0x2c423a4852c31ff06538e20b0129c9f490514709ecd5de8086915d4288234943
[•] [2026-04-25T12:54:08.775Z] Waiting confirmation...
[✓] [2026-04-25T12:54:14.332Z] Confirmed! Block: 1308717 | Gas: 166286 | Status: SUCCESS
[•] [2026-04-25T12:54:14.335Z] Jitter delay: 15726ms
[•] [2026-04-25T12:54:30.076Z] Bridging USDC | Amount: 0.00001 | Token: 0xe819EB5be34B20f1FEC012c0DAf960397A0Fb386
[•] [2026-04-25T12:54:30.078Z] Jitter delay: 17830ms
[✓] [2026-04-25T12:54:48.625Z] USDC already approved: 115792089237316195423570985008687907853269984665640564039457584007913129.639935
[•] [2026-04-25T12:54:49.254Z] Calldata: 0xd6d344a1...0000000000000000000a
[•] [2026-04-25T12:54:49.483Z] Estimated gas: 171206
[•] [2026-04-25T12:54:49.484Z] Sending tx... nonce: 158
[✓] [2026-04-25T12:54:50.008Z] Tx sent: 0x5fd0bf2bec40dd3ddf33b6388fd976bef208a8af9453f6202e0627ce603aff46
[•] [2026-04-25T12:54:50.009Z] Waiting confirmation...
[✓] [2026-04-25T12:54:55.964Z] Confirmed! Block: 1308726 | Gas: 166286 | Status: SUCCESS
[•] [2026-04-25T12:54:55.969Z] Jitter delay: 27872ms
[•] [2026-04-25T12:55:23.867Z] Bridging DAI | Amount: 0.00001 | Token: 0xB96A869c74Be2eD561D95a77408505371F287d16
[•] [2026-04-25T12:55:23.868Z] Jitter delay: 8573ms
[✓] [2026-04-25T12:55:33.138Z] DAI already approved: 115792089237316195423570985008687907853269984665640564039457.584007913129639935
[•] [2026-04-25T12:55:33.789Z] Calldata: 0xd6d344a1...0000000009184e72a000
[•] [2026-04-25T12:55:34.010Z] Estimated gas: 171254
[•] [2026-04-25T12:55:34.011Z] Sending tx... nonce: 159
[✓] [2026-04-25T12:55:34.471Z] Tx sent: 0x4213c20ff6aa15d02fb582d771a3c1bd8c3d54bf83ae69de4c56489ca2b537a8
[•] [2026-04-25T12:55:34.471Z] Waiting confirmation...
[✓] [2026-04-25T12:55:35.612Z] Confirmed! Block: 1308734 | Gas: 166334 | Status: SUCCESS
[✓] [2026-04-25T12:55:35.612Z] Loop #16 completed
[•] [2026-04-25T12:55:35.612Z] Waiting 367s till next loop...
[•] [2026-04-25T13:01:43.220Z] ═══ Loop #17 ═══
[•] [2026-04-25T13:01:43.222Z] Bridging ETH | Amount: 0.0000001 | Token: 0x0000000000000000000000000000000000000000
[•] [2026-04-25T13:01:43.223Z] Jitter delay: 22617ms
[•] [2026-04-25T13:02:08.308Z] Calldata: 0xd6d344a1...0000000000174876e800
[•] [2026-04-25T13:02:08.556Z] Estimated gas: 131192
[•] [2026-04-25T13:02:08.557Z] Sending tx... nonce: 160
[✓] [2026-04-25T13:02:09.133Z] Tx sent: 0x5ffb3e65113a206cffeca1ef5c22ec07dffe6c424061a6d625c97e0369d4863e
[•] [2026-04-25T13:02:09.134Z] Waiting confirmation...
[✓] [2026-04-25T13:02:14.801Z] Confirmed! Block: 1308812 | Gas: 126272 | Status: SUCCESS
[•] [2026-04-25T13:02:14.802Z] Jitter delay: 22416ms
[•] [2026-04-25T13:02:37.239Z] Bridging USDT | Amount: 0.00001 | Token: 0xfcc025A3E170DF62de0e25AF7CeAf1C89aBfe6E9
[•] [2026-04-25T13:02:37.241Z] Jitter delay: 13147ms
[✓] [2026-04-25T13:02:51.051Z] USDT already approved: 115792089237316195423570985008687907853269984665640564039457584007913129.639935
[•] [2026-04-25T13:02:51.718Z] Calldata: 0xd6d344a1...0000000000000000000a
[•] [2026-04-25T13:02:51.942Z] Estimated gas: 171206
[•] [2026-04-25T13:02:51.943Z] Sending tx... nonce: 161
[✓] [2026-04-25T13:02:52.447Z] Tx sent: 0x22f2791bbf8a7e32ced4e9c59edd46ae8461d4b366eb867dc2b4e9c907536000
[•] [2026-04-25T13:02:52.448Z] Waiting confirmation...
[✓] [2026-04-25T13:02:58.010Z] Confirmed! Block: 1308821 | Gas: 166286 | Status: SUCCESS
[•] [2026-04-25T13:02:58.013Z] Jitter delay: 11739ms
[•] [2026-04-25T13:03:09.759Z] Bridging USDC | Amount: 0.00001 | Token: 0xe819EB5be34B20f1FEC012c0DAf960397A0Fb386
[•] [2026-04-25T13:03:09.761Z] Jitter delay: 26263ms
[✓] [2026-04-25T13:03:36.679Z] USDC already approved: 115792089237316195423570985008687907853269984665640564039457584007913129.639935
[•] [2026-04-25T13:03:37.291Z] Calldata: 0xd6d344a1...0000000000000000000a
[•] [2026-04-25T13:03:37.500Z] Estimated gas: 171206
[•] [2026-04-25T13:03:37.500Z] Sending tx... nonce: 162
[✓] [2026-04-25T13:03:37.937Z] Tx sent: 0xc6dd1e897f5a24f50bab5f0aab317823b87e72cc77ebd1296de41550a785e7cc
[•] [2026-04-25T13:03:37.937Z] Waiting confirmation...
[✓] [2026-04-25T13:03:43.643Z] Confirmed! Block: 1308830 | Gas: 166286 | Status: SUCCESS
[•] [2026-04-25T13:03:43.646Z] Jitter delay: 20110ms
[•] [2026-04-25T13:04:03.775Z] Bridging DAI | Amount: 0.00001 | Token: 0xB96A869c74Be2eD561D95a77408505371F287d16
[•] [2026-04-25T13:04:03.776Z] Jitter delay: 22379ms
[✓] [2026-04-25T13:04:27.033Z] DAI already approved: 115792089237316195423570985008687907853269984665640564039457.584007913129639935
[•] [2026-04-25T13:04:27.725Z] Calldata: 0xd6d344a1...0000000009184e72a000
[•] [2026-04-25T13:04:27.951Z] Estimated gas: 171254
[•] [2026-04-25T13:04:27.952Z] Sending tx... nonce: 163
[✓] [2026-04-25T13:04:28.470Z] Tx sent: 0x86d565bd0cf7ab9605a1304f1239b842d16b35bd000ae7ac3f390a45a895f3ad
[•] [2026-04-25T13:04:28.471Z] Waiting confirmation...
[✓] [2026-04-25T13:04:34.191Z] Confirmed! Block: 1308840 | Gas: 166334 | Status: SUCCESS
[✓] [2026-04-25T13:04:34.194Z] Loop #17 completed
[•] [2026-04-25T13:04:34.195Z] Waiting 346s till next loop...
[•] [2026-04-25T13:10:21.035Z] ═══ Loop #18 ═══
[•] [2026-04-25T13:10:21.038Z] Bridging ETH | Amount: 0.0000001 | Token: 0x0000000000000000000000000000000000000000
[•] [2026-04-25T13:10:21.039Z] Jitter delay: 17911ms
[•] [2026-04-25T13:10:40.676Z] Calldata: 0xd6d344a1...0000000000174876e800
[•] [2026-04-25T13:10:40.933Z] Estimated gas: 131192
[•] [2026-04-25T13:10:40.934Z] Sending tx... nonce: 164
[✓] [2026-04-25T13:10:41.489Z] Tx sent: 0x055357cde79ab2b2407d87c1bd587b37d7df7e13b8a3689fecc2da529303b3b6
[•] [2026-04-25T13:10:41.490Z] Waiting confirmation...
[✓] [2026-04-25T13:10:43.020Z] Confirmed! Block: 1308914 | Gas: 126272 | Status: SUCCESS
[•] [2026-04-25T13:10:43.021Z] Jitter delay: 22755ms
[•] [2026-04-25T13:11:05.796Z] Bridging USDT | Amount: 0.00001 | Token: 0xfcc025A3E170DF62de0e25AF7CeAf1C89aBfe6E9
[•] [2026-04-25T13:11:05.797Z] Jitter delay: 13701ms
[✓] [2026-04-25T13:11:20.207Z] USDT already approved: 115792089237316195423570985008687907853269984665640564039457584007913129.639935
[•] [2026-04-25T13:11:20.801Z] Calldata: 0xd6d344a1...0000000000000000000a
[•] [2026-04-25T13:11:21.008Z] Estimated gas: 171206
[•] [2026-04-25T13:11:21.009Z] Sending tx... nonce: 165
[✓] [2026-04-25T13:11:21.468Z] Tx sent: 0xacb717b3e7464facbce78afa2d9cbf8ebfa35ea0f9cf9342cebd9ccaf06877f9
[•] [2026-04-25T13:11:21.469Z] Waiting confirmation...
[✓] [2026-04-25T13:11:22.610Z] Confirmed! Block: 1308922 | Gas: 166286 | Status: SUCCESS
[•] [2026-04-25T13:11:22.612Z] Jitter delay: 9786ms
[•] [2026-04-25T13:11:32.405Z] Bridging USDC | Amount: 0.00001 | Token: 0xe819EB5be34B20f1FEC012c0DAf960397A0Fb386
[•] [2026-04-25T13:11:32.406Z] Jitter delay: 19618ms
[✓] [2026-04-25T13:11:52.637Z] USDC already approved: 115792089237316195423570985008687907853269984665640564039457584007913129.639935
[•] [2026-04-25T13:11:53.258Z] Calldata: 0xd6d344a1...0000000000000000000a
[•] [2026-04-25T13:11:53.481Z] Estimated gas: 171206
[•] [2026-04-25T13:11:53.483Z] Sending tx... nonce: 166
[✓] [2026-04-25T13:11:53.950Z] Tx sent: 0x74052a60827ad1fed19e844959adb601331e1c010ec6c96b51b2378edf2951c8
[•] [2026-04-25T13:11:53.950Z] Waiting confirmation...
[✓] [2026-04-25T13:11:59.483Z] Confirmed! Block: 1308929 | Gas: 166286 | Status: SUCCESS
[•] [2026-04-25T13:11:59.487Z] Jitter delay: 6921ms
[•] [2026-04-25T13:12:06.413Z] Bridging DAI | Amount: 0.00001 | Token: 0xB96A869c74Be2eD561D95a77408505371F287d16
[•] [2026-04-25T13:12:06.414Z] Jitter delay: 29830ms
[✓] [2026-04-25T13:12:36.962Z] DAI already approved: 115792089237316195423570985008687907853269984665640564039457.584007913129639935
[•] [2026-04-25T13:12:37.611Z] Calldata: 0xd6d344a1...0000000009184e72a000
[•] [2026-04-25T13:12:37.834Z] Estimated gas: 171254
[•] [2026-04-25T13:12:37.835Z] Sending tx... nonce: 167
[✓] [2026-04-25T13:12:38.348Z] Tx sent: 0x0061ead0c465af88cf1a5e345334440d501406870b5cd659f4388adc9c9ef591
[•] [2026-04-25T13:12:38.349Z] Waiting confirmation...
[✓] [2026-04-25T13:12:43.894Z] Confirmed! Block: 1308938 | Gas: 166334 | Status: SUCCESS
[✓] [2026-04-25T13:12:43.897Z] Loop #18 completed
[•] [2026-04-25T13:12:43.898Z] Waiting 582s till next loop...
[•] [2026-04-25T13:22:26.700Z] ═══ Loop #19 ═══
[•] [2026-04-25T13:22:26.702Z] Bridging ETH | Amount: 0.0000001 | Token: 0x0000000000000000000000000000000000000000
[•] [2026-04-25T13:22:26.703Z] Jitter delay: 19438ms
[•] [2026-04-25T13:22:48.331Z] Calldata: 0xd6d344a1...0000000000174876e800
[•] [2026-04-25T13:22:48.551Z] Estimated gas: 131192
[•] [2026-04-25T13:22:48.552Z] Sending tx... nonce: 168
[✓] [2026-04-25T13:22:49.069Z] Tx sent: 0x4d3fbcc8f44d5b48ffb70ee4e8e2c4fb8db837c3ff677538dfbe42aec2fd7d75
[•] [2026-04-25T13:22:49.070Z] Waiting confirmation...
[✓] [2026-04-25T13:22:54.641Z] Confirmed! Block: 1309060 | Gas: 126272 | Status: SUCCESS
[•] [2026-04-25T13:22:54.644Z] Jitter delay: 18735ms
[•] [2026-04-25T13:23:13.396Z] Bridging USDT | Amount: 0.00001 | Token: 0xfcc025A3E170DF62de0e25AF7CeAf1C89aBfe6E9
[•] [2026-04-25T13:23:13.397Z] Jitter delay: 29321ms
[✓] [2026-04-25T13:23:43.444Z] USDT already approved: 115792089237316195423570985008687907853269984665640564039457584007913129.639935
[•] [2026-04-25T13:23:44.183Z] Calldata: 0xd6d344a1...0000000000000000000a
[•] [2026-04-25T13:23:44.415Z] Estimated gas: 171206
[•] [2026-04-25T13:23:44.416Z] Sending tx... nonce: 169
[✓] [2026-04-25T13:23:44.910Z] Tx sent: 0x0e21980aeabf14de5c8fa4b22bc1fbb69d253045fa4b16dd59baa68321616745
[•] [2026-04-25T13:23:44.911Z] Waiting confirmation...
[✓] [2026-04-25T13:23:50.589Z] Confirmed! Block: 1309071 | Gas: 166286 | Status: SUCCESS
[•] [2026-04-25T13:23:50.593Z] Jitter delay: 27733ms
[•] [2026-04-25T13:24:18.350Z] Bridging USDC | Amount: 0.00001 | Token: 0xe819EB5be34B20f1FEC012c0DAf960397A0Fb386
[•] [2026-04-25T13:24:18.351Z] Jitter delay: 25760ms
[✓] [2026-04-25T13:24:45.014Z] USDC already approved: 115792089237316195423570985008687907853269984665640564039457584007913129.639935
[•] [2026-04-25T13:24:45.693Z] Calldata: 0xd6d344a1...0000000000000000000a
[•] [2026-04-25T13:24:45.924Z] Estimated gas: 171206
[•] [2026-04-25T13:24:45.925Z] Sending tx... nonce: 170
[✓] [2026-04-25T13:24:46.449Z] Tx sent: 0xd365bbe348b5c4b161949de0b9ed7aac14deb8a58f7fc83103bf3f936120f709
[•] [2026-04-25T13:24:46.450Z] Waiting confirmation...
[✓] [2026-04-25T13:24:47.610Z] Confirmed! Block: 1309083 | Gas: 166286 | Status: SUCCESS
[•] [2026-04-25T13:24:47.611Z] Jitter delay: 9839ms
[•] [2026-04-25T13:24:57.458Z] Bridging DAI | Amount: 0.00001 | Token: 0xB96A869c74Be2eD561D95a77408505371F287d16
[•] [2026-04-25T13:24:57.459Z] Jitter delay: 10808ms
[✓] [2026-04-25T13:25:09.060Z] DAI already approved: 115792089237316195423570985008687907853269984665640564039457.584007913129639935
[•] [2026-04-25T13:25:09.854Z] Calldata: 0xd6d344a1...0000000009184e72a000
[•] [2026-04-25T13:25:10.121Z] Estimated gas: 171254
[•] [2026-04-25T13:25:10.122Z] Sending tx... nonce: 171
[✓] [2026-04-25T13:25:10.710Z] Tx sent: 0xa02e14052d459d09d5f334832d91093aacb2ac3a91e13e8378a87a7213fee9a9
[•] [2026-04-25T13:25:10.710Z] Waiting confirmation...
[✓] [2026-04-25T13:25:16.658Z] Confirmed! Block: 1309088 | Gas: 166334 | Status: SUCCESS
[✓] [2026-04-25T13:25:16.661Z] Loop #19 completed
[•] [2026-04-25T13:25:16.662Z] Waiting 500s till next loop...
[•] [2026-04-25T13:42:53.618Z] ═══ Teqoin Auto Bridge Bot v4 Started ═══
[•] [2026-04-25T13:42:53.666Z] Mode: WRAP | Assets: ETH, USDT, USDC, DAI | Loop: true
[✓] [2026-04-25T13:42:57.355Z] TOR connected | Exit IP: 45.66.35.34
[✓] [2026-04-25T13:42:57.523Z] Wallet: 0xc176D56CCF99857A76d377Bacf21cF70107783e7
[•] [2026-04-25T13:42:57.524Z] ═══ Loop #1 ═══
[•] [2026-04-25T13:42:57.529Z] Bridging ETH | Amount: 0.0000001 | Token: 0x0000000000000000000000000000000000000000
[•] [2026-04-25T13:42:57.531Z] Jitter delay: 14181ms
[•] [2026-04-25T13:43:13.613Z] Calldata: 0xd6d344a1...0000000000174876e800
[•] [2026-04-25T13:43:13.847Z] Estimated gas: 131192
[•] [2026-04-25T13:43:13.848Z] Sending tx... nonce: 172
[✓] [2026-04-25T13:43:14.375Z] Tx sent: 0xea000efb844323129397343b8cdf3e9b8acdeed682a31f392ebd6f76b1b1232e
[•] [2026-04-25T13:43:14.376Z] Waiting confirmation...
[✓] [2026-04-25T13:43:20.035Z] Confirmed! Block: 1309305 | Gas: 126272 | Status: SUCCESS
[•] [2026-04-25T13:43:20.038Z] Jitter delay: 10551ms
[•] [2026-04-25T13:43:30.594Z] Bridging USDT | Amount: 0.00001 | Token: 0xfcc025A3E170DF62de0e25AF7CeAf1C89aBfe6E9
[•] [2026-04-25T13:43:30.595Z] Jitter delay: 21874ms
[✓] [2026-04-25T13:43:53.114Z] USDT already approved: 115792089237316195423570985008687907853269984665640564039457584007913129.639935
[•] [2026-04-25T13:43:53.765Z] Calldata: 0xd6d344a1...0000000000000000000a
[•] [2026-04-25T13:43:53.980Z] Estimated gas: 171206
[•] [2026-04-25T13:43:53.980Z] Sending tx... nonce: 173
[✓] [2026-04-25T13:43:54.489Z] Tx sent: 0xdc95a9d3b48908a288d96f855fd36baf7281b1b2504c082d5df115706be454d9
[•] [2026-04-25T13:43:54.490Z] Waiting confirmation...
[✓] [2026-04-25T13:44:00.061Z] Confirmed! Block: 1309313 | Gas: 166286 | Status: SUCCESS
[•] [2026-04-25T13:44:00.065Z] Jitter delay: 25811ms
[•] [2026-04-25T13:44:25.880Z] Bridging USDC | Amount: 0.00001 | Token: 0xe819EB5be34B20f1FEC012c0DAf960397A0Fb386
[•] [2026-04-25T13:44:25.881Z] Jitter delay: 27886ms
[✓] [2026-04-25T13:44:54.434Z] USDC already approved: 115792089237316195423570985008687907853269984665640564039457584007913129.639935
[•] [2026-04-25T13:44:55.100Z] Calldata: 0xd6d344a1...0000000000000000000a
[•] [2026-04-25T13:44:55.315Z] Estimated gas: 171206
[•] [2026-04-25T13:44:55.316Z] Sending tx... nonce: 174
[✓] [2026-04-25T13:44:55.823Z] Tx sent: 0x325fa46c18b61d42ad7eeba7a7a9341a204b7c5b840928d36900193d6f869951
[•] [2026-04-25T13:44:55.824Z] Waiting confirmation...
[✓] [2026-04-25T13:45:01.304Z] Confirmed! Block: 1309325 | Gas: 166286 | Status: SUCCESS
[•] [2026-04-25T13:45:01.305Z] Jitter delay: 12031ms
[•] [2026-04-25T13:45:13.339Z] Bridging DAI | Amount: 0.00001 | Token: 0xB96A869c74Be2eD561D95a77408505371F287d16
[•] [2026-04-25T13:45:13.340Z] Jitter delay: 22996ms
[✓] [2026-04-25T13:45:37.034Z] DAI already approved: 115792089237316195423570985008687907853269984665640564039457.584007913129639935
[•] [2026-04-25T13:45:37.703Z] Calldata: 0xd6d344a1...0000000009184e72a000
[•] [2026-04-25T13:45:37.934Z] Estimated gas: 171254
[•] [2026-04-25T13:45:37.935Z] Sending tx... nonce: 175
[✓] [2026-04-25T13:45:38.409Z] Tx sent: 0x3de6b4a8244e3992294379373f43f98762c592244c1c0ca918091602d20de192
[•] [2026-04-25T13:45:38.410Z] Waiting confirmation...
[✓] [2026-04-25T13:45:43.947Z] Confirmed! Block: 1309334 | Gas: 166334 | Status: SUCCESS
[✓] [2026-04-25T13:45:43.949Z] Loop #1 completed
[•] [2026-04-25T13:45:43.949Z] Waiting 466s till next loop...
[•] [2026-04-25T13:57:40.288Z] ═══ Loop #2 ═══
[•] [2026-04-25T13:57:40.382Z] Bridging ETH | Amount: 0.0000001 | Token: 0x0000000000000000000000000000000000000000
[•] [2026-04-25T13:57:40.398Z] Jitter delay: 10595ms
[•] [2026-04-25T13:58:19.890Z] Calldata: 0xd6d344a1...0000000000174876e800
[•] [2026-04-25T13:58:20.129Z] Estimated gas: 131192
[•] [2026-04-25T13:58:20.132Z] Sending tx... nonce: 176
[✓] [2026-04-25T13:58:20.784Z] Tx sent: 0x5810023838f16cb6200b83e58335d9388bb34a3014ad534775b3cb73dd0326ab
[•] [2026-04-25T13:58:20.785Z] Waiting confirmation...
[✓] [2026-04-25T13:58:29.615Z] Confirmed! Block: 1309486 | Gas: 126272 | Status: SUCCESS
[•] [2026-04-25T13:58:29.617Z] Jitter delay: 11985ms
[•] [2026-04-25T13:59:16.360Z] Bridging USDT | Amount: 0.00001 | Token: 0xfcc025A3E170DF62de0e25AF7CeAf1C89aBfe6E9
[•] [2026-04-25T13:59:16.364Z] Jitter delay: 5275ms
[✓] [2026-04-25T13:59:44.291Z] USDT already approved: 115792089237316195423570985008687907853269984665640564039457584007913129.639935
[•] [2026-04-25T13:59:45.024Z] Calldata: 0xd6d344a1...0000000000000000000a
[•] [2026-04-25T13:59:45.287Z] Estimated gas: 171206
[•] [2026-04-25T13:59:45.289Z] Sending tx... nonce: 177
[✓] [2026-04-25T13:59:45.865Z] Tx sent: 0x1d534cc9aa30323483d0b963792d3d44b0f9092741f8ffd67cacbdd711c18dcf
[•] [2026-04-25T13:59:45.865Z] Waiting confirmation...
[✓] [2026-04-25T13:59:53.336Z] Confirmed! Block: 1309503 | Gas: 166286 | Status: SUCCESS
[•] [2026-04-25T13:59:53.341Z] Jitter delay: 26435ms
[•] [2026-04-25T14:00:43.965Z] Bridging USDC | Amount: 0.00001 | Token: 0xe819EB5be34B20f1FEC012c0DAf960397A0Fb386
[•] [2026-04-25T14:00:43.965Z] Jitter delay: 11347ms
[✓] [2026-04-25T14:00:56.019Z] USDC already approved: 115792089237316195423570985008687907853269984665640564039457584007913129.639935
[•] [2026-04-25T14:00:56.731Z] Calldata: 0xd6d344a1...0000000000000000000a
[•] [2026-04-25T14:00:56.964Z] Estimated gas: 171206
[•] [2026-04-25T14:00:56.965Z] Sending tx... nonce: 178
[✓] [2026-04-25T14:00:57.452Z] Tx sent: 0x10b907e793ba8b2979cf6b5440f20a4f2148883033b4dbdf5d5b2f2e9d14cead
[•] [2026-04-25T14:00:57.452Z] Waiting confirmation...
[✓] [2026-04-25T14:01:03.487Z] Confirmed! Block: 1309518 | Gas: 166286 | Status: SUCCESS
[•] [2026-04-25T14:01:03.489Z] Jitter delay: 13968ms
[•] [2026-04-25T14:01:17.465Z] Bridging DAI | Amount: 0.00001 | Token: 0xB96A869c74Be2eD561D95a77408505371F287d16
[•] [2026-04-25T14:01:17.467Z] Jitter delay: 14311ms
[✓] [2026-04-25T14:01:32.690Z] DAI already approved: 115792089237316195423570985008687907853269984665640564039457.584007913129639935
[•] [2026-04-25T14:01:33.513Z] Calldata: 0xd6d344a1...0000000009184e72a000
[•] [2026-04-25T14:01:33.775Z] Estimated gas: 171254
[•] [2026-04-25T14:01:33.776Z] Sending tx... nonce: 179
[✓] [2026-04-25T14:01:34.396Z] Tx sent: 0x97951e7c4b48e0083d0009b0dc58c3baf01a194adcecc0dfd249c3cc8cea67bf
[•] [2026-04-25T14:01:34.397Z] Waiting confirmation...
[✓] [2026-04-25T14:01:40.348Z] Confirmed! Block: 1309525 | Gas: 166334 | Status: SUCCESS
[✓] [2026-04-25T14:01:40.352Z] Loop #2 completed
[•] [2026-04-25T14:01:40.353Z] Waiting 477s till next loop...
[•] [2026-04-25T14:09:37.532Z] ═══ Loop #3 ═══
[•] [2026-04-25T14:09:37.588Z] Bridging ETH | Amount: 0.0000001 | Token: 0x0000000000000000000000000000000000000000
[•] [2026-04-25T14:09:37.589Z] Jitter delay: 18713ms
[•] [2026-04-25T14:09:58.898Z] Calldata: 0xd6d344a1...0000000000174876e800
[•] [2026-04-25T14:09:59.174Z] Estimated gas: 131192
[•] [2026-04-25T14:09:59.175Z] Sending tx... nonce: 180
[✓] [2026-04-25T14:09:59.738Z] Tx sent: 0xa846b2753603ad0b4d96f14be1adfd77d364bc06e770cc10018b2ea9329c73ef
[•] [2026-04-25T14:09:59.738Z] Waiting confirmation...
[✓] [2026-04-25T14:10:05.688Z] Confirmed! Block: 1309626 | Gas: 126272 | Status: SUCCESS
[•] [2026-04-25T14:10:05.691Z] Jitter delay: 28408ms
[•] [2026-04-25T14:10:34.116Z] Bridging USDT | Amount: 0.00001 | Token: 0xfcc025A3E170DF62de0e25AF7CeAf1C89aBfe6E9
[•] [2026-04-25T14:10:34.117Z] Jitter delay: 9584ms
[✓] [2026-04-25T14:10:44.480Z] USDT already approved: 115792089237316195423570985008687907853269984665640564039457584007913129.639935
[•] [2026-04-25T14:10:45.239Z] Calldata: 0xd6d344a1...0000000000000000000a
[•] [2026-04-25T14:10:45.490Z] Estimated gas: 171206
[•] [2026-04-25T14:10:45.491Z] Sending tx... nonce: 181
[✓] [2026-04-25T14:10:46.001Z] Tx sent: 0x3d939724082767ce41bab16df30727fd1a0f1de5791aca8ae1186f6f1a1aa6f9
[•] [2026-04-25T14:10:46.002Z] Waiting confirmation...
[✓] [2026-04-25T14:10:51.847Z] Confirmed! Block: 1309635 | Gas: 166286 | Status: SUCCESS
[•] [2026-04-25T14:10:51.850Z] Jitter delay: 17812ms
[•] [2026-04-25T14:11:09.676Z] Bridging USDC | Amount: 0.00001 | Token: 0xe819EB5be34B20f1FEC012c0DAf960397A0Fb386
[•] [2026-04-25T14:11:09.678Z] Jitter delay: 9570ms
[✓] [2026-04-25T14:11:19.885Z] USDC already approved: 115792089237316195423570985008687907853269984665640564039457584007913129.639935
[•] [2026-04-25T14:11:20.591Z] Calldata: 0xd6d344a1...0000000000000000000a
[•] [2026-04-25T14:11:20.811Z] Estimated gas: 171206
[•] [2026-04-25T14:11:20.811Z] Sending tx... nonce: 182
[✓] [2026-04-25T14:11:21.290Z] Tx sent: 0x46d88d38cfe15dc2ad93ea3a57c71b48132663c46cd10428c168ed78ce3a1b32
[•] [2026-04-25T14:11:21.290Z] Waiting confirmation...
[✓] [2026-04-25T14:11:22.528Z] Confirmed! Block: 1309642 | Gas: 166286 | Status: SUCCESS
[•] [2026-04-25T14:11:22.528Z] Jitter delay: 13113ms
[•] [2026-04-25T14:11:35.648Z] Bridging DAI | Amount: 0.00001 | Token: 0xB96A869c74Be2eD561D95a77408505371F287d16
[•] [2026-04-25T14:11:35.650Z] Jitter delay: 19665ms
[✓] [2026-04-25T14:11:56.130Z] DAI already approved: 115792089237316195423570985008687907853269984665640564039457.584007913129639935
[•] [2026-04-25T14:11:56.912Z] Calldata: 0xd6d344a1...0000000009184e72a000
[•] [2026-04-25T14:11:57.174Z] Estimated gas: 171254
[•] [2026-04-25T14:11:57.176Z] Sending tx... nonce: 183
[✓] [2026-04-25T14:11:57.782Z] Tx sent: 0x3ed67edc3c52b189fda28152646b1350289c8a8a90b765830145a4b1127a0a8a
[•] [2026-04-25T14:11:57.783Z] Waiting confirmation...
[✓] [2026-04-25T14:12:03.967Z] Confirmed! Block: 1309650 | Gas: 166334 | Status: SUCCESS
[✓] [2026-04-25T14:12:03.973Z] Loop #3 completed
[•] [2026-04-25T14:12:03.974Z] Waiting 401s till next loop...
[•] [2026-04-25T14:18:45.743Z] ═══ Loop #4 ═══
[•] [2026-04-25T14:18:45.761Z] Bridging ETH | Amount: 0.0000001 | Token: 0x0000000000000000000000000000000000000000
[•] [2026-04-25T14:18:45.762Z] Jitter delay: 26772ms
[•] [2026-04-25T14:19:14.972Z] Calldata: 0xd6d344a1...0000000000174876e800
[•] [2026-04-25T14:19:15.249Z] Estimated gas: 131192
[•] [2026-04-25T14:19:15.249Z] Sending tx... nonce: 184
[✓] [2026-04-25T14:19:15.786Z] Tx sent: 0x9b4d25442f6e1c07536553638f453a2255e5cd54fc77a502598bab33b9c88380
[•] [2026-04-25T14:19:15.787Z] Waiting confirmation...
[✓] [2026-04-25T14:19:21.486Z] Confirmed! Block: 1309737 | Gas: 126272 | Status: SUCCESS
[•] [2026-04-25T14:19:21.487Z] Jitter delay: 26304ms
[•] [2026-04-25T14:19:47.812Z] Bridging USDT | Amount: 0.00001 | Token: 0xfcc025A3E170DF62de0e25AF7CeAf1C89aBfe6E9
[•] [2026-04-25T14:19:47.813Z] Jitter delay: 28080ms
[✓] [2026-04-25T14:20:16.659Z] USDT already approved: 115792089237316195423570985008687907853269984665640564039457584007913129.639935
[•] [2026-04-25T14:20:17.300Z] Calldata: 0xd6d344a1...0000000000000000000a
[•] [2026-04-25T14:20:17.516Z] Estimated gas: 171206
[•] [2026-04-25T14:20:17.516Z] Sending tx... nonce: 185
[✓] [2026-04-25T14:20:17.983Z] Tx sent: 0x51594683d3222df9dde66131726a9d8d872f6ca99944dd626e690c1e8d21da24
[•] [2026-04-25T14:20:17.984Z] Waiting confirmation...
[✓] [2026-04-25T14:20:23.577Z] Confirmed! Block: 1309750 | Gas: 166286 | Status: SUCCESS
[•] [2026-04-25T14:20:23.579Z] Jitter delay: 22974ms
[•] [2026-04-25T14:20:46.560Z] Bridging USDC | Amount: 0.00001 | Token: 0xe819EB5be34B20f1FEC012c0DAf960397A0Fb386
[•] [2026-04-25T14:20:46.561Z] Jitter delay: 6854ms
[✓] [2026-04-25T14:20:54.194Z] USDC already approved: 115792089237316195423570985008687907853269984665640564039457584007913129.639935
[•] [2026-04-25T14:20:54.926Z] Calldata: 0xd6d344a1...0000000000000000000a
[•] [2026-04-25T14:20:55.167Z] Estimated gas: 171206
[•] [2026-04-25T14:20:55.168Z] Sending tx... nonce: 186
[✓] [2026-04-25T14:20:55.689Z] Tx sent: 0xf7e45051c9dd0b34ba139b6ca0c2a8f03891415ad0a634d8b6245316ec5c194e
[•] [2026-04-25T14:20:55.690Z] Waiting confirmation...
[✓] [2026-04-25T14:21:01.479Z] Confirmed! Block: 1309757 | Gas: 166286 | Status: SUCCESS
[•] [2026-04-25T14:21:01.481Z] Jitter delay: 9124ms
[•] [2026-04-25T14:21:10.610Z] Bridging DAI | Amount: 0.00001 | Token: 0xB96A869c74Be2eD561D95a77408505371F287d16
[•] [2026-04-25T14:21:10.612Z] Jitter delay: 24167ms
[✓] [2026-04-25T14:21:35.508Z] DAI already approved: 115792089237316195423570985008687907853269984665640564039457.584007913129639935
[•] [2026-04-25T14:21:36.182Z] Calldata: 0xd6d344a1...0000000009184e72a000
[•] [2026-04-25T14:21:36.395Z] Estimated gas: 171254
[•] [2026-04-25T14:21:36.396Z] Sending tx... nonce: 187
[✓] [2026-04-25T14:21:36.852Z] Tx sent: 0x5bfef25bcced7539ca3f72e2543b2319902b73ff307ed29e7a5a2f580a6899c7
[•] [2026-04-25T14:21:36.852Z] Waiting confirmation...
[✓] [2026-04-25T14:21:37.921Z] Confirmed! Block: 1309765 | Gas: 166334 | Status: SUCCESS
[✓] [2026-04-25T14:21:37.924Z] Loop #4 completed
[•] [2026-04-25T14:21:37.924Z] Waiting 505s till next loop...
[•] [2026-04-25T14:30:03.440Z] ═══ Loop #5 ═══
[•] [2026-04-25T14:30:03.515Z] Bridging ETH | Amount: 0.0000001 | Token: 0x0000000000000000000000000000000000000000
[•] [2026-04-25T14:30:03.517Z] Jitter delay: 24437ms
[•] [2026-04-25T14:30:29.780Z] Calldata: 0xd6d344a1...0000000000174876e800
[•] [2026-04-25T14:30:30.006Z] Estimated gas: 131192
[•] [2026-04-25T14:30:30.007Z] Sending tx... nonce: 188
[✓] [2026-04-25T14:30:30.536Z] Tx sent: 0xc6a836886c0b7d83c2588bfe81dec5c2427129213c73ae63feaa5eaae581d2e0
[•] [2026-04-25T14:30:30.536Z] Waiting confirmation...
[✓] [2026-04-25T14:30:36.138Z] Confirmed! Block: 1309872 | Gas: 126272 | Status: SUCCESS
[•] [2026-04-25T14:30:36.143Z] Jitter delay: 9858ms
[•] [2026-04-25T14:30:46.009Z] Bridging USDT | Amount: 0.00001 | Token: 0xfcc025A3E170DF62de0e25AF7CeAf1C89aBfe6E9
[•] [2026-04-25T14:30:46.012Z] Jitter delay: 7649ms
[✓] [2026-04-25T14:30:55.033Z] USDT already approved: 115792089237316195423570985008687907853269984665640564039457584007913129.639935
[•] [2026-04-25T14:30:55.926Z] Calldata: 0xd6d344a1...0000000000000000000a
[•] [2026-04-25T14:30:56.183Z] Estimated gas: 171206
[•] [2026-04-25T14:30:56.185Z] Sending tx... nonce: 189
[✓] [2026-04-25T14:30:56.780Z] Tx sent: 0x201c50305c97b715bf6570ae1301d7b6500ef656e00c03d055035f8d0db497cb
[•] [2026-04-25T14:30:56.781Z] Waiting confirmation...
[✓] [2026-04-25T14:30:58.070Z] Confirmed! Block: 1309877 | Gas: 166286 | Status: SUCCESS
[•] [2026-04-25T14:30:58.073Z] Jitter delay: 10124ms
[•] [2026-04-25T14:31:08.204Z] Bridging USDC | Amount: 0.00001 | Token: 0xe819EB5be34B20f1FEC012c0DAf960397A0Fb386
[•] [2026-04-25T14:31:08.205Z] Jitter delay: 6552ms
[✓] [2026-04-25T14:31:16.454Z] USDC already approved: 115792089237316195423570985008687907853269984665640564039457584007913129.639935
[•] [2026-04-25T14:31:17.157Z] Calldata: 0xd6d344a1...0000000000000000000a
[•] [2026-04-25T14:31:17.398Z] Estimated gas: 171206
[•] [2026-04-25T14:31:17.399Z] Sending tx... nonce: 190
[✓] [2026-04-25T14:31:17.869Z] Tx sent: 0x347bd4e5a30e89e9d30032b1083cbd0959895e741d073e4ae87fd43684237aff
[•] [2026-04-25T14:31:17.870Z] Waiting confirmation...
[✓] [2026-04-25T14:31:23.413Z] Confirmed! Block: 1309882 | Gas: 166286 | Status: SUCCESS
[•] [2026-04-25T14:31:23.427Z] Jitter delay: 23372ms
[•] [2026-04-25T14:31:46.820Z] Bridging DAI | Amount: 0.00001 | Token: 0xB96A869c74Be2eD561D95a77408505371F287d16
[•] [2026-04-25T14:31:46.823Z] Jitter delay: 29933ms
[✓] [2026-04-25T14:32:17.594Z] DAI already approved: 115792089237316195423570985008687907853269984665640564039457.584007913129639935
[•] [2026-04-25T14:32:18.220Z] Calldata: 0xd6d344a1...0000000009184e72a000
[•] [2026-04-25T14:32:18.435Z] Estimated gas: 171254
[•] [2026-04-25T14:32:18.438Z] Sending tx... nonce: 191
[✓] [2026-04-25T14:32:18.959Z] Tx sent: 0x0b955709a6365ea14c8a24ecf6d144db08b47a20e7efa6fc75ef478fe3ecb2d0
[•] [2026-04-25T14:32:18.960Z] Waiting confirmation...
[✓] [2026-04-25T14:32:24.529Z] Confirmed! Block: 1309894 | Gas: 166334 | Status: SUCCESS
[✓] [2026-04-25T14:32:24.536Z] Loop #5 completed
[•] [2026-04-25T14:32:24.537Z] Waiting 331s till next loop...
[•] [2026-04-25T14:37:56.277Z] ═══ Loop #6 ═══
[•] [2026-04-25T14:37:56.349Z] Bridging ETH | Amount: 0.0000001 | Token: 0x0000000000000000000000000000000000000000
[•] [2026-04-25T14:37:56.351Z] Jitter delay: 12484ms
[•] [2026-04-25T14:38:11.411Z] Calldata: 0xd6d344a1...0000000000174876e800
[•] [2026-04-25T14:38:11.664Z] Estimated gas: 131192
[•] [2026-04-25T14:38:11.667Z] Sending tx... nonce: 192
[✓] [2026-04-25T14:38:12.245Z] Tx sent: 0xd552917d75029f6cb0a55539f13af0003df00f6a9e36646cf3ab64ad703a0a2b
[•] [2026-04-25T14:38:12.246Z] Waiting confirmation...
[✓] [2026-04-25T14:38:22.308Z] Confirmed! Block: 1309965 | Gas: 126272 | Status: SUCCESS
[•] [2026-04-25T14:38:22.315Z] Jitter delay: 16187ms
[•] [2026-04-25T14:38:38.505Z] Bridging USDT | Amount: 0.00001 | Token: 0xfcc025A3E170DF62de0e25AF7CeAf1C89aBfe6E9
[•] [2026-04-25T14:38:38.505Z] Jitter delay: 16294ms
[✓] [2026-04-25T14:38:55.604Z] USDT already approved: 115792089237316195423570985008687907853269984665640564039457584007913129.639935
[•] [2026-04-25T14:38:56.333Z] Calldata: 0xd6d344a1...0000000000000000000a
[•] [2026-04-25T14:38:56.576Z] Estimated gas: 171206
[•] [2026-04-25T14:38:56.577Z] Sending tx... nonce: 193
[✓] [2026-04-25T14:38:57.112Z] Tx sent: 0x254801b53820a559f9bb09d7df4744291be038c6ef78e730776fee45fbdc2309
[•] [2026-04-25T14:38:57.112Z] Waiting confirmation...
[✓] [2026-04-25T14:38:58.110Z] Confirmed! Block: 1309973 | Gas: 166286 | Status: SUCCESS
[•] [2026-04-25T14:38:58.112Z] Jitter delay: 10054ms
[•] [2026-04-25T14:39:08.175Z] Bridging USDC | Amount: 0.00001 | Token: 0xe819EB5be34B20f1FEC012c0DAf960397A0Fb386
[•] [2026-04-25T14:39:08.177Z] Jitter delay: 5970ms
[✓] [2026-04-25T14:39:14.951Z] USDC already approved: 115792089237316195423570985008687907853269984665640564039457584007913129.639935
[•] [2026-04-25T14:39:15.562Z] Calldata: 0xd6d344a1...0000000000000000000a
[•] [2026-04-25T14:39:15.802Z] Estimated gas: 171206
[•] [2026-04-25T14:39:15.803Z] Sending tx... nonce: 194
[✓] [2026-04-25T14:39:16.266Z] Tx sent: 0x78bd5dbb38bf7cbaed83e05d1a7c9edaaba5ee2d55dbfee6fb723bc539e4f724
[•] [2026-04-25T14:39:16.267Z] Waiting confirmation...
[✓] [2026-04-25T14:39:21.803Z] Confirmed! Block: 1309977 | Gas: 166286 | Status: SUCCESS
[•] [2026-04-25T14:39:21.807Z] Jitter delay: 25870ms
[•] [2026-04-25T14:39:47.700Z] Bridging DAI | Amount: 0.00001 | Token: 0xB96A869c74Be2eD561D95a77408505371F287d16
[•] [2026-04-25T14:39:47.701Z] Jitter delay: 7140ms
[✓] [2026-04-25T14:39:55.447Z] DAI already approved: 115792089237316195423570985008687907853269984665640564039457.584007913129639935
[•] [2026-04-25T14:39:56.051Z] Calldata: 0xd6d344a1...0000000009184e72a000
[•] [2026-04-25T14:39:56.255Z] Estimated gas: 171254
[•] [2026-04-25T14:39:56.255Z] Sending tx... nonce: 195
[✓] [2026-04-25T14:39:56.735Z] Tx sent: 0xcf9c2868b14fda9c8d857a09c0218809dc2d765ab1084c0bdd84aeea9628a3fc
[•] [2026-04-25T14:39:56.736Z] Waiting confirmation...
[✓] [2026-04-25T14:39:57.894Z] Confirmed! Block: 1309985 | Gas: 166334 | Status: SUCCESS
[✓] [2026-04-25T14:39:57.896Z] Loop #6 completed
[•] [2026-04-25T14:39:57.897Z] Waiting 498s till next loop...
[•] [2026-04-25T14:48:16.152Z] ═══ Loop #7 ═══
[•] [2026-04-25T14:48:16.199Z] Bridging ETH | Amount: 0.0000001 | Token: 0x0000000000000000000000000000000000000000
[•] [2026-04-25T14:48:16.200Z] Jitter delay: 22685ms
[•] [2026-04-25T14:48:41.619Z] Calldata: 0xd6d344a1...0000000000174876e800
[•] [2026-04-25T14:48:41.882Z] Estimated gas: 131192
[•] [2026-04-25T14:48:41.884Z] Sending tx... nonce: 196
[✓] [2026-04-25T14:48:42.499Z] Tx sent: 0x2f8416cfd64ea6988308ea02c0be41e5489a5efa72d85eac940c73cce444f36e
[•] [2026-04-25T14:48:42.500Z] Waiting confirmation...
[✓] [2026-04-25T14:48:48.807Z] Confirmed! Block: 1310091 | Gas: 126272 | Status: SUCCESS
[•] [2026-04-25T14:48:48.809Z] Jitter delay: 13745ms
[•] [2026-04-25T14:49:02.564Z] Bridging USDT | Amount: 0.00001 | Token: 0xfcc025A3E170DF62de0e25AF7CeAf1C89aBfe6E9
[•] [2026-04-25T14:49:02.566Z] Jitter delay: 28546ms
[✓] [2026-04-25T14:49:31.821Z] USDT already approved: 115792089237316195423570985008687907853269984665640564039457584007913129.639935
[•] [2026-04-25T14:49:32.511Z] Calldata: 0xd6d344a1...0000000000000000000a
[•] [2026-04-25T14:49:32.731Z] Estimated gas: 171206
[•] [2026-04-25T14:49:32.736Z] Sending tx... nonce: 197
[✓] [2026-04-25T14:49:33.321Z] Tx sent: 0x942f834b5e8c978f8c22a606c3276c02fd54f2b631cd3ee326110cddd0f4daea
[•] [2026-04-25T14:49:33.321Z] Waiting confirmation...
[✓] [2026-04-25T14:49:38.925Z] Confirmed! Block: 1310101 | Gas: 166286 | Status: SUCCESS
[•] [2026-04-25T14:49:38.932Z] Jitter delay: 19122ms
[•] [2026-04-25T14:49:58.071Z] Bridging USDC | Amount: 0.00001 | Token: 0xe819EB5be34B20f1FEC012c0DAf960397A0Fb386
[•] [2026-04-25T14:49:58.073Z] Jitter delay: 26485ms
[✓] [2026-04-25T14:50:25.372Z] USDC already approved: 115792089237316195423570985008687907853269984665640564039457584007913129.639935
[•] [2026-04-25T14:50:26.222Z] Calldata: 0xd6d344a1...0000000000000000000a
[•] [2026-04-25T14:50:26.516Z] Estimated gas: 171206
[•] [2026-04-25T14:50:26.516Z] Sending tx... nonce: 198
[✓] [2026-04-25T14:50:27.169Z] Tx sent: 0x27990e81d6cf4413d7ec29a4591d55ebe5b77357e7d1d273296869e2a3989dd1
[•] [2026-04-25T14:50:27.170Z] Waiting confirmation...
[✓] [2026-04-25T14:50:28.559Z] Confirmed! Block: 1310111 | Gas: 166286 | Status: SUCCESS
[•] [2026-04-25T14:50:28.561Z] Jitter delay: 23210ms
[•] [2026-04-25T14:50:51.791Z] Bridging DAI | Amount: 0.00001 | Token: 0xB96A869c74Be2eD561D95a77408505371F287d16
[•] [2026-04-25T14:50:51.793Z] Jitter delay: 24345ms
[✓] [2026-04-25T14:51:16.935Z] DAI already approved: 115792089237316195423570985008687907853269984665640564039457.584007913129639935
[•] [2026-04-25T14:51:17.807Z] Calldata: 0xd6d344a1...0000000009184e72a000
[•] [2026-04-25T14:51:18.076Z] Estimated gas: 171254
[•] [2026-04-25T14:51:18.077Z] Sending tx... nonce: 199
[✓] [2026-04-25T14:51:18.669Z] Tx sent: 0x11d83036283e793e8472ec1f885e1489adcc0463b83ee62fe9adac787f58243c
[•] [2026-04-25T14:51:18.669Z] Waiting confirmation...
[✓] [2026-04-25T14:51:24.716Z] Confirmed! Block: 1310122 | Gas: 166334 | Status: SUCCESS
[✓] [2026-04-25T14:51:24.718Z] Loop #7 completed
[•] [2026-04-25T14:51:24.719Z] Waiting 311s till next loop...
[•] [2026-04-25T14:56:36.402Z] ═══ Loop #8 ═══
[•] [2026-04-25T14:56:36.419Z] Bridging ETH | Amount: 0.0000001 | Token: 0x0000000000000000000000000000000000000000
[•] [2026-04-25T14:56:36.420Z] Jitter delay: 10864ms
[•] [2026-04-25T14:56:49.702Z] Calldata: 0xd6d344a1...0000000000174876e800
[•] [2026-04-25T14:56:49.954Z] Estimated gas: 131192
[•] [2026-04-25T14:56:49.955Z] Sending tx... nonce: 200
[✓] [2026-04-25T14:56:50.541Z] Tx sent: 0x1e44830cf759366b4883c429a0e2667fdb29b60d35c4585dbd8fc6e0a847614d
[•] [2026-04-25T14:56:50.541Z] Waiting confirmation...
[✓] [2026-04-25T14:56:56.303Z] Confirmed! Block: 1310188 | Gas: 126272 | Status: SUCCESS
[•] [2026-04-25T14:56:56.305Z] Jitter delay: 23092ms
[•] [2026-04-25T14:57:19.416Z] Bridging USDT | Amount: 0.00001 | Token: 0xfcc025A3E170DF62de0e25AF7CeAf1C89aBfe6E9
[•] [2026-04-25T14:57:19.416Z] Jitter delay: 28992ms
[✓] [2026-04-25T14:57:49.354Z] USDT already approved: 115792089237316195423570985008687907853269984665640564039457584007913129.639935
[•] [2026-04-25T14:57:50.426Z] Calldata: 0xd6d344a1...0000000000000000000a
[•] [2026-04-25T14:57:50.638Z] Estimated gas: 171206
[•] [2026-04-25T14:57:50.640Z] Sending tx... nonce: 201
[✓] [2026-04-25T14:57:51.089Z] Tx sent: 0xecadaab83e268f19e79aa4a068ac9970c296da5f5151136303349296659fbf94
[•] [2026-04-25T14:57:51.089Z] Waiting confirmation...
[✓] [2026-04-25T14:57:56.860Z] Confirmed! Block: 1310200 | Gas: 166286 | Status: SUCCESS
[•] [2026-04-25T14:57:56.861Z] Jitter delay: 8542ms
[•] [2026-04-25T14:58:05.408Z] Bridging USDC | Amount: 0.00001 | Token: 0xe819EB5be34B20f1FEC012c0DAf960397A0Fb386
[•] [2026-04-25T14:58:05.409Z] Jitter delay: 17404ms
[✓] [2026-04-25T14:58:23.407Z] USDC already approved: 115792089237316195423570985008687907853269984665640564039457584007913129.639935
[•] [2026-04-25T14:58:23.989Z] Calldata: 0xd6d344a1...0000000000000000000a
[•] [2026-04-25T14:58:24.190Z] Estimated gas: 171206
[•] [2026-04-25T14:58:24.191Z] Sending tx... nonce: 202
[✓] [2026-04-25T14:58:24.602Z] Tx sent: 0x0a8b301c6b7470a6c33c2af9173638ea584270aa0098bdfe745f6d9d9f0d17e4
[•] [2026-04-25T14:58:24.603Z] Waiting confirmation...
[✓] [2026-04-25T14:58:30.120Z] Confirmed! Block: 1310207 | Gas: 166286 | Status: SUCCESS
[•] [2026-04-25T14:58:30.127Z] Jitter delay: 5491ms
[•] [2026-04-25T14:58:35.622Z] Bridging DAI | Amount: 0.00001 | Token: 0xB96A869c74Be2eD561D95a77408505371F287d16
[•] [2026-04-25T14:58:35.623Z] Jitter delay: 28965ms
[✓] [2026-04-25T14:59:05.644Z] DAI already approved: 115792089237316195423570985008687907853269984665640564039457.584007913129639935
[•] [2026-04-25T14:59:06.772Z] Calldata: 0xd6d344a1...0000000009184e72a000
[•] [2026-04-25T14:59:07.002Z] Estimated gas: 171254
[•] [2026-04-25T14:59:07.003Z] Sending tx... nonce: 203
[✓] [2026-04-25T14:59:07.484Z] Tx sent: 0xa810542bd47723ab11ab845748e6979d5a38f30ef651e0515173eee311a2af7b
[•] [2026-04-25T14:59:07.485Z] Waiting confirmation...
[✓] [2026-04-25T14:59:13.254Z] Confirmed! Block: 1310216 | Gas: 166334 | Status: SUCCESS
[✓] [2026-04-25T14:59:13.259Z] Loop #8 completed
[•] [2026-04-25T14:59:13.260Z] Waiting 517s till next loop...
[•] [2026-04-25T15:07:50.785Z] ═══ Loop #9 ═══
[•] [2026-04-25T15:07:50.844Z] Bridging ETH | Amount: 0.0000001 | Token: 0x0000000000000000000000000000000000000000
[•] [2026-04-25T15:07:50.846Z] Jitter delay: 13769ms
[•] [2026-04-25T15:08:06.199Z] Calldata: 0xd6d344a1...0000000000174876e800
[•] [2026-04-25T15:08:06.424Z] Estimated gas: 131192
[•] [2026-04-25T15:08:06.427Z] Sending tx... nonce: 204
[✓] [2026-04-25T15:08:07.011Z] Tx sent: 0x87a6b6180db5efd803966e4dc97094d71eb8a51667fe0b79c71f1b48f14a84c4
[•] [2026-04-25T15:08:07.011Z] Waiting confirmation...
[✓] [2026-04-25T15:08:07.942Z] Confirmed! Block: 1310323 | Gas: 126272 | Status: SUCCESS
[•] [2026-04-25T15:08:07.944Z] Jitter delay: 28081ms
[•] [2026-04-25T15:08:36.049Z] Bridging USDT | Amount: 0.00001 | Token: 0xfcc025A3E170DF62de0e25AF7CeAf1C89aBfe6E9
[•] [2026-04-25T15:08:36.053Z] Jitter delay: 27637ms
[✓] [2026-04-25T15:09:04.523Z] USDT already approved: 115792089237316195423570985008687907853269984665640564039457584007913129.639935
[•] [2026-04-25T15:09:05.247Z] Calldata: 0xd6d344a1...0000000000000000000a
[•] [2026-04-25T15:09:05.483Z] Estimated gas: 171206
[•] [2026-04-25T15:09:05.486Z] Sending tx... nonce: 205
[✓] [2026-04-25T15:09:06.038Z] Tx sent: 0xca79383db5e0d520343354793ac046bf465d0eaff4e86e5f21c9268e27edfa7e
[•] [2026-04-25T15:09:06.039Z] Waiting confirmation...
[✓] [2026-04-25T15:09:11.841Z] Confirmed! Block: 1310335 | Gas: 166286 | Status: SUCCESS
[•] [2026-04-25T15:09:11.845Z] Jitter delay: 25398ms
[•] [2026-04-25T15:09:37.268Z] Bridging USDC | Amount: 0.00001 | Token: 0xe819EB5be34B20f1FEC012c0DAf960397A0Fb386
[•] [2026-04-25T15:09:37.271Z] Jitter delay: 21540ms
[✓] [2026-04-25T15:09:59.535Z] USDC already approved: 115792089237316195423570985008687907853269984665640564039457584007913129.639935
[•] [2026-04-25T15:10:00.218Z] Calldata: 0xd6d344a1...0000000000000000000a
[•] [2026-04-25T15:10:00.448Z] Estimated gas: 171206
[•] [2026-04-25T15:10:00.449Z] Sending tx... nonce: 206
[✓] [2026-04-25T15:10:00.959Z] Tx sent: 0x28142a508fe5b7c8b5abc18120d66a9c566c062b94aa4a1784bf3099ff157111
[•] [2026-04-25T15:10:00.960Z] Waiting confirmation...
[✓] [2026-04-25T15:10:06.605Z] Confirmed! Block: 1310346 | Gas: 166286 | Status: SUCCESS
[•] [2026-04-25T15:10:06.607Z] Jitter delay: 5252ms
[•] [2026-04-25T15:10:11.865Z] Bridging DAI | Amount: 0.00001 | Token: 0xB96A869c74Be2eD561D95a77408505371F287d16
[•] [2026-04-25T15:10:11.866Z] Jitter delay: 13680ms
[✓] [2026-04-25T15:10:26.175Z] DAI already approved: 115792089237316195423570985008687907853269984665640564039457.584007913129639935
[•] [2026-04-25T15:10:26.818Z] Calldata: 0xd6d344a1...0000000009184e72a000
[•] [2026-04-25T15:10:27.030Z] Estimated gas: 171254
[•] [2026-04-25T15:10:27.031Z] Sending tx... nonce: 207
[✓] [2026-04-25T15:10:27.513Z] Tx sent: 0x2e7c82a4fd7f2b16f5935139f2e08edef9f5519a4576d27332a826ecb2867c67
[•] [2026-04-25T15:10:27.514Z] Waiting confirmation...
[✓] [2026-04-25T15:10:33.294Z] Confirmed! Block: 1310352 | Gas: 166334 | Status: SUCCESS
[✓] [2026-04-25T15:10:33.296Z] Loop #9 completed
[•] [2026-04-25T15:10:33.296Z] Waiting 543s till next loop...
[•] [2026-04-25T15:19:36.932Z] ═══ Loop #10 ═══
[•] [2026-04-25T15:19:36.944Z] Bridging ETH | Amount: 0.0000001 | Token: 0x0000000000000000000000000000000000000000
[•] [2026-04-25T15:19:36.945Z] Jitter delay: 28508ms
[•] [2026-04-25T15:20:07.761Z] Calldata: 0xd6d344a1...0000000000174876e800
[•] [2026-04-25T15:20:07.997Z] Estimated gas: 131192
[•] [2026-04-25T15:20:07.998Z] Sending tx... nonce: 208
[✓] [2026-04-25T15:20:08.536Z] Tx sent: 0xa7bfab288e066c79c7c0025453c4e758ab609d55fb6f515497037221db484373
[•] [2026-04-25T15:20:08.537Z] Waiting confirmation...
[✓] [2026-04-25T15:20:14.289Z] Confirmed! Block: 1310468 | Gas: 126272 | Status: SUCCESS
[•] [2026-04-25T15:20:14.294Z] Jitter delay: 27814ms
[•] [2026-04-25T15:20:42.133Z] Bridging USDT | Amount: 0.00001 | Token: 0xfcc025A3E170DF62de0e25AF7CeAf1C89aBfe6E9
[•] [2026-04-25T15:20:42.135Z] Jitter delay: 26534ms
[✓] [2026-04-25T15:21:09.335Z] USDT already approved: 115792089237316195423570985008687907853269984665640564039457584007913129.639935
[•] [2026-04-25T15:21:09.962Z] Calldata: 0xd6d344a1...0000000000000000000a
[•] [2026-04-25T15:21:10.193Z] Estimated gas: 171206
[•] [2026-04-25T15:21:10.194Z] Sending tx... nonce: 209
[✓] [2026-04-25T15:21:10.633Z] Tx sent: 0x34b3fc3cc2696c7c49f83f2ae69a74bbec02cd7ffd1257e8e252e8b4fe225233
[•] [2026-04-25T15:21:10.634Z] Waiting confirmation...
[✓] [2026-04-25T15:21:16.196Z] Confirmed! Block: 1310480 | Gas: 166286 | Status: SUCCESS
[•] [2026-04-25T15:21:16.199Z] Jitter delay: 15597ms
[•] [2026-04-25T15:21:31.809Z] Bridging USDC | Amount: 0.00001 | Token: 0xe819EB5be34B20f1FEC012c0DAf960397A0Fb386
[•] [2026-04-25T15:21:31.811Z] Jitter delay: 16900ms
[✓] [2026-04-25T15:21:49.401Z] USDC already approved: 115792089237316195423570985008687907853269984665640564039457584007913129.639935
[•] [2026-04-25T15:21:50.064Z] Calldata: 0xd6d344a1...0000000000000000000a
[•] [2026-04-25T15:21:50.290Z] Estimated gas: 171206
[•] [2026-04-25T15:21:50.291Z] Sending tx... nonce: 210
[✓] [2026-04-25T15:21:50.818Z] Tx sent: 0x4ce64cd282bb1ba30b1921ac52e8f17ca256a7f3b11c354210ad812ecd529241
[•] [2026-04-25T15:21:50.819Z] Waiting confirmation...
[✓] [2026-04-25T15:21:56.476Z] Confirmed! Block: 1310488 | Gas: 166286 | Status: SUCCESS
[•] [2026-04-25T15:21:56.480Z] Jitter delay: 5440ms
[•] [2026-04-25T15:22:01.923Z] Bridging DAI | Amount: 0.00001 | Token: 0xB96A869c74Be2eD561D95a77408505371F287d16
[•] [2026-04-25T15:22:01.923Z] Jitter delay: 21527ms
[✓] [2026-04-25T15:22:24.170Z] DAI already approved: 115792089237316195423570985008687907853269984665640564039457.584007913129639935
[•] [2026-04-25T15:22:24.942Z] Calldata: 0xd6d344a1...0000000009184e72a000
[•] [2026-04-25T15:22:25.170Z] Estimated gas: 171254
[•] [2026-04-25T15:22:25.171Z] Sending tx... nonce: 211
[✓] [2026-04-25T15:22:25.693Z] Tx sent: 0xf2a7a07475287fa37ee9947e8714bfe08bb8de6c318449def45d509487de9f3d
[•] [2026-04-25T15:22:25.694Z] Waiting confirmation...
[✓] [2026-04-25T15:22:31.318Z] Confirmed! Block: 1310495 | Gas: 166334 | Status: SUCCESS
[✓] [2026-04-25T15:22:31.325Z] Loop #10 completed
[•] [2026-04-25T15:22:31.331Z] Waiting 404s till next loop...
[•] [2026-04-25T15:29:16.194Z] ═══ Loop #11 ═══
[•] [2026-04-25T15:29:16.236Z] Bridging ETH | Amount: 0.0000001 | Token: 0x0000000000000000000000000000000000000000
[•] [2026-04-25T15:29:16.238Z] Jitter delay: 14731ms
[•] [2026-04-25T15:29:32.608Z] Calldata: 0xd6d344a1...0000000000174876e800
[•] [2026-04-25T15:29:32.855Z] Estimated gas: 131192
[•] [2026-04-25T15:29:32.855Z] Sending tx... nonce: 212
[✓] [2026-04-25T15:29:33.386Z] Tx sent: 0xe14f6b1766f325aac75245d31f82c496394b0861cf32d6c19268ea44914a5f5d
[•] [2026-04-25T15:29:33.387Z] Waiting confirmation...
[✓] [2026-04-25T15:29:39.132Z] Confirmed! Block: 1310581 | Gas: 126272 | Status: SUCCESS
[•] [2026-04-25T15:29:39.136Z] Jitter delay: 27335ms
[•] [2026-04-25T15:30:06.493Z] Bridging USDT | Amount: 0.00001 | Token: 0xfcc025A3E170DF62de0e25AF7CeAf1C89aBfe6E9
[•] [2026-04-25T15:30:06.494Z] Jitter delay: 9475ms
[✓] [2026-04-25T15:30:16.743Z] USDT already approved: 115792089237316195423570985008687907853269984665640564039457584007913129.639935
[•] [2026-04-25T15:30:17.491Z] Calldata: 0xd6d344a1...0000000000000000000a
[•] [2026-04-25T15:30:17.754Z] Estimated gas: 171206
[•] [2026-04-25T15:30:17.756Z] Sending tx... nonce: 213
[✓] [2026-04-25T15:30:18.286Z] Tx sent: 0xe2b5bd1a7cdf66ec3c539388f78718b097d92613923e6bb755bc80a260399afa
[•] [2026-04-25T15:30:18.286Z] Waiting confirmation...
[✓] [2026-04-25T15:30:23.921Z] Confirmed! Block: 1310590 | Gas: 166286 | Status: SUCCESS
[•] [2026-04-25T15:30:23.926Z] Jitter delay: 9496ms
[•] [2026-04-25T15:30:33.428Z] Bridging USDC | Amount: 0.00001 | Token: 0xe819EB5be34B20f1FEC012c0DAf960397A0Fb386
[•] [2026-04-25T15:30:33.430Z] Jitter delay: 24535ms
[✓] [2026-04-25T15:30:58.574Z] USDC already approved: 115792089237316195423570985008687907853269984665640564039457584007913129.639935
[•] [2026-04-25T15:30:59.207Z] Calldata: 0xd6d344a1...0000000000000000000a
[•] [2026-04-25T15:30:59.417Z] Estimated gas: 171206
[•] [2026-04-25T15:30:59.417Z] Sending tx... nonce: 214
[✓] [2026-04-25T15:30:59.891Z] Tx sent: 0x63874d033da8e8113b24de58d452ea345965a90f3462b003a67029229320a7a0
[•] [2026-04-25T15:30:59.892Z] Waiting confirmation...
[✓] [2026-04-25T15:31:05.444Z] Confirmed! Block: 1310598 | Gas: 166286 | Status: SUCCESS
[•] [2026-04-25T15:31:05.445Z] Jitter delay: 6154ms
[•] [2026-04-25T15:31:11.602Z] Bridging DAI | Amount: 0.00001 | Token: 0xB96A869c74Be2eD561D95a77408505371F287d16
[•] [2026-04-25T15:31:11.603Z] Jitter delay: 21517ms
[✓] [2026-04-25T15:31:33.802Z] DAI already approved: 115792089237316195423570985008687907853269984665640564039457.584007913129639935
[•] [2026-04-25T15:31:34.501Z] Calldata: 0xd6d344a1...0000000009184e72a000
[•] [2026-04-25T15:31:34.773Z] Estimated gas: 171254
[•] [2026-04-25T15:31:34.774Z] Sending tx... nonce: 215
[✓] [2026-04-25T15:31:35.275Z] Tx sent: 0x97e8df9826d07149ca62fe36a90f25e4848243f1eaa5d6ead3f5e02a967ca540
[•] [2026-04-25T15:31:35.276Z] Waiting confirmation...
[✓] [2026-04-25T15:31:40.898Z] Confirmed! Block: 1310605 | Gas: 166334 | Status: SUCCESS
[✓] [2026-04-25T15:31:40.900Z] Loop #11 completed
[•] [2026-04-25T15:31:40.900Z] Waiting 459s till next loop...
[•] [2026-04-25T15:39:20.329Z] ═══ Loop #12 ═══
[•] [2026-04-25T15:39:20.353Z] Bridging ETH | Amount: 0.0000001 | Token: 0x0000000000000000000000000000000000000000
[•] [2026-04-25T15:39:20.354Z] Jitter delay: 28288ms
[•] [2026-04-25T15:39:50.850Z] Calldata: 0xd6d344a1...0000000000174876e800
[•] [2026-04-25T15:39:51.077Z] Estimated gas: 131192
[•] [2026-04-25T15:39:51.078Z] Sending tx... nonce: 216
[✓] [2026-04-25T15:39:51.596Z] Tx sent: 0x2a285b00ca61467254a7d5d98a881a35100bd3434455866e599a508690e460f0
[•] [2026-04-25T15:39:51.596Z] Waiting confirmation...
[✓] [2026-04-25T15:39:57.003Z] Confirmed! Block: 1310704 | Gas: 126272 | Status: SUCCESS
[•] [2026-04-25T15:39:57.007Z] Jitter delay: 16155ms
[•] [2026-04-25T15:40:13.175Z] Bridging USDT | Amount: 0.00001 | Token: 0xfcc025A3E170DF62de0e25AF7CeAf1C89aBfe6E9
[•] [2026-04-25T15:40:13.177Z] Jitter delay: 11414ms
[✓] [2026-04-25T15:40:25.333Z] USDT already approved: 115792089237316195423570985008687907853269984665640564039457584007913129.639935
[•] [2026-04-25T15:40:25.955Z] Calldata: 0xd6d344a1...0000000000000000000a
[•] [2026-04-25T15:40:26.201Z] Estimated gas: 171206
[•] [2026-04-25T15:40:26.202Z] Sending tx... nonce: 217
[✓] [2026-04-25T15:40:26.715Z] Tx sent: 0x9a3733ab39196772e497a532bdb3454bb4d5f34e9138aa63a506366b6b2faa4a
[•] [2026-04-25T15:40:26.716Z] Waiting confirmation...
[✓] [2026-04-25T15:40:27.822Z] Confirmed! Block: 1310711 | Gas: 166286 | Status: SUCCESS
[•] [2026-04-25T15:40:27.825Z] Jitter delay: 7998ms
[•] [2026-04-25T15:40:35.829Z] Bridging USDC | Amount: 0.00001 | Token: 0xe819EB5be34B20f1FEC012c0DAf960397A0Fb386
[•] [2026-04-25T15:40:35.833Z] Jitter delay: 26943ms
[✓] [2026-04-25T15:41:03.578Z] USDC already approved: 115792089237316195423570985008687907853269984665640564039457584007913129.639935
[•] [2026-04-25T15:41:04.344Z] Calldata: 0xd6d344a1...0000000000000000000a
[•] [2026-04-25T15:41:04.600Z] Estimated gas: 171206
[•] [2026-04-25T15:41:04.601Z] Sending tx... nonce: 218
[✓] [2026-04-25T15:41:05.196Z] Tx sent: 0xc10cf3c699aac27ece0bed8faeafd22ef7bec82b0b38520f4e33e51a3d4c1708
[•] [2026-04-25T15:41:05.197Z] Waiting confirmation...
[✓] [2026-04-25T15:41:11.026Z] Confirmed! Block: 1310719 | Gas: 166286 | Status: SUCCESS
[•] [2026-04-25T15:41:11.028Z] Jitter delay: 15341ms
[•] [2026-04-25T15:41:26.382Z] Bridging DAI | Amount: 0.00001 | Token: 0xB96A869c74Be2eD561D95a77408505371F287d16
[•] [2026-04-25T15:41:26.388Z] Jitter delay: 18855ms
[✓] [2026-04-25T15:41:45.931Z] DAI already approved: 115792089237316195423570985008687907853269984665640564039457.584007913129639935
[•] [2026-04-25T15:41:46.611Z] Calldata: 0xd6d344a1...0000000009184e72a000
[•] [2026-04-25T15:41:46.909Z] Estimated gas: 171254
[•] [2026-04-25T15:41:46.910Z] Sending tx... nonce: 219
[✓] [2026-04-25T15:41:47.395Z] Tx sent: 0xbbdd9cb7e2037821e739453e5a8299e0ec3f3ab21abfd4cd2336f06964de150c
[•] [2026-04-25T15:41:47.396Z] Waiting confirmation...
[✓] [2026-04-25T15:41:57.290Z] Confirmed! Block: 1310728 | Gas: 166334 | Status: SUCCESS
[✓] [2026-04-25T15:41:57.292Z] Loop #12 completed
[•] [2026-04-25T15:41:57.293Z] Waiting 587s till next loop...
[•] [2026-04-25T15:51:44.529Z] ═══ Loop #13 ═══
[•] [2026-04-25T15:51:44.554Z] Bridging ETH | Amount: 0.0000001 | Token: 0x0000000000000000000000000000000000000000
[•] [2026-04-25T15:51:44.555Z] Jitter delay: 13435ms
[•] [2026-04-25T15:52:00.298Z] Calldata: 0xd6d344a1...0000000000174876e800
[•] [2026-04-25T15:52:00.554Z] Estimated gas: 131192
[•] [2026-04-25T15:52:00.554Z] Sending tx... nonce: 220
[✓] [2026-04-25T15:52:01.256Z] Tx sent: 0x16f79c9fd2b60cd75bf3a46d662fcea3ae254af030b092278c44822056d90c6e
[•] [2026-04-25T15:52:01.256Z] Waiting confirmation...
[✓] [2026-04-25T15:52:07.159Z] Confirmed! Block: 1310850 | Gas: 126272 | Status: SUCCESS
[•] [2026-04-25T15:52:07.165Z] Jitter delay: 8226ms
[•] [2026-04-25T15:52:15.396Z] Bridging USDT | Amount: 0.00001 | Token: 0xfcc025A3E170DF62de0e25AF7CeAf1C89aBfe6E9
[•] [2026-04-25T15:52:15.397Z] Jitter delay: 21882ms
[✓] [2026-04-25T15:52:38.077Z] USDT already approved: 115792089237316195423570985008687907853269984665640564039457584007913129.639935
[•] [2026-04-25T15:52:38.838Z] Calldata: 0xd6d344a1...0000000000000000000a
[•] [2026-04-25T15:52:39.082Z] Estimated gas: 171206
[•] [2026-04-25T15:52:39.087Z] Sending tx... nonce: 221
[✓] [2026-04-25T15:52:39.591Z] Tx sent: 0x2e6ed226dde56b000192c884cf4d8792804b73c47d08465fa26c96370c3c5fbc
[•] [2026-04-25T15:52:39.592Z] Waiting confirmation...
[✓] [2026-04-25T15:52:45.092Z] Confirmed! Block: 1310858 | Gas: 166286 | Status: SUCCESS
[•] [2026-04-25T15:52:45.096Z] Jitter delay: 10317ms
[•] [2026-04-25T15:52:55.438Z] Bridging USDC | Amount: 0.00001 | Token: 0xe819EB5be34B20f1FEC012c0DAf960397A0Fb386
[•] [2026-04-25T15:52:55.440Z] Jitter delay: 26494ms
[✓] [2026-04-25T15:53:22.614Z] USDC already approved: 115792089237316195423570985008687907853269984665640564039457584007913129.639935
[•] [2026-04-25T15:53:23.314Z] Calldata: 0xd6d344a1...0000000000000000000a
[•] [2026-04-25T15:53:23.554Z] Estimated gas: 171206
[•] [2026-04-25T15:53:23.557Z] Sending tx... nonce: 222
[✓] [2026-04-25T15:53:24.076Z] Tx sent: 0xeebbeebd70d6a2a76c0c74ab84e42f0c7b42510efb8964350c73e2a17aa76e10
[•] [2026-04-25T15:53:24.077Z] Waiting confirmation...
[✓] [2026-04-25T15:53:29.680Z] Confirmed! Block: 1310867 | Gas: 166286 | Status: SUCCESS
[•] [2026-04-25T15:53:29.681Z] Jitter delay: 19691ms
[•] [2026-04-25T15:53:49.388Z] Bridging DAI | Amount: 0.00001 | Token: 0xB96A869c74Be2eD561D95a77408505371F287d16
[•] [2026-04-25T15:53:49.389Z] Jitter delay: 22761ms
[✓] [2026-04-25T15:54:12.873Z] DAI already approved: 115792089237316195423570985008687907853269984665640564039457.584007913129639935
[•] [2026-04-25T15:54:13.521Z] Calldata: 0xd6d344a1...0000000009184e72a000
[•] [2026-04-25T15:54:13.740Z] Estimated gas: 171254
[•] [2026-04-25T15:54:13.742Z] Sending tx... nonce: 223
[✓] [2026-04-25T15:54:14.247Z] Tx sent: 0x24b07d1905ba525fb6e945163baa128f257670dac7fb9f29d358b58425af1707
[•] [2026-04-25T15:54:14.247Z] Waiting confirmation...
[✓] [2026-04-25T15:54:19.778Z] Confirmed! Block: 1310877 | Gas: 166334 | Status: SUCCESS
[✓] [2026-04-25T15:54:19.782Z] Loop #13 completed
[•] [2026-04-25T15:54:19.784Z] Waiting 442s till next loop...
[•] [2026-04-25T16:01:42.273Z] ═══ Loop #14 ═══
[•] [2026-04-25T16:01:42.294Z] Bridging ETH | Amount: 0.0000001 | Token: 0x0000000000000000000000000000000000000000
[•] [2026-04-25T16:01:42.295Z] Jitter delay: 14945ms
[•] [2026-04-25T16:01:59.663Z] Calldata: 0xd6d344a1...0000000000174876e800
[•] [2026-04-25T16:01:59.885Z] Estimated gas: 131192
[•] [2026-04-25T16:01:59.888Z] Sending tx... nonce: 224
[✓] [2026-04-25T16:02:00.406Z] Tx sent: 0xfd3e170502037ed1c0218efc0cf9a2d000b97609950ebfeb6ea7fbdbd209f407
[•] [2026-04-25T16:02:00.407Z] Waiting confirmation...
[✓] [2026-04-25T16:02:05.882Z] Confirmed! Block: 1310970 | Gas: 126272 | Status: SUCCESS
[•] [2026-04-25T16:02:05.883Z] Jitter delay: 13217ms
[•] [2026-04-25T16:02:19.106Z] Bridging USDT | Amount: 0.00001 | Token: 0xfcc025A3E170DF62de0e25AF7CeAf1C89aBfe6E9
[•] [2026-04-25T16:02:19.107Z] Jitter delay: 10710ms
[✓] [2026-04-25T16:02:30.557Z] USDT already approved: 115792089237316195423570985008687907853269984665640564039457584007913129.639935
[•] [2026-04-25T16:02:31.375Z] Calldata: 0xd6d344a1...0000000000000000000a
[•] [2026-04-25T16:02:31.590Z] Estimated gas: 171206
[•] [2026-04-25T16:02:31.591Z] Sending tx... nonce: 225
[✓] [2026-04-25T16:02:32.068Z] Tx sent: 0xc072cdcd983663946a1f13d0409e3760211610e3959da8e498bcce28ca585986
[•] [2026-04-25T16:02:32.069Z] Waiting confirmation...
[✓] [2026-04-25T16:02:33.254Z] Confirmed! Block: 1310976 | Gas: 166286 | Status: SUCCESS
[•] [2026-04-25T16:02:33.255Z] Jitter delay: 7152ms
[•] [2026-04-25T16:02:40.408Z] Bridging USDC | Amount: 0.00001 | Token: 0xe819EB5be34B20f1FEC012c0DAf960397A0Fb386
[•] [2026-04-25T16:02:40.409Z] Jitter delay: 23821ms
[✓] [2026-04-25T16:03:05.095Z] USDC already approved: 115792089237316195423570985008687907853269984665640564039457584007913129.639935
[•] [2026-04-25T16:03:05.931Z] Calldata: 0xd6d344a1...0000000000000000000a
[•] [2026-04-25T16:03:06.196Z] Estimated gas: 171206
[•] [2026-04-25T16:03:06.197Z] Sending tx... nonce: 226
[✓] [2026-04-25T16:03:06.822Z] Tx sent: 0x90443aa094587cf35e20428ad117adc8f324071ebe158b00dc2745783833fd74
[•] [2026-04-25T16:03:06.823Z] Waiting confirmation...
[✓] [2026-04-25T16:03:08.348Z] Confirmed! Block: 1310983 | Gas: 166286 | Status: SUCCESS
[•] [2026-04-25T16:03:08.350Z] Jitter delay: 9373ms
[•] [2026-04-25T16:03:17.728Z] Bridging DAI | Amount: 0.00001 | Token: 0xB96A869c74Be2eD561D95a77408505371F287d16
[•] [2026-04-25T16:03:17.731Z] Jitter delay: 5453ms
[✓] [2026-04-25T16:03:24.030Z] DAI already approved: 115792089237316195423570985008687907853269984665640564039457.584007913129639935
[•] [2026-04-25T16:03:24.915Z] Calldata: 0xd6d344a1...0000000009184e72a000
[•] [2026-04-25T16:03:25.237Z] Estimated gas: 171254
[•] [2026-04-25T16:03:25.241Z] Sending tx... nonce: 227
[✓] [2026-04-25T16:03:25.906Z] Tx sent: 0x522211d809396340ed7f0d5175591e2c8cf44f2e009feb954629ca4a9b4a77de
[•] [2026-04-25T16:03:25.906Z] Waiting confirmation...
[✓] [2026-04-25T16:03:31.952Z] Confirmed! Block: 1310987 | Gas: 166334 | Status: SUCCESS
[✓] [2026-04-25T16:03:31.954Z] Loop #14 completed
[•] [2026-04-25T16:03:31.955Z] Waiting 334s till next loop...
[•] [2026-04-26T00:38:11.187Z] ═══ Teqoin Auto Bridge Bot v4 Started ═══
[•] [2026-04-26T00:38:11.238Z] Mode: WRAP | Assets: ETH, USDT, USDC, DAI | Loop: true
[✓] [2026-04-26T00:38:12.107Z] TOR connected | Exit IP: 45.66.35.20
[✓] [2026-04-26T00:38:12.292Z] Wallet: 0xc176D56CCF99857A76d377Bacf21cF70107783e7
[•] [2026-04-26T00:38:12.293Z] ═══ Loop #1 ═══
[•] [2026-04-26T00:38:12.296Z] Bridging ETH | Amount: 0.0000001 | Token: 0x0000000000000000000000000000000000000000
[•] [2026-04-26T00:38:12.298Z] Jitter delay: 18408ms
[•] [2026-04-26T00:38:31.950Z] Calldata: 0xd6d344a1...0000000000174876e800
[•] [2026-04-26T00:38:32.151Z] Estimated gas: 131192
[•] [2026-04-26T00:38:32.152Z] Sending tx... nonce: 228
[✓] [2026-04-26T00:38:32.664Z] Tx sent: 0x87301c00a9e83fc1f518dd6ec92ea5d9acd3754662e03afce63aa047b183826a
[•] [2026-04-26T00:38:32.665Z] Waiting confirmation...
[✓] [2026-04-26T00:38:38.257Z] Confirmed! Block: 1317168 | Gas: 126272 | Status: SUCCESS
[•] [2026-04-26T00:38:38.263Z] Jitter delay: 19169ms
[•] [2026-04-26T00:38:57.441Z] Bridging USDT | Amount: 0.00001 | Token: 0xfcc025A3E170DF62de0e25AF7CeAf1C89aBfe6E9
[•] [2026-04-26T00:38:57.442Z] Jitter delay: 13728ms
[✓] [2026-04-26T00:39:12.328Z] USDT already approved: 115792089237316195423570985008687907853269984665640564039457584007913129.639935
[•] [2026-04-26T00:39:12.990Z] Calldata: 0xd6d344a1...0000000000000000000a
[•] [2026-04-26T00:39:13.207Z] Estimated gas: 171206
[•] [2026-04-26T00:39:13.209Z] Sending tx... nonce: 229
[✓] [2026-04-26T00:39:13.811Z] Tx sent: 0xda173a1fa7a24e31d31983354d9e263856ced8af9d77e5b38507592bdab73feb
[•] [2026-04-26T00:39:13.812Z] Waiting confirmation...
[✓] [2026-04-26T00:39:19.484Z] Confirmed! Block: 1317176 | Gas: 166286 | Status: SUCCESS
[•] [2026-04-26T00:39:19.489Z] Jitter delay: 20407ms
[•] [2026-04-26T00:39:39.907Z] Bridging USDC | Amount: 0.00001 | Token: 0xe819EB5be34B20f1FEC012c0DAf960397A0Fb386
[•] [2026-04-26T00:39:39.909Z] Jitter delay: 25035ms
[✓] [2026-04-26T00:40:05.665Z] USDC already approved: 115792089237316195423570985008687907853269984665640564039457584007913129.639935
[•] [2026-04-26T00:40:06.319Z] Calldata: 0xd6d344a1...0000000000000000000a
[•] [2026-04-26T00:40:06.526Z] Estimated gas: 171206
[•] [2026-04-26T00:40:06.529Z] Sending tx... nonce: 230
[✓] [2026-04-26T00:40:07.048Z] Tx sent: 0x5e02ca9f89634d050a36fe404ef561fd6094740cf042b96535ddfadb01c4532e
[•] [2026-04-26T00:40:07.049Z] Waiting confirmation...
[✓] [2026-04-26T00:40:12.605Z] Confirmed! Block: 1317187 | Gas: 166286 | Status: SUCCESS
[•] [2026-04-26T00:40:12.609Z] Jitter delay: 15476ms
[•] [2026-04-26T00:40:28.095Z] Bridging DAI | Amount: 0.00001 | Token: 0xB96A869c74Be2eD561D95a77408505371F287d16
[•] [2026-04-26T00:40:28.097Z] Jitter delay: 14673ms
[✓] [2026-04-26T00:40:43.385Z] DAI already approved: 115792089237316195423570985008687907853269984665640564039457.584007913129639935
[•] [2026-04-26T00:40:43.998Z] Calldata: 0xd6d344a1...0000000009184e72a000
[•] [2026-04-26T00:40:44.204Z] Estimated gas: 171254
[•] [2026-04-26T00:40:44.206Z] Sending tx... nonce: 231
[✓] [2026-04-26T00:40:44.700Z] Tx sent: 0xd641765a92de1c1abb5739e0a4a8b315102c9baa0ed00bca41ba5a12c3ab8576
[•] [2026-04-26T00:40:44.700Z] Waiting confirmation...
[✓] [2026-04-26T00:40:54.471Z] Confirmed! Block: 1317195 | Gas: 166334 | Status: SUCCESS
[✓] [2026-04-26T00:40:54.474Z] Loop #1 completed
[•] [2026-04-26T00:40:54.475Z] Waiting 305s till next loop...
[•] [2026-04-26T00:45:59.556Z] ═══ Loop #2 ═══
[•] [2026-04-26T00:45:59.558Z] Bridging ETH | Amount: 0.0000001 | Token: 0x0000000000000000000000000000000000000000
[•] [2026-04-26T00:45:59.559Z] Jitter delay: 20247ms
[•] [2026-04-26T00:46:21.780Z] Calldata: 0xd6d344a1...0000000000174876e800
[•] [2026-04-26T00:46:21.972Z] Estimated gas: 131192
[•] [2026-04-26T00:46:21.974Z] Sending tx... nonce: 232
[✓] [2026-04-26T00:46:22.490Z] Tx sent: 0xd5e1df18c1d789e006c324dce3deebe95e9d227a267747434235e1ffb391467b
[•] [2026-04-26T00:46:22.491Z] Waiting confirmation...
[✓] [2026-04-26T00:46:28.096Z] Confirmed! Block: 1317262 | Gas: 126272 | Status: SUCCESS
[•] [2026-04-26T00:46:28.100Z] Jitter delay: 10243ms
[•] [2026-04-26T00:46:38.352Z] Bridging USDT | Amount: 0.00001 | Token: 0xfcc025A3E170DF62de0e25AF7CeAf1C89aBfe6E9
[•] [2026-04-26T00:46:38.356Z] Jitter delay: 13430ms
[✓] [2026-04-26T00:46:52.447Z] USDT already approved: 115792089237316195423570985008687907853269984665640564039457584007913129.639935
[•] [2026-04-26T00:46:53.096Z] Calldata: 0xd6d344a1...0000000000000000000a
[•] [2026-04-26T00:46:53.321Z] Estimated gas: 171206
[•] [2026-04-26T00:46:53.323Z] Sending tx... nonce: 233
[✓] [2026-04-26T00:46:53.845Z] Tx sent: 0xd3313654021dc706a7240dadc95eafefed516d2d9b2b4d366fd85aff80a1c1e9
[•] [2026-04-26T00:46:53.846Z] Waiting confirmation...
[✓] [2026-04-26T00:46:59.354Z] Confirmed! Block: 1317268 | Gas: 166286 | Status: SUCCESS
[•] [2026-04-26T00:46:59.358Z] Jitter delay: 27700ms
[•] [2026-04-26T00:47:27.084Z] Bridging USDC | Amount: 0.00001 | Token: 0xe819EB5be34B20f1FEC012c0DAf960397A0Fb386
[•] [2026-04-26T00:47:27.085Z] Jitter delay: 22675ms
[✓] [2026-04-26T00:47:50.605Z] USDC already approved: 115792089237316195423570985008687907853269984665640564039457584007913129.639935
[•] [2026-04-26T00:47:51.336Z] Calldata: 0xd6d344a1...0000000000000000000a
[•] [2026-04-26T00:47:51.589Z] Estimated gas: 171206
[•] [2026-04-26T00:47:51.591Z] Sending tx... nonce: 234
[✓] [2026-04-26T00:47:52.351Z] Tx sent: 0x741c80e74b744df9668f3f8e44d6394fedf840c13b2a1eabe12055f6f6fc4ff9
[•] [2026-04-26T00:47:52.352Z] Waiting confirmation...
[✓] [2026-04-26T00:47:57.895Z] Confirmed! Block: 1317280 | Gas: 166286 | Status: SUCCESS
[•] [2026-04-26T00:47:57.897Z] Jitter delay: 5162ms
[•] [2026-04-26T00:48:03.066Z] Bridging DAI | Amount: 0.00001 | Token: 0xB96A869c74Be2eD561D95a77408505371F287d16
[•] [2026-04-26T00:48:03.068Z] Jitter delay: 11208ms
[✓] [2026-04-26T00:48:15.004Z] DAI already approved: 115792089237316195423570985008687907853269984665640564039457.584007913129639935
[•] [2026-04-26T00:48:15.734Z] Calldata: 0xd6d344a1...0000000009184e72a000
[•] [2026-04-26T00:48:15.970Z] Estimated gas: 171254
[•] [2026-04-26T00:48:15.972Z] Sending tx... nonce: 235
[✓] [2026-04-26T00:48:16.517Z] Tx sent: 0x7252339182860976fb9ce3de65f708706cdcd02a3d91b783f5e49ef19a9c8507
[•] [2026-04-26T00:48:16.517Z] Waiting confirmation...
[✓] [2026-04-26T00:48:22.288Z] Confirmed! Block: 1317285 | Gas: 166334 | Status: SUCCESS
[✓] [2026-04-26T00:48:22.293Z] Loop #2 completed
[•] [2026-04-26T00:48:22.295Z] Waiting 555s till next loop...
[•] [2026-04-26T00:57:37.515Z] ═══ Loop #3 ═══
[•] [2026-04-26T00:57:37.578Z] Bridging ETH | Amount: 0.0000001 | Token: 0x0000000000000000000000000000000000000000
[•] [2026-04-26T00:57:37.580Z] Jitter delay: 8523ms
[•] [2026-04-26T00:57:48.460Z] Calldata: 0xd6d344a1...0000000000174876e800
[•] [2026-04-26T00:57:48.683Z] Estimated gas: 131192
[•] [2026-04-26T00:57:48.685Z] Sending tx... nonce: 236
[✓] [2026-04-26T00:57:49.225Z] Tx sent: 0x2982a968b0e054370df115336bd2ac67769d36585a4030e6d75886a7f587d2e9
[•] [2026-04-26T00:57:49.226Z] Waiting confirmation...
[✓] [2026-04-26T00:57:50.450Z] Confirmed! Block: 1317399 | Gas: 126272 | Status: SUCCESS
[•] [2026-04-26T00:57:50.451Z] Jitter delay: 10433ms
[•] [2026-04-26T00:58:00.890Z] Bridging USDT | Amount: 0.00001 | Token: 0xfcc025A3E170DF62de0e25AF7CeAf1C89aBfe6E9
[•] [2026-04-26T00:58:00.891Z] Jitter delay: 12494ms
[✓] [2026-04-26T00:58:14.062Z] USDT already approved: 115792089237316195423570985008687907853269984665640564039457584007913129.639935
[•] [2026-04-26T00:58:14.701Z] Calldata: 0xd6d344a1...0000000000000000000a
[•] [2026-04-26T00:58:14.918Z] Estimated gas: 171206
[•] [2026-04-26T00:58:14.919Z] Sending tx... nonce: 237
[✓] [2026-04-26T00:58:15.450Z] Tx sent: 0x300c2e261a64feda002eccd692fbb3a8df134f7034a15aa260baceb00fdc9ef8
[•] [2026-04-26T00:58:15.450Z] Waiting confirmation...
[✓] [2026-04-26T00:58:21.100Z] Confirmed! Block: 1317405 | Gas: 166286 | Status: SUCCESS
[•] [2026-04-26T00:58:21.103Z] Jitter delay: 18514ms
[•] [2026-04-26T00:58:39.636Z] Bridging USDC | Amount: 0.00001 | Token: 0xe819EB5be34B20f1FEC012c0DAf960397A0Fb386
[•] [2026-04-26T00:58:39.637Z] Jitter delay: 27907ms
[✓] [2026-04-26T00:59:08.202Z] USDC already approved: 115792089237316195423570985008687907853269984665640564039457584007913129.639935
[•] [2026-04-26T00:59:08.857Z] Calldata: 0xd6d344a1...0000000000000000000a
[•] [2026-04-26T00:59:09.078Z] Estimated gas: 171206
[•] [2026-04-26T00:59:09.079Z] Sending tx... nonce: 238
[✓] [2026-04-26T00:59:09.601Z] Tx sent: 0x377269615e8a43cbae826ea0e5273c9876062625d322c39e6210b2d002a6cfab
[•] [2026-04-26T00:59:09.602Z] Waiting confirmation...
[✓] [2026-04-26T00:59:10.797Z] Confirmed! Block: 1317415 | Gas: 166286 | Status: SUCCESS
[•] [2026-04-26T00:59:10.798Z] Jitter delay: 26758ms
[•] [2026-04-26T00:59:37.577Z] Bridging DAI | Amount: 0.00001 | Token: 0xB96A869c74Be2eD561D95a77408505371F287d16
[•] [2026-04-26T00:59:37.579Z] Jitter delay: 25363ms
[✓] [2026-04-26T01:00:03.816Z] DAI already approved: 115792089237316195423570985008687907853269984665640564039457.584007913129639935
[•] [2026-04-26T01:00:04.513Z] Calldata: 0xd6d344a1...0000000009184e72a000
[•] [2026-04-26T01:00:04.762Z] Estimated gas: 171254
[•] [2026-04-26T01:00:04.763Z] Sending tx... nonce: 239
[✓] [2026-04-26T01:00:05.284Z] Tx sent: 0xba21a0b97ce02f1c3746ca4aaf2b8a069dac13b57ac241af221ec081fc8139bd
[•] [2026-04-26T01:00:05.285Z] Waiting confirmation...
[✓] [2026-04-26T01:00:11.081Z] Confirmed! Block: 1317427 | Gas: 166334 | Status: SUCCESS
[✓] [2026-04-26T01:00:11.085Z] Loop #3 completed
[•] [2026-04-26T01:00:11.086Z] Waiting 581s till next loop...
[•] [2026-04-26T01:09:52.406Z] ═══ Loop #4 ═══
[•] [2026-04-26T01:09:52.421Z] Bridging ETH | Amount: 0.0000001 | Token: 0x0000000000000000000000000000000000000000
[•] [2026-04-26T01:09:52.423Z] Jitter delay: 17469ms
[•] [2026-04-26T01:10:12.055Z] Calldata: 0xd6d344a1...0000000000174876e800
[•] [2026-04-26T01:10:12.277Z] Estimated gas: 131192
[•] [2026-04-26T01:10:12.278Z] Sending tx... nonce: 240
[✓] [2026-04-26T01:10:12.801Z] Tx sent: 0x1f2730f8dc051c3e165507bbd114b077d498d1c4ec47f69304e2a243ba63892b
[•] [2026-04-26T01:10:12.801Z] Waiting confirmation...
[✓] [2026-04-26T01:10:18.400Z] Confirmed! Block: 1317548 | Gas: 126272 | Status: SUCCESS
[•] [2026-04-26T01:10:18.404Z] Jitter delay: 11065ms
[•] [2026-04-26T01:10:29.473Z] Bridging USDT | Amount: 0.00001 | Token: 0xfcc025A3E170DF62de0e25AF7CeAf1C89aBfe6E9
[•] [2026-04-26T01:10:29.474Z] Jitter delay: 26245ms
[✓] [2026-04-26T01:10:56.443Z] USDT already approved: 115792089237316195423570985008687907853269984665640564039457584007913129.639935
[•] [2026-04-26T01:10:57.092Z] Calldata: 0xd6d344a1...0000000000000000000a
[•] [2026-04-26T01:10:57.316Z] Estimated gas: 171206
[•] [2026-04-26T01:10:57.317Z] Sending tx... nonce: 241
[✓] [2026-04-26T01:10:57.839Z] Tx sent: 0x7822004126ef45f6a708429d6c5eda0bd5d130382360b32a9ea6cd8fbc25177f
[•] [2026-04-26T01:10:57.840Z] Waiting confirmation...
[✓] [2026-04-26T01:11:03.399Z] Confirmed! Block: 1317557 | Gas: 166286 | Status: SUCCESS
[•] [2026-04-26T01:11:03.402Z] Jitter delay: 14843ms
[•] [2026-04-26T01:11:18.259Z] Bridging USDC | Amount: 0.00001 | Token: 0xe819EB5be34B20f1FEC012c0DAf960397A0Fb386
[•] [2026-04-26T01:11:18.260Z] Jitter delay: 29029ms
[✓] [2026-04-26T01:11:48.056Z] USDC already approved: 115792089237316195423570985008687907853269984665640564039457584007913129.639935
[•] [2026-04-26T01:11:48.757Z] Calldata: 0xd6d344a1...0000000000000000000a
[•] [2026-04-26T01:11:48.990Z] Estimated gas: 171206
[•] [2026-04-26T01:11:48.993Z] Sending tx... nonce: 242
[✓] [2026-04-26T01:11:49.537Z] Tx sent: 0x1f4df8be0bbd19ee5900ab494ef5b2d65f10e93a52c01666e9ae86499b44a1be
[•] [2026-04-26T01:11:49.538Z] Waiting confirmation...
[✓] [2026-04-26T01:11:50.776Z] Confirmed! Block: 1317567 | Gas: 166286 | Status: SUCCESS
[•] [2026-04-26T01:11:50.778Z] Jitter delay: 15071ms
[•] [2026-04-26T01:12:05.863Z] Bridging DAI | Amount: 0.00001 | Token: 0xB96A869c74Be2eD561D95a77408505371F287d16
[•] [2026-04-26T01:12:05.865Z] Jitter delay: 7072ms
[✓] [2026-04-26T01:12:13.572Z] DAI already approved: 115792089237316195423570985008687907853269984665640564039457.584007913129639935
[•] [2026-04-26T01:12:14.213Z] Calldata: 0xd6d344a1...0000000009184e72a000
[•] [2026-04-26T01:12:14.437Z] Estimated gas: 171254
[•] [2026-04-26T01:12:14.438Z] Sending tx... nonce: 243
[✓] [2026-04-26T01:12:14.960Z] Tx sent: 0x263f97505dd181e69dc8195994e33e1028f562f41665cac28f7214ccb454a614
[•] [2026-04-26T01:12:14.961Z] Waiting confirmation...
[✓] [2026-04-26T01:12:20.858Z] Confirmed! Block: 1317573 | Gas: 166334 | Status: SUCCESS
[✓] [2026-04-26T01:12:20.862Z] Loop #4 completed
[•] [2026-04-26T01:12:20.863Z] Waiting 310s till next loop...
[•] [2026-04-26T01:17:31.297Z] ═══ Loop #5 ═══
[•] [2026-04-26T01:17:31.300Z] Bridging ETH | Amount: 0.0000001 | Token: 0x0000000000000000000000000000000000000000
[•] [2026-04-26T01:17:31.301Z] Jitter delay: 26822ms
[•] [2026-04-26T01:17:59.745Z] Calldata: 0xd6d344a1...0000000000174876e800
[•] [2026-04-26T01:17:59.976Z] Estimated gas: 131192
[•] [2026-04-26T01:17:59.978Z] Sending tx... nonce: 244
[✓] [2026-04-26T01:18:00.513Z] Tx sent: 0x1df9e3143e881a30ec94231fae169e1ea1ad9523362e868ca92c6cfc50a01917
[•] [2026-04-26T01:18:00.514Z] Waiting confirmation...
[✓] [2026-04-26T01:18:06.189Z] Confirmed! Block: 1317642 | Gas: 126272 | Status: SUCCESS
[•] [2026-04-26T01:18:06.194Z] Jitter delay: 24396ms
[•] [2026-04-26T01:18:30.612Z] Bridging USDT | Amount: 0.00001 | Token: 0xfcc025A3E170DF62de0e25AF7CeAf1C89aBfe6E9
[•] [2026-04-26T01:18:30.614Z] Jitter delay: 21237ms
[✓] [2026-04-26T01:18:52.519Z] USDT already approved: 115792089237316195423570985008687907853269984665640564039457584007913129.639935
[•] [2026-04-26T01:18:53.194Z] Calldata: 0xd6d344a1...0000000000000000000a
[•] [2026-04-26T01:18:53.422Z] Estimated gas: 171206
[•] [2026-04-26T01:18:53.423Z] Sending tx... nonce: 245
[✓] [2026-04-26T01:18:53.918Z] Tx sent: 0x3ebec3ca3d687a4031a64f3a71576454375118496a0566a7ce696b2c349b9e07
[•] [2026-04-26T01:18:53.919Z] Waiting confirmation...
[✓] [2026-04-26T01:18:59.560Z] Confirmed! Block: 1317652 | Gas: 166286 | Status: SUCCESS
[•] [2026-04-26T01:18:59.563Z] Jitter delay: 23189ms
[•] [2026-04-26T01:19:22.767Z] Bridging USDC | Amount: 0.00001 | Token: 0xe819EB5be34B20f1FEC012c0DAf960397A0Fb386
[•] [2026-04-26T01:19:22.768Z] Jitter delay: 16463ms
[✓] [2026-04-26T01:19:39.881Z] USDC already approved: 115792089237316195423570985008687907853269984665640564039457584007913129.639935
[•] [2026-04-26T01:19:40.590Z] Calldata: 0xd6d344a1...0000000000000000000a
[•] [2026-04-26T01:19:40.819Z] Estimated gas: 171206
[•] [2026-04-26T01:19:40.821Z] Sending tx... nonce: 246
[✓] [2026-04-26T01:19:41.357Z] Tx sent: 0x432951ea1378d64242365b47254926db4f173a8291353d057c46ba7f2a3d9a6f
[•] [2026-04-26T01:19:41.358Z] Waiting confirmation...
[✓] [2026-04-26T01:19:46.928Z] Confirmed! Block: 1317662 | Gas: 166286 | Status: SUCCESS
[•] [2026-04-26T01:19:46.932Z] Jitter delay: 20139ms
[•] [2026-04-26T01:20:07.090Z] Bridging DAI | Amount: 0.00001 | Token: 0xB96A869c74Be2eD561D95a77408505371F287d16
[•] [2026-04-26T01:20:07.091Z] Jitter delay: 20959ms
[✓] [2026-04-26T01:20:28.761Z] DAI already approved: 115792089237316195423570985008687907853269984665640564039457.584007913129639935
[•] [2026-04-26T01:20:29.406Z] Calldata: 0xd6d344a1...0000000009184e72a000
[•] [2026-04-26T01:20:29.635Z] Estimated gas: 171254
[•] [2026-04-26T01:20:29.636Z] Sending tx... nonce: 247
[✓] [2026-04-26T01:20:30.100Z] Tx sent: 0xd04c61954450e261aa6411c45ac5e96cb053f6d06a8e58266097bc63e0438851
[•] [2026-04-26T01:20:30.100Z] Waiting confirmation...
[✓] [2026-04-26T01:20:35.956Z] Confirmed! Block: 1317672 | Gas: 166334 | Status: SUCCESS
[✓] [2026-04-26T01:20:35.959Z] Loop #5 completed
[•] [2026-04-26T01:20:35.960Z] Waiting 478s till next loop...
[•] [2026-04-26T01:28:35.033Z] ═══ Loop #6 ═══
[•] [2026-04-26T01:28:35.040Z] Bridging ETH | Amount: 0.0000001 | Token: 0x0000000000000000000000000000000000000000
[•] [2026-04-26T01:28:35.041Z] Jitter delay: 16777ms
[•] [2026-04-26T01:28:54.052Z] Calldata: 0xd6d344a1...0000000000174876e800
[•] [2026-04-26T01:28:54.313Z] Estimated gas: 131192
[•] [2026-04-26T01:28:54.314Z] Sending tx... nonce: 248
[✓] [2026-04-26T01:28:54.901Z] Tx sent: 0x645ea96feda8c8e767de1fa2eabe12fc05b06742ed39981d5b38c21fc6b2705c
[•] [2026-04-26T01:28:54.902Z] Waiting confirmation...
[✓] [2026-04-26T01:28:56.450Z] Confirmed! Block: 1317772 | Gas: 126272 | Status: SUCCESS
[•] [2026-04-26T01:28:56.451Z] Jitter delay: 16171ms
[•] [2026-04-26T01:29:12.637Z] Bridging USDT | Amount: 0.00001 | Token: 0xfcc025A3E170DF62de0e25AF7CeAf1C89aBfe6E9
[•] [2026-04-26T01:29:12.638Z] Jitter delay: 22963ms
[✓] [2026-04-26T01:29:36.358Z] USDT already approved: 115792089237316195423570985008687907853269984665640564039457584007913129.639935
[•] [2026-04-26T01:29:37.085Z] Calldata: 0xd6d344a1...0000000000000000000a
[•] [2026-04-26T01:29:37.326Z] Estimated gas: 171206
[•] [2026-04-26T01:29:37.328Z] Sending tx... nonce: 249
[✓] [2026-04-26T01:29:37.848Z] Tx sent: 0x6545ae4508b795aec44914c355cb260534d33ab7d4c0f9ea5595120a514601fa
[•] [2026-04-26T01:29:37.849Z] Waiting confirmation...
[✓] [2026-04-26T01:29:43.576Z] Confirmed! Block: 1317781 | Gas: 166286 | Status: SUCCESS
[•] [2026-04-26T01:29:43.581Z] Jitter delay: 11451ms
[•] [2026-04-26T01:29:55.041Z] Bridging USDC | Amount: 0.00001 | Token: 0xe819EB5be34B20f1FEC012c0DAf960397A0Fb386
[•] [2026-04-26T01:29:55.043Z] Jitter delay: 24577ms
[✓] [2026-04-26T01:30:20.334Z] USDC already approved: 115792089237316195423570985008687907853269984665640564039457584007913129.639935
[•] [2026-04-26T01:30:21.051Z] Calldata: 0xd6d344a1...0000000000000000000a
[•] [2026-04-26T01:30:21.308Z] Estimated gas: 171206
[•] [2026-04-26T01:30:21.310Z] Sending tx... nonce: 250
[✓] [2026-04-26T01:30:21.831Z] Tx sent: 0xcceff6ad94e5a42665295fec583e980f51bfb00e9f08b429d394a16efe4d9cb4
[•] [2026-04-26T01:30:21.832Z] Waiting confirmation...
[✓] [2026-04-26T01:30:27.556Z] Confirmed! Block: 1317790 | Gas: 166286 | Status: SUCCESS
[•] [2026-04-26T01:30:27.560Z] Jitter delay: 13555ms
[•] [2026-04-26T01:30:41.125Z] Bridging DAI | Amount: 0.00001 | Token: 0xB96A869c74Be2eD561D95a77408505371F287d16
[•] [2026-04-26T01:30:41.126Z] Jitter delay: 9487ms
[✓] [2026-04-26T01:30:51.249Z] DAI already approved: 115792089237316195423570985008687907853269984665640564039457.584007913129639935
[•] [2026-04-26T01:30:51.929Z] Calldata: 0xd6d344a1...0000000009184e72a000
[•] [2026-04-26T01:30:52.147Z] Estimated gas: 171254
[•] [2026-04-26T01:30:52.148Z] Sending tx... nonce: 251
[✓] [2026-04-26T01:30:52.637Z] Tx sent: 0x6796e9681201b9fee5fd85356d386e99cb463b5ca9065bb380499b8a91a480d4
[•] [2026-04-26T01:30:52.638Z] Waiting confirmation...
[✓] [2026-04-26T01:30:58.162Z] Confirmed! Block: 1317796 | Gas: 166334 | Status: SUCCESS
[✓] [2026-04-26T01:30:58.165Z] Loop #6 completed
[•] [2026-04-26T01:30:58.166Z] Waiting 554s till next loop...
[•] [2026-04-26T01:40:12.568Z] ═══ Loop #7 ═══
[•] [2026-04-26T01:40:12.571Z] Bridging ETH | Amount: 0.0000001 | Token: 0x0000000000000000000000000000000000000000
[•] [2026-04-26T01:40:12.572Z] Jitter delay: 5329ms
[•] [2026-04-26T01:40:19.361Z] Calldata: 0xd6d344a1...0000000000174876e800
[•] [2026-04-26T01:40:19.591Z] Estimated gas: 131192
[•] [2026-04-26T01:40:19.593Z] Sending tx... nonce: 252
[✓] [2026-04-26T01:40:20.102Z] Tx sent: 0xd954a3e8cca90cf0cfdd894876d838e34dff1b184fc463102540c74059e26776
[•] [2026-04-26T01:40:20.102Z] Waiting confirmation...
[✓] [2026-04-26T01:40:26.019Z] Confirmed! Block: 1317910 | Gas: 126272 | Status: SUCCESS
[•] [2026-04-26T01:40:26.022Z] Jitter delay: 16461ms
[•] [2026-04-26T01:40:42.492Z] Bridging USDT | Amount: 0.00001 | Token: 0xfcc025A3E170DF62de0e25AF7CeAf1C89aBfe6E9
[•] [2026-04-26T01:40:42.493Z] Jitter delay: 18274ms
[✓] [2026-04-26T01:41:01.461Z] USDT already approved: 115792089237316195423570985008687907853269984665640564039457584007913129.639935
[•] [2026-04-26T01:41:02.071Z] Calldata: 0xd6d344a1...0000000000000000000a
[•] [2026-04-26T01:41:02.281Z] Estimated gas: 171206
[•] [2026-04-26T01:41:02.282Z] Sending tx... nonce: 253
[✓] [2026-04-26T01:41:02.801Z] Tx sent: 0xe24628853894a22ee8d8cdb3347c2e684a2cdced6e97f8fdaef00267d9642a9e
[•] [2026-04-26T01:41:02.801Z] Waiting confirmation...
[✓] [2026-04-26T01:41:08.434Z] Confirmed! Block: 1317918 | Gas: 166286 | Status: SUCCESS
[•] [2026-04-26T01:41:08.437Z] Jitter delay: 12975ms
[•] [2026-04-26T01:41:21.420Z] Bridging USDC | Amount: 0.00001 | Token: 0xe819EB5be34B20f1FEC012c0DAf960397A0Fb386
[•] [2026-04-26T01:41:21.422Z] Jitter delay: 11455ms
[✓] [2026-04-26T01:41:33.586Z] USDC already approved: 115792089237316195423570985008687907853269984665640564039457584007913129.639935
[•] [2026-04-26T01:41:34.226Z] Calldata: 0xd6d344a1...0000000000000000000a
[•] [2026-04-26T01:41:34.457Z] Estimated gas: 171206
[•] [2026-04-26T01:41:34.458Z] Sending tx... nonce: 254
[✓] [2026-04-26T01:41:34.918Z] Tx sent: 0x13ee749df59f50dfdced16eae972241078693dadb7eec6b1c060f4b3500fc119
[•] [2026-04-26T01:41:34.919Z] Waiting confirmation...
[✓] [2026-04-26T01:41:35.747Z] Confirmed! Block: 1317924 | Gas: 166286 | Status: SUCCESS
[•] [2026-04-26T01:41:35.749Z] Jitter delay: 17087ms
[•] [2026-04-26T01:41:52.851Z] Bridging DAI | Amount: 0.00001 | Token: 0xB96A869c74Be2eD561D95a77408505371F287d16
[•] [2026-04-26T01:41:52.853Z] Jitter delay: 18098ms
[✓] [2026-04-26T01:42:11.917Z] DAI already approved: 115792089237316195423570985008687907853269984665640564039457.584007913129639935
[•] [2026-04-26T01:42:12.873Z] Calldata: 0xd6d344a1...0000000009184e72a000
[•] [2026-04-26T01:42:13.143Z] Estimated gas: 171254
[•] [2026-04-26T01:42:13.144Z] Sending tx... nonce: 255
[✓] [2026-04-26T01:42:13.794Z] Tx sent: 0x6c04c6ff61d073a5375a7319686a1bdd98af248cdc5a36f25d10eb926926c4d5
[•] [2026-04-26T01:42:13.796Z] Waiting confirmation...
[✓] [2026-04-26T01:42:19.702Z] Confirmed! Block: 1317932 | Gas: 166334 | Status: SUCCESS
[✓] [2026-04-26T01:42:19.705Z] Loop #7 completed
[•] [2026-04-26T01:42:19.706Z] Waiting 522s till next loop...
[•] [2026-04-26T01:51:02.779Z] ═══ Loop #8 ═══
[•] [2026-04-26T01:51:02.782Z] Bridging ETH | Amount: 0.0000001 | Token: 0x0000000000000000000000000000000000000000
[•] [2026-04-26T01:51:02.783Z] Jitter delay: 10796ms
[•] [2026-04-26T01:51:16.136Z] Calldata: 0xd6d344a1...0000000000174876e800
[•] [2026-04-26T01:51:16.422Z] Estimated gas: 131192
[•] [2026-04-26T01:51:16.423Z] Sending tx... nonce: 256
[✓] [2026-04-26T01:51:16.997Z] Tx sent: 0xec9c612b1accd2d8ef0c957daee5a95d9d34ab019947660c58ce8fe2baa6ddd7
[•] [2026-04-26T01:51:16.998Z] Waiting confirmation...
[✓] [2026-04-26T01:51:22.720Z] Confirmed! Block: 1318041 | Gas: 126272 | Status: SUCCESS
[•] [2026-04-26T01:51:22.721Z] Jitter delay: 15899ms
[•] [2026-04-26T01:51:38.634Z] Bridging USDT | Amount: 0.00001 | Token: 0xfcc025A3E170DF62de0e25AF7CeAf1C89aBfe6E9
[•] [2026-04-26T01:51:38.636Z] Jitter delay: 5129ms
[✓] [2026-04-26T01:51:44.509Z] USDT already approved: 115792089237316195423570985008687907853269984665640564039457584007913129.639935
[•] [2026-04-26T01:51:45.248Z] Calldata: 0xd6d344a1...0000000000000000000a
[•] [2026-04-26T01:51:45.501Z] Estimated gas: 171206
[•] [2026-04-26T01:51:45.502Z] Sending tx... nonce: 257
[✓] [2026-04-26T01:51:46.077Z] Tx sent: 0xfa6ac03c744c6db531c466d5109031ee3b4c829af80c3cd832dfbfd4bfd53c86
[•] [2026-04-26T01:51:46.078Z] Waiting confirmation...
[✓] [2026-04-26T01:51:51.971Z] Confirmed! Block: 1318047 | Gas: 166286 | Status: SUCCESS
[•] [2026-04-26T01:51:51.974Z] Jitter delay: 24091ms
[•] [2026-04-26T01:52:16.087Z] Bridging USDC | Amount: 0.00001 | Token: 0xe819EB5be34B20f1FEC012c0DAf960397A0Fb386
[•] [2026-04-26T01:52:16.088Z] Jitter delay: 9385ms
[✓] [2026-04-26T01:52:26.145Z] USDC already approved: 115792089237316195423570985008687907853269984665640564039457584007913129.639935
[•] [2026-04-26T01:52:26.820Z] Calldata: 0xd6d344a1...0000000000000000000a
[•] [2026-04-26T01:52:27.051Z] Estimated gas: 171206
[•] [2026-04-26T01:52:27.052Z] Sending tx... nonce: 258
[✓] [2026-04-26T01:52:27.562Z] Tx sent: 0x4d4c4b550aa7623a9544f8bf765fb7af8ac4572210dc12c29a049fb8f8e1c62e
[•] [2026-04-26T01:52:27.563Z] Waiting confirmation...
[✓] [2026-04-26T01:52:33.195Z] Confirmed! Block: 1318055 | Gas: 166286 | Status: SUCCESS
[•] [2026-04-26T01:52:33.198Z] Jitter delay: 27245ms
[•] [2026-04-26T01:53:00.469Z] Bridging DAI | Amount: 0.00001 | Token: 0xB96A869c74Be2eD561D95a77408505371F287d16
[•] [2026-04-26T01:53:00.470Z] Jitter delay: 13595ms
[✓] [2026-04-26T01:53:14.792Z] DAI already approved: 115792089237316195423570985008687907853269984665640564039457.584007913129639935
[•] [2026-04-26T01:53:15.435Z] Calldata: 0xd6d344a1...0000000009184e72a000
[•] [2026-04-26T01:53:15.649Z] Estimated gas: 171254
[•] [2026-04-26T01:53:15.650Z] Sending tx... nonce: 259
[✓] [2026-04-26T01:53:16.140Z] Tx sent: 0x070a0cf16cbcc97fd9a6e8d9b3e6bdcb63797beef60bd3daf44a7cefb016fc8a
[•] [2026-04-26T01:53:16.140Z] Waiting confirmation...
[✓] [2026-04-26T01:53:21.664Z] Confirmed! Block: 1318065 | Gas: 166334 | Status: SUCCESS
[✓] [2026-04-26T01:53:21.668Z] Loop #8 completed
[•] [2026-04-26T01:53:21.669Z] Waiting 354s till next loop...
[•] [2026-04-26T01:59:16.692Z] ═══ Loop #9 ═══
[•] [2026-04-26T01:59:16.694Z] Bridging ETH | Amount: 0.0000001 | Token: 0x0000000000000000000000000000000000000000
[•] [2026-04-26T01:59:16.695Z] Jitter delay: 22972ms
[•] [2026-04-26T01:59:41.485Z] Calldata: 0xd6d344a1...0000000000174876e800
[•] [2026-04-26T01:59:41.704Z] Estimated gas: 131192
[•] [2026-04-26T01:59:41.705Z] Sending tx... nonce: 260
[✓] [2026-04-26T01:59:42.193Z] Tx sent: 0x5701dadd9c053196f5a4de21bb02cfa3d5f9c4735da57251aa67888e4fe3b23b
[•] [2026-04-26T01:59:42.194Z] Waiting confirmation...
[✓] [2026-04-26T01:59:47.649Z] Confirmed! Block: 1318142 | Gas: 126272 | Status: SUCCESS
[•] [2026-04-26T01:59:47.651Z] Jitter delay: 27620ms
[•] [2026-04-26T02:00:15.297Z] Bridging USDT | Amount: 0.00001 | Token: 0xfcc025A3E170DF62de0e25AF7CeAf1C89aBfe6E9
[•] [2026-04-26T02:00:15.298Z] Jitter delay: 24817ms
[✓] [2026-04-26T02:00:40.942Z] USDT already approved: 115792089237316195423570985008687907853269984665640564039457584007913129.639935
[•] [2026-04-26T02:00:41.709Z] Calldata: 0xd6d344a1...0000000000000000000a
[•] [2026-04-26T02:00:41.968Z] Estimated gas: 171206
[•] [2026-04-26T02:00:41.969Z] Sending tx... nonce: 261
[✓] [2026-04-26T02:00:42.539Z] Tx sent: 0xcb6b35b62a192dbcd6409c9b6a8be7b1d1d041224b48ab9abb38824da0a42f04
[•] [2026-04-26T02:00:42.539Z] Waiting confirmation...
[✓] [2026-04-26T02:00:48.369Z] Confirmed! Block: 1318154 | Gas: 166286 | Status: SUCCESS
[•] [2026-04-26T02:00:48.373Z] Jitter delay: 15079ms
[•] [2026-04-26T02:01:03.464Z] Bridging USDC | Amount: 0.00001 | Token: 0xe819EB5be34B20f1FEC012c0DAf960397A0Fb386
[•] [2026-04-26T02:01:03.466Z] Jitter delay: 17334ms
[✓] [2026-04-26T02:01:21.574Z] USDC already approved: 115792089237316195423570985008687907853269984665640564039457584007913129.639935
[•] [2026-04-26T02:01:22.263Z] Calldata: 0xd6d344a1...0000000000000000000a
[•] [2026-04-26T02:01:22.496Z] Estimated gas: 171206
[•] [2026-04-26T02:01:22.498Z] Sending tx... nonce: 262
[✓] [2026-04-26T02:01:22.987Z] Tx sent: 0xa0d87f77c34d6df65f65be13ffa055319dde7586c96fdf371fa911bd4903945d
[•] [2026-04-26T02:01:22.987Z] Waiting confirmation...
[✓] [2026-04-26T02:01:28.581Z] Confirmed! Block: 1318162 | Gas: 166286 | Status: SUCCESS
[•] [2026-04-26T02:01:28.584Z] Jitter delay: 7345ms
[•] [2026-04-26T02:01:35.933Z] Bridging DAI | Amount: 0.00001 | Token: 0xB96A869c74Be2eD561D95a77408505371F287d16
[•] [2026-04-26T02:01:35.934Z] Jitter delay: 19014ms
[✓] [2026-04-26T02:01:55.662Z] DAI already approved: 115792089237316195423570985008687907853269984665640564039457.584007913129639935
[•] [2026-04-26T02:01:56.329Z] Calldata: 0xd6d344a1...0000000009184e72a000
[•] [2026-04-26T02:01:56.561Z] Estimated gas: 171254
[•] [2026-04-26T02:01:56.562Z] Sending tx... nonce: 263
[✓] [2026-04-26T02:01:57.045Z] Tx sent: 0x3b237457734140f7dc8ceb723d15a6da935063db6aab642abdead6b35552eb83
[•] [2026-04-26T02:01:57.046Z] Waiting confirmation...
[✓] [2026-04-26T02:02:02.576Z] Confirmed! Block: 1318169 | Gas: 166334 | Status: SUCCESS
[✓] [2026-04-26T02:02:02.579Z] Loop #9 completed
[•] [2026-04-26T02:02:02.580Z] Waiting 527s till next loop...
[•] [2026-04-26T02:10:49.848Z] ═══ Loop #10 ═══
[•] [2026-04-26T02:10:49.977Z] Bridging ETH | Amount: 0.0000001 | Token: 0x0000000000000000000000000000000000000000
[•] [2026-04-26T02:10:49.979Z] Jitter delay: 20032ms
[•] [2026-04-26T02:11:12.833Z] Calldata: 0xd6d344a1...0000000000174876e800
[•] [2026-04-26T02:11:13.100Z] Estimated gas: 131192
[•] [2026-04-26T02:11:13.102Z] Sending tx... nonce: 264
[✓] [2026-04-26T02:11:13.688Z] Tx sent: 0x6d980f6ffddaeba673a3b6e77130939352f8920cad47d32cb6d4c06de700a0f7
[•] [2026-04-26T02:11:13.688Z] Waiting confirmation...
[✓] [2026-04-26T02:11:19.321Z] Confirmed! Block: 1318280 | Gas: 126272 | Status: SUCCESS
[•] [2026-04-26T02:11:19.325Z] Jitter delay: 16442ms
[•] [2026-04-26T02:11:35.781Z] Bridging USDT | Amount: 0.00001 | Token: 0xfcc025A3E170DF62de0e25AF7CeAf1C89aBfe6E9
[•] [2026-04-26T02:11:35.782Z] Jitter delay: 25258ms
[✓] [2026-04-26T02:12:02.043Z] USDT already approved: 115792089237316195423570985008687907853269984665640564039457584007913129.639935
[•] [2026-04-26T02:12:02.713Z] Calldata: 0xd6d344a1...0000000000000000000a
[•] [2026-04-26T02:12:02.935Z] Estimated gas: 171206
[•] [2026-04-26T02:12:02.937Z] Sending tx... nonce: 265
[✓] [2026-04-26T02:12:03.438Z] Tx sent: 0x20165b180bf726251f3f2d0ed62022fc5e82b0d227061fc6c33fee72c0c887da
[•] [2026-04-26T02:12:03.438Z] Waiting confirmation...
[✓] [2026-04-26T02:12:08.973Z] Confirmed! Block: 1318290 | Gas: 166286 | Status: SUCCESS
[•] [2026-04-26T02:12:08.977Z] Jitter delay: 10343ms
[•] [2026-04-26T02:12:19.329Z] Bridging USDC | Amount: 0.00001 | Token: 0xe819EB5be34B20f1FEC012c0DAf960397A0Fb386
[•] [2026-04-26T02:12:19.330Z] Jitter delay: 28152ms
[✓] [2026-04-26T02:12:48.216Z] USDC already approved: 115792089237316195423570985008687907853269984665640564039457584007913129.639935
[•] [2026-04-26T02:12:48.890Z] Calldata: 0xd6d344a1...0000000000000000000a
[•] [2026-04-26T02:12:49.113Z] Estimated gas: 171206
[•] [2026-04-26T02:12:49.114Z] Sending tx... nonce: 266
[✓] [2026-04-26T02:12:49.600Z] Tx sent: 0x7c2f9337a4d9ba0d097eeb588ebd7b4b03925b237cb97938abad8f23cf1e3bf5
[•] [2026-04-26T02:12:49.600Z] Waiting confirmation...
[✓] [2026-04-26T02:12:50.742Z] Confirmed! Block: 1318299 | Gas: 166286 | Status: SUCCESS
[•] [2026-04-26T02:12:50.744Z] Jitter delay: 19752ms
[•] [2026-04-26T02:13:10.513Z] Bridging DAI | Amount: 0.00001 | Token: 0xB96A869c74Be2eD561D95a77408505371F287d16
[•] [2026-04-26T02:13:10.514Z] Jitter delay: 19390ms
[✓] [2026-04-26T02:13:30.632Z] DAI already approved: 115792089237316195423570985008687907853269984665640564039457.584007913129639935
[•] [2026-04-26T02:13:31.394Z] Calldata: 0xd6d344a1...0000000009184e72a000
[•] [2026-04-26T02:13:31.623Z] Estimated gas: 171254
[•] [2026-04-26T02:13:31.625Z] Sending tx... nonce: 267
[✓] [2026-04-26T02:13:32.173Z] Tx sent: 0x5416c204c89bb4487cbecab360d09d5408b5d907ffd34174c774e5b9807e4172
[•] [2026-04-26T02:13:32.174Z] Waiting confirmation...
[✓] [2026-04-26T02:13:37.785Z] Confirmed! Block: 1318308 | Gas: 166334 | Status: SUCCESS
[✓] [2026-04-26T02:13:37.788Z] Loop #10 completed
[•] [2026-04-26T02:13:37.789Z] Waiting 318s till next loop...
[•] [2026-04-26T02:18:55.960Z] ═══ Loop #11 ═══
[•] [2026-04-26T02:18:56.012Z] Bridging ETH | Amount: 0.0000001 | Token: 0x0000000000000000000000000000000000000000
[•] [2026-04-26T02:18:56.013Z] Jitter delay: 17086ms
[•] [2026-04-26T02:19:15.632Z] Calldata: 0xd6d344a1...0000000000174876e800
[•] [2026-04-26T02:19:15.872Z] Estimated gas: 131192
[•] [2026-04-26T02:19:15.874Z] Sending tx... nonce: 268
[✓] [2026-04-26T02:19:16.368Z] Tx sent: 0x0da75d8bb62b4b8e27b79ce0ba024b76efa47634ef75b617e79670a7d8cdc805
[•] [2026-04-26T02:19:16.369Z] Waiting confirmation...
[✓] [2026-04-26T02:19:22.709Z] Confirmed! Block: 1318377 | Gas: 126272 | Status: SUCCESS
[•] [2026-04-26T02:19:22.715Z] Jitter delay: 13296ms
[•] [2026-04-26T02:19:36.020Z] Bridging USDT | Amount: 0.00001 | Token: 0xfcc025A3E170DF62de0e25AF7CeAf1C89aBfe6E9
[•] [2026-04-26T02:19:36.031Z] Jitter delay: 13311ms
[✓] [2026-04-26T02:19:50.119Z] USDT already approved: 115792089237316195423570985008687907853269984665640564039457584007913129.639935
[•] [2026-04-26T02:19:50.905Z] Calldata: 0xd6d344a1...0000000000000000000a
[•] [2026-04-26T02:19:51.180Z] Estimated gas: 171206
[•] [2026-04-26T02:19:51.181Z] Sending tx... nonce: 269
[✓] [2026-04-26T02:19:51.769Z] Tx sent: 0x7375348dd5b2369a9b2fa3b46170b5960b70b260fcb986b4864f1eff9596e7d5
[•] [2026-04-26T02:19:51.770Z] Waiting confirmation...
[✓] [2026-04-26T02:19:57.881Z] Confirmed! Block: 1318384 | Gas: 166286 | Status: SUCCESS
[•] [2026-04-26T02:19:57.882Z] Jitter delay: 12109ms
[•] [2026-04-26T02:20:10.002Z] Bridging USDC | Amount: 0.00001 | Token: 0xe819EB5be34B20f1FEC012c0DAf960397A0Fb386
[•] [2026-04-26T02:20:10.005Z] Jitter delay: 16826ms
[✓] [2026-04-26T02:20:27.429Z] USDC already approved: 115792089237316195423570985008687907853269984665640564039457584007913129.639935
[•] [2026-04-26T02:20:28.078Z] Calldata: 0xd6d344a1...0000000000000000000a
[•] [2026-04-26T02:20:28.293Z] Estimated gas: 171206
[•] [2026-04-26T02:20:28.293Z] Sending tx... nonce: 270
[✓] [2026-04-26T02:20:28.737Z] Tx sent: 0xef4e9f7d068cec461eaf95f43658bd5dc3f8da86cd58465306e93cbf91ecf53b
[•] [2026-04-26T02:20:28.738Z] Waiting confirmation...
[✓] [2026-04-26T02:20:34.386Z] Confirmed! Block: 1318391 | Gas: 166286 | Status: SUCCESS
[•] [2026-04-26T02:20:34.388Z] Jitter delay: 14625ms
[•] [2026-04-26T02:20:49.025Z] Bridging DAI | Amount: 0.00001 | Token: 0xB96A869c74Be2eD561D95a77408505371F287d16
[•] [2026-04-26T02:20:49.027Z] Jitter delay: 17752ms
[✓] [2026-04-26T02:21:07.387Z] DAI already approved: 115792089237316195423570985008687907853269984665640564039457.584007913129639935
[•] [2026-04-26T02:21:08.009Z] Calldata: 0xd6d344a1...0000000009184e72a000
[•] [2026-04-26T02:21:08.231Z] Estimated gas: 171254
[•] [2026-04-26T02:21:08.233Z] Sending tx... nonce: 271
[✓] [2026-04-26T02:21:08.763Z] Tx sent: 0x47e66a37da61ee290e85192371c3b64c28021cbbe56690bf92c087ac1603f3f5
[•] [2026-04-26T02:21:08.763Z] Waiting confirmation...
[✓] [2026-04-26T02:21:14.313Z] Confirmed! Block: 1318399 | Gas: 166334 | Status: SUCCESS
[✓] [2026-04-26T02:21:14.319Z] Loop #11 completed
[•] [2026-04-26T02:21:14.321Z] Waiting 593s till next loop...
[•] [2026-04-26T02:31:08.413Z] ═══ Loop #12 ═══
[•] [2026-04-26T02:31:08.475Z] Bridging ETH | Amount: 0.0000001 | Token: 0x0000000000000000000000000000000000000000
[•] [2026-04-26T02:31:08.477Z] Jitter delay: 11759ms
[•] [2026-04-26T02:31:22.797Z] Calldata: 0xd6d344a1...0000000000174876e800
[•] [2026-04-26T02:31:23.065Z] Estimated gas: 131192
[•] [2026-04-26T02:31:23.066Z] Sending tx... nonce: 272
[✓] [2026-04-26T02:31:23.658Z] Tx sent: 0x194e840937eb75cf4988eef74fb59abc8be1749de5dd53ed4dbfeea4156e1c85
[•] [2026-04-26T02:31:23.659Z] Waiting confirmation...
[✓] [2026-04-26T02:31:29.590Z] Confirmed! Block: 1318522 | Gas: 126272 | Status: SUCCESS
[•] [2026-04-26T02:31:29.594Z] Jitter delay: 19860ms
[•] [2026-04-26T02:31:49.472Z] Bridging USDT | Amount: 0.00001 | Token: 0xfcc025A3E170DF62de0e25AF7CeAf1C89aBfe6E9
[•] [2026-04-26T02:31:49.474Z] Jitter delay: 15488ms
[✓] [2026-04-26T02:32:05.761Z] USDT already approved: 115792089237316195423570985008687907853269984665640564039457584007913129.639935
[•] [2026-04-26T02:32:06.367Z] Calldata: 0xd6d344a1...0000000000000000000a
[•] [2026-04-26T02:32:06.564Z] Estimated gas: 171206
[•] [2026-04-26T02:32:06.564Z] Sending tx... nonce: 273
[✓] [2026-04-26T02:32:07.072Z] Tx sent: 0x6e032c2128c068830d1d5bc899790c5de562ceb87205e5eda87666167fa654b8
[•] [2026-04-26T02:32:07.072Z] Waiting confirmation...
[✓] [2026-04-26T02:32:12.504Z] Confirmed! Block: 1318531 | Gas: 166286 | Status: SUCCESS
[•] [2026-04-26T02:32:12.508Z] Jitter delay: 27690ms
[•] [2026-04-26T02:32:40.222Z] Bridging USDC | Amount: 0.00001 | Token: 0xe819EB5be34B20f1FEC012c0DAf960397A0Fb386
[•] [2026-04-26T02:32:40.225Z] Jitter delay: 26638ms
[✓] [2026-04-26T02:33:07.575Z] USDC already approved: 115792089237316195423570985008687907853269984665640564039457584007913129.639935
[•] [2026-04-26T02:33:08.232Z] Calldata: 0xd6d344a1...0000000000000000000a
[•] [2026-04-26T02:33:08.460Z] Estimated gas: 171206
[•] [2026-04-26T02:33:08.460Z] Sending tx... nonce: 274
[✓] [2026-04-26T02:33:08.993Z] Tx sent: 0x1c22bea4bc65e963649b955dab0399b036073a41b5669bf54c246bc65da243ad
[•] [2026-04-26T02:33:08.994Z] Waiting confirmation...
[✓] [2026-04-26T02:33:14.545Z] Confirmed! Block: 1318543 | Gas: 166286 | Status: SUCCESS
[•] [2026-04-26T02:33:14.552Z] Jitter delay: 20483ms
[•] [2026-04-26T02:33:35.051Z] Bridging DAI | Amount: 0.00001 | Token: 0xB96A869c74Be2eD561D95a77408505371F287d16
[•] [2026-04-26T02:33:35.052Z] Jitter delay: 22729ms
[✓] [2026-04-26T02:33:58.490Z] DAI already approved: 115792089237316195423570985008687907853269984665640564039457.584007913129639935
[•] [2026-04-26T02:33:59.198Z] Calldata: 0xd6d344a1...0000000009184e72a000
[•] [2026-04-26T02:33:59.435Z] Estimated gas: 171254
[•] [2026-04-26T02:33:59.435Z] Sending tx... nonce: 275
[✓] [2026-04-26T02:33:59.987Z] Tx sent: 0xb28ac4481cc79a9ae74fa92bbe3929fa948e3cd60063141292c9cc7ac57e2902
[•] [2026-04-26T02:33:59.988Z] Waiting confirmation...
[✓] [2026-04-26T02:34:00.950Z] Confirmed! Block: 1318553 | Gas: 166334 | Status: SUCCESS
[✓] [2026-04-26T02:34:00.970Z] Loop #12 completed
[•] [2026-04-26T02:34:00.971Z] Waiting 500s till next loop...
[•] [2026-04-26T02:42:21.285Z] ═══ Loop #13 ═══
[•] [2026-04-26T02:42:21.348Z] Bridging ETH | Amount: 0.0000001 | Token: 0x0000000000000000000000000000000000000000
[•] [2026-04-26T02:42:21.349Z] Jitter delay: 28310ms
[•] [2026-04-26T02:42:51.569Z] Calldata: 0xd6d344a1...0000000000174876e800
[•] [2026-04-26T02:42:51.801Z] Estimated gas: 131192
[•] [2026-04-26T02:42:51.802Z] Sending tx... nonce: 276
[✓] [2026-04-26T02:42:52.353Z] Tx sent: 0xfeae917fd361d542ab51568381f0f064e32d4ec45a4c7c2e9ba627ee005e3934
[•] [2026-04-26T02:42:52.354Z] Waiting confirmation...
[✓] [2026-04-26T02:42:57.877Z] Confirmed! Block: 1318660 | Gas: 126272 | Status: SUCCESS
[•] [2026-04-26T02:42:57.881Z] Jitter delay: 28643ms
[•] [2026-04-26T02:43:26.549Z] Bridging USDT | Amount: 0.00001 | Token: 0xfcc025A3E170DF62de0e25AF7CeAf1C89aBfe6E9
[•] [2026-04-26T02:43:26.550Z] Jitter delay: 25743ms
[✓] [2026-04-26T02:43:52.926Z] USDT already approved: 115792089237316195423570985008687907853269984665640564039457584007913129.639935
[•] [2026-04-26T02:43:53.530Z] Calldata: 0xd6d344a1...0000000000000000000a
[•] [2026-04-26T02:43:53.725Z] Estimated gas: 171206
[•] [2026-04-26T02:43:53.728Z] Sending tx... nonce: 277
[✓] [2026-04-26T02:43:54.188Z] Tx sent: 0x0bf9c7b7a146383253a809b9b1d2cc71e682ea0166960cabec5f493dddf39e29
[•] [2026-04-26T02:43:54.189Z] Waiting confirmation...
[✓] [2026-04-26T02:43:59.635Z] Confirmed! Block: 1318672 | Gas: 166286 | Status: SUCCESS
[•] [2026-04-26T02:43:59.650Z] Jitter delay: 18104ms
[•] [2026-04-26T02:44:17.769Z] Bridging USDC | Amount: 0.00001 | Token: 0xe819EB5be34B20f1FEC012c0DAf960397A0Fb386
[•] [2026-04-26T02:44:17.771Z] Jitter delay: 16393ms
[✓] [2026-04-26T02:44:34.758Z] USDC already approved: 115792089237316195423570985008687907853269984665640564039457584007913129.639935
[•] [2026-04-26T02:44:35.444Z] Calldata: 0xd6d344a1...0000000000000000000a
[•] [2026-04-26T02:44:35.658Z] Estimated gas: 171206
[•] [2026-04-26T02:44:35.659Z] Sending tx... nonce: 278
[✓] [2026-04-26T02:44:36.139Z] Tx sent: 0xc6c9349358fe606fcc5fea4812e8d7375b14300e1d7cf776f1081f778c832c12
[•] [2026-04-26T02:44:36.139Z] Waiting confirmation...
[✓] [2026-04-26T02:44:41.537Z] Confirmed! Block: 1318681 | Gas: 166286 | Status: SUCCESS
[•] [2026-04-26T02:44:41.538Z] Jitter delay: 12617ms
[•] [2026-04-26T02:44:54.164Z] Bridging DAI | Amount: 0.00001 | Token: 0xB96A869c74Be2eD561D95a77408505371F287d16
[•] [2026-04-26T02:44:54.165Z] Jitter delay: 8016ms
[✓] [2026-04-26T02:45:02.960Z] DAI already approved: 115792089237316195423570985008687907853269984665640564039457.584007913129639935
[•] [2026-04-26T02:45:03.716Z] Calldata: 0xd6d344a1...0000000009184e72a000
[•] [2026-04-26T02:45:03.944Z] Estimated gas: 171254
[•] [2026-04-26T02:45:03.945Z] Sending tx... nonce: 279
[✓] [2026-04-26T02:45:04.546Z] Tx sent: 0xdc5eb28d3286f0a18cabb5fe4a68e3561d38c5f260aa3bbf446a09ba1c220609
[•] [2026-04-26T02:45:04.546Z] Waiting confirmation...
[✓] [2026-04-26T02:45:05.792Z] Confirmed! Block: 1318686 | Gas: 166334 | Status: SUCCESS
[✓] [2026-04-26T02:45:05.794Z] Loop #13 completed
[•] [2026-04-26T02:45:05.795Z] Waiting 544s till next loop...
[•] [2026-04-26T03:05:10.481Z] ═══ Loop #14 ═══
[•] [2026-04-26T03:05:10.536Z] Bridging ETH | Amount: 0.0000001 | Token: 0x0000000000000000000000000000000000000000
[•] [2026-04-26T03:05:10.538Z] Jitter delay: 12604ms
[•] [2026-04-26T03:05:24.919Z] Calldata: 0xd6d344a1...0000000000174876e800
[•] [2026-04-26T03:05:25.188Z] Estimated gas: 131192
[•] [2026-04-26T03:05:25.189Z] Sending tx... nonce: 280
[✓] [2026-04-26T03:05:25.684Z] Tx sent: 0x6dd0154a3cefcca71758a1f540e2d1646d33828f9cc92d7f71db63ed1b9ca10c
[•] [2026-04-26T03:05:25.685Z] Waiting confirmation...
[✓] [2026-04-26T03:05:31.418Z] Confirmed! Block: 1318931 | Gas: 126272 | Status: SUCCESS
[•] [2026-04-26T03:05:31.421Z] Jitter delay: 15153ms
[•] [2026-04-26T03:05:46.587Z] Bridging USDT | Amount: 0.00001 | Token: 0xfcc025A3E170DF62de0e25AF7CeAf1C89aBfe6E9
[•] [2026-04-26T03:05:46.589Z] Jitter delay: 23963ms
[✓] [2026-04-26T03:06:11.297Z] USDT already approved: 115792089237316195423570985008687907853269984665640564039457584007913129.639935
[•] [2026-04-26T03:06:11.931Z] Calldata: 0xd6d344a1...0000000000000000000a
[•] [2026-04-26T03:06:12.140Z] Estimated gas: 171206
[•] [2026-04-26T03:06:12.141Z] Sending tx... nonce: 281
[✓] [2026-04-26T03:06:12.796Z] Tx sent: 0x2aef5b0c5eb673ec5ffb0f891e1bc46f46aaa1716cd6e3314f4f8f1b46131ed3
[•] [2026-04-26T03:06:12.797Z] Waiting confirmation...
[✓] [2026-04-26T03:06:18.347Z] Confirmed! Block: 1318940 | Gas: 166286 | Status: SUCCESS
[•] [2026-04-26T03:06:18.351Z] Jitter delay: 20784ms
[•] [2026-04-26T03:06:39.152Z] Bridging USDC | Amount: 0.00001 | Token: 0xe819EB5be34B20f1FEC012c0DAf960397A0Fb386
[•] [2026-04-26T03:06:39.173Z] Jitter delay: 13669ms
[✓] [2026-04-26T03:06:53.536Z] USDC already approved: 115792089237316195423570985008687907853269984665640564039457584007913129.639935
[•] [2026-04-26T03:06:54.458Z] Calldata: 0xd6d344a1...0000000000000000000a
[•] [2026-04-26T03:06:54.742Z] Estimated gas: 171206
[•] [2026-04-26T03:06:54.742Z] Sending tx... nonce: 282
[✓] [2026-04-26T03:06:55.465Z] Tx sent: 0x8d6ab9dfbc4b1515feb99a5e7e0750fd3f42ed7fb324e6cb6087f0713c7d5d8b
[•] [2026-04-26T03:06:55.466Z] Waiting confirmation...
[✓] [2026-04-26T03:07:01.575Z] Confirmed! Block: 1318949 | Gas: 166286 | Status: SUCCESS
[•] [2026-04-26T03:07:01.577Z] Jitter delay: 16364ms
[•] [2026-04-26T03:07:17.956Z] Bridging DAI | Amount: 0.00001 | Token: 0xB96A869c74Be2eD561D95a77408505371F287d16
[•] [2026-04-26T03:07:17.956Z] Jitter delay: 8443ms
[✓] [2026-04-26T03:07:27.226Z] DAI already approved: 115792089237316195423570985008687907853269984665640564039457.584007913129639935
[•] [2026-04-26T03:07:27.990Z] Calldata: 0xd6d344a1...0000000009184e72a000
[•] [2026-04-26T03:07:28.240Z] Estimated gas: 171254
[•] [2026-04-26T03:07:28.240Z] Sending tx... nonce: 283
[✓] [2026-04-26T03:07:28.800Z] Tx sent: 0x628544f89e1d1b1f581743e8457c3c05fc47f0ca2380742e66f4f74417aa2c45
[•] [2026-04-26T03:07:28.801Z] Waiting confirmation...
[✓] [2026-04-26T03:07:34.581Z] Confirmed! Block: 1318955 | Gas: 166334 | Status: SUCCESS
[✓] [2026-04-26T03:07:34.586Z] Loop #14 completed
[•] [2026-04-26T03:07:34.587Z] Waiting 461s till next loop...
[•] [2026-04-26T03:15:15.921Z] ═══ Loop #15 ═══
[•] [2026-04-26T03:15:15.951Z] Bridging ETH | Amount: 0.0000001 | Token: 0x0000000000000000000000000000000000000000
[•] [2026-04-26T03:15:15.952Z] Jitter delay: 26950ms
[•] [2026-04-26T03:15:44.500Z] Calldata: 0xd6d344a1...0000000000174876e800
[•] [2026-04-26T03:15:44.735Z] Estimated gas: 131192
[•] [2026-04-26T03:15:44.737Z] Sending tx... nonce: 284
[✓] [2026-04-26T03:15:45.274Z] Tx sent: 0xe1c49e2559eddd2a6e89970448ab1056dae8da16664110a41c9557252dacc8f3
[•] [2026-04-26T03:15:45.274Z] Waiting confirmation...
[✓] [2026-04-26T03:15:54.992Z] Confirmed! Block: 1319055 | Gas: 126272 | Status: SUCCESS
[•] [2026-04-26T03:15:54.996Z] Jitter delay: 24853ms
[•] [2026-04-26T03:16:19.870Z] Bridging USDT | Amount: 0.00001 | Token: 0xfcc025A3E170DF62de0e25AF7CeAf1C89aBfe6E9
[•] [2026-04-26T03:16:19.871Z] Jitter delay: 9757ms
[✓] [2026-04-26T03:16:30.355Z] USDT already approved: 115792089237316195423570985008687907853269984665640564039457584007913129.639935
[•] [2026-04-26T03:16:30.987Z] Calldata: 0xd6d344a1...0000000000000000000a
[•] [2026-04-26T03:16:31.194Z] Estimated gas: 171206
[•] [2026-04-26T03:16:31.195Z] Sending tx... nonce: 285
[✓] [2026-04-26T03:16:31.648Z] Tx sent: 0xb000379388b468e019bd2e24a4f064f7bac01fdfa9157a6480023ac834739934
[•] [2026-04-26T03:16:31.649Z] Waiting confirmation...
[✓] [2026-04-26T03:16:37.137Z] Confirmed! Block: 1319064 | Gas: 166286 | Status: SUCCESS
[•] [2026-04-26T03:16:37.142Z] Jitter delay: 28011ms
[•] [2026-04-26T03:17:05.168Z] Bridging USDC | Amount: 0.00001 | Token: 0xe819EB5be34B20f1FEC012c0DAf960397A0Fb386
[•] [2026-04-26T03:17:05.169Z] Jitter delay: 21682ms
[✓] [2026-04-26T03:17:27.640Z] USDC already approved: 115792089237316195423570985008687907853269984665640564039457584007913129.639935
[•] [2026-04-26T03:17:28.337Z] Calldata: 0xd6d344a1...0000000000000000000a
[•] [2026-04-26T03:17:28.542Z] Estimated gas: 171206
[•] [2026-04-26T03:17:28.542Z] Sending tx... nonce: 286
[✓] [2026-04-26T03:17:29.031Z] Tx sent: 0xaedfbba036f625cb8ee743a051708c19fd6ae160051f7a15c8369356415f661f
[•] [2026-04-26T03:17:29.031Z] Waiting confirmation...
[✓] [2026-04-26T03:17:34.581Z] Confirmed! Block: 1319075 | Gas: 166286 | Status: SUCCESS
[•] [2026-04-26T03:17:34.583Z] Jitter delay: 23316ms
[•] [2026-04-26T03:17:57.919Z] Bridging DAI | Amount: 0.00001 | Token: 0xB96A869c74Be2eD561D95a77408505371F287d16
[•] [2026-04-26T03:17:57.920Z] Jitter delay: 22442ms
[✓] [2026-04-26T03:18:21.196Z] DAI already approved: 115792089237316195423570985008687907853269984665640564039457.584007913129639935
[•] [2026-04-26T03:18:21.929Z] Calldata: 0xd6d344a1...0000000009184e72a000
[•] [2026-04-26T03:18:22.176Z] Estimated gas: 171254
[•] [2026-04-26T03:18:22.177Z] Sending tx... nonce: 287
[✓] [2026-04-26T03:18:22.726Z] Tx sent: 0x74c12a02eaa8969f8d07ef35351fd27e0f6d64f35cb6b3a01f49e7d71597f2c0
[•] [2026-04-26T03:18:22.727Z] Waiting confirmation...
[✓] [2026-04-26T03:18:28.437Z] Confirmed! Block: 1319086 | Gas: 166334 | Status: SUCCESS
[✓] [2026-04-26T03:18:28.439Z] Loop #15 completed
[•] [2026-04-26T03:18:28.439Z] Waiting 491s till next loop...
[•] [2026-04-26T03:26:40.058Z] ═══ Loop #16 ═══
[•] [2026-04-26T03:26:40.214Z] Bridging ETH | Amount: 0.0000001 | Token: 0x0000000000000000000000000000000000000000
[•] [2026-04-26T03:26:40.216Z] Jitter delay: 18426ms
[•] [2026-04-26T03:27:01.158Z] Calldata: 0xd6d344a1...0000000000174876e800
[•] [2026-04-26T03:27:01.455Z] Estimated gas: 131192
[•] [2026-04-26T03:27:01.456Z] Sending tx... nonce: 288
[✓] [2026-04-26T03:27:02.127Z] Tx sent: 0xd1655d84b9afd9adfcfeddfb09dd8f63cb741bc006b37424eb6ef2ef63625594
[•] [2026-04-26T03:27:02.128Z] Waiting confirmation...
[✓] [2026-04-26T03:27:07.931Z] Confirmed! Block: 1319190 | Gas: 126272 | Status: SUCCESS
[•] [2026-04-26T03:27:07.935Z] Jitter delay: 23354ms
[•] [2026-04-26T03:27:31.311Z] Bridging USDT | Amount: 0.00001 | Token: 0xfcc025A3E170DF62de0e25AF7CeAf1C89aBfe6E9
[•] [2026-04-26T03:27:31.313Z] Jitter delay: 12450ms
[✓] [2026-04-26T03:27:44.590Z] USDT already approved: 115792089237316195423570985008687907853269984665640564039457584007913129.639935
[•] [2026-04-26T03:27:45.340Z] Calldata: 0xd6d344a1...0000000000000000000a
[•] [2026-04-26T03:27:45.601Z] Estimated gas: 171206
[•] [2026-04-26T03:27:45.603Z] Sending tx... nonce: 289
[✓] [2026-04-26T03:27:46.175Z] Tx sent: 0xa05bbc83d727e73d0bdfba8629987339074df63dae7082f14d601ee02154be52
[•] [2026-04-26T03:27:46.176Z] Waiting confirmation...
[✓] [2026-04-26T03:27:52.005Z] Confirmed! Block: 1319199 | Gas: 166286 | Status: SUCCESS
[•] [2026-04-26T03:27:52.008Z] Jitter delay: 18314ms
[•] [2026-04-26T03:28:10.338Z] Bridging USDC | Amount: 0.00001 | Token: 0xe819EB5be34B20f1FEC012c0DAf960397A0Fb386
[•] [2026-04-26T03:28:10.339Z] Jitter delay: 27566ms
[✓] [2026-04-26T03:28:38.468Z] USDC already approved: 115792089237316195423570985008687907853269984665640564039457584007913129.639935
[•] [2026-04-26T03:28:39.136Z] Calldata: 0xd6d344a1...0000000000000000000a
[•] [2026-04-26T03:28:39.356Z] Estimated gas: 171206
[•] [2026-04-26T03:28:39.356Z] Sending tx... nonce: 290
[✓] [2026-04-26T03:28:39.821Z] Tx sent: 0x2fcd4afd782f2a85ab9977b3a68e0d63b7962ef095d2dd80616bf6da270dfb86
[•] [2026-04-26T03:28:39.821Z] Waiting confirmation...
[✓] [2026-04-26T03:28:40.888Z] Confirmed! Block: 1319209 | Gas: 166286 | Status: SUCCESS
[•] [2026-04-26T03:28:40.888Z] Jitter delay: 16261ms
[•] [2026-04-26T03:28:57.152Z] Bridging DAI | Amount: 0.00001 | Token: 0xB96A869c74Be2eD561D95a77408505371F287d16
[•] [2026-04-26T03:28:57.154Z] Jitter delay: 19354ms
[✓] [2026-04-26T03:29:17.217Z] DAI already approved: 115792089237316195423570985008687907853269984665640564039457.584007913129639935
[•] [2026-04-26T03:29:17.936Z] Calldata: 0xd6d344a1...0000000009184e72a000
[•] [2026-04-26T03:29:18.178Z] Estimated gas: 171254
[•] [2026-04-26T03:29:18.178Z] Sending tx... nonce: 291
[✓] [2026-04-26T03:29:18.723Z] Tx sent: 0x1fa19fac4d12a377a4e76d507e2d885dda106a2a1483c5aeddb6d3dbf72df738
[•] [2026-04-26T03:29:18.723Z] Waiting confirmation...
[✓] [2026-04-26T03:29:24.514Z] Confirmed! Block: 1319217 | Gas: 166334 | Status: SUCCESS
[✓] [2026-04-26T03:29:24.517Z] Loop #16 completed
[•] [2026-04-26T03:29:24.518Z] Waiting 399s till next loop...
[•] [2026-04-26T03:36:04.192Z] ═══ Loop #17 ═══
[•] [2026-04-26T03:36:04.356Z] Bridging ETH | Amount: 0.0000001 | Token: 0x0000000000000000000000000000000000000000
[•] [2026-04-26T03:36:04.359Z] Jitter delay: 24960ms
[•] [2026-04-26T03:36:32.774Z] Calldata: 0xd6d344a1...0000000000174876e800
[•] [2026-04-26T03:36:33.344Z] Estimated gas: 131192
[•] [2026-04-26T03:36:33.347Z] Sending tx... nonce: 292
[✓] [2026-04-26T03:36:35.065Z] Tx sent: 0x27dc434ca901345c1df27b53e3b11aab819aa3f4018383f98f76a02560453754
[•] [2026-04-26T03:36:35.066Z] Waiting confirmation...
[✓] [2026-04-26T03:36:39.022Z] Confirmed! Block: 1319304 | Gas: 126272 | Status: SUCCESS
[•] [2026-04-26T03:36:39.023Z] Jitter delay: 24864ms
[•] [2026-04-26T03:37:03.896Z] Bridging USDT | Amount: 0.00001 | Token: 0xfcc025A3E170DF62de0e25AF7CeAf1C89aBfe6E9
[•] [2026-04-26T03:37:03.901Z] Jitter delay: 26935ms
[•] [2026-04-26T07:00:03.546Z] ═══ Teqoin Auto Bridge Bot v4 Started ═══
[•] [2026-04-26T07:00:03.565Z] Mode: WRAP | Assets: ETH, USDT, USDC, DAI | Loop: true
[✗] [2026-04-26T07:00:03.660Z] TOR connection FAILED: request to https://check.torproject.org/api/ip failed, reason: connect ECONNREFUSED 127.0.0.1:9050
[✗] [2026-04-26T07:00:03.661Z] Aborting - TOR connection required
[•] [2026-04-26T07:02:03.560Z] ═══ Teqoin Auto Bridge Bot v4 Started ═══
[•] [2026-04-26T07:02:03.601Z] Mode: WRAP | Assets: ETH, USDT, USDC, DAI | Loop: true
[✓] [2026-04-26T07:02:04.673Z] TOR connected | Exit IP: 107.189.4.12
[✓] [2026-04-26T07:02:04.810Z] Wallet: 0xc176D56CCF99857A76d377Bacf21cF70107783e7
[•] [2026-04-26T07:02:04.811Z] ═══ Loop #1 ═══
[•] [2026-04-26T07:02:04.814Z] Bridging ETH | Amount: 0.0000001 | Token: 0x0000000000000000000000000000000000000000
[•] [2026-04-26T07:02:04.814Z] Jitter delay: 28635ms
[•] [2026-04-26T07:02:35.997Z] Calldata: 0xd6d344a1...0000000000174876e800
[•] [2026-04-26T07:02:36.285Z] Estimated gas: 131192
[•] [2026-04-26T07:02:36.289Z] Sending tx... nonce: 293
[✓] [2026-04-26T07:02:36.961Z] Tx sent: 0x91d104791b151c78a0f7d1d7cc76b168860c8fe0b33e0c635a5fe00b9eabedbc
[•] [2026-04-26T07:02:36.962Z] Waiting confirmation...
[✓] [2026-04-26T07:02:42.753Z] Confirmed! Block: 1321777 | Gas: 126272 | Status: SUCCESS
[•] [2026-04-26T07:02:42.755Z] Jitter delay: 13158ms
[•] [2026-04-26T07:02:55.924Z] Bridging USDT | Amount: 0.00001 | Token: 0xfcc025A3E170DF62de0e25AF7CeAf1C89aBfe6E9
[•] [2026-04-26T07:02:55.935Z] Jitter delay: 19731ms
[✓] [2026-04-26T07:03:16.988Z] USDT already approved: 115792089237316195423570985008687907853269984665640564039457584007913129.639935
[•] [2026-04-26T07:03:17.675Z] Calldata: 0xd6d344a1...0000000000000000000a
[•] [2026-04-26T07:03:17.942Z] Estimated gas: 171206
[•] [2026-04-26T07:03:17.943Z] Sending tx... nonce: 294
[✓] [2026-04-26T07:03:18.536Z] Tx sent: 0x9404f23fc28c7938e5fed4381c5f4a3aa8f780cd2ba3c43fbd32bb98885b4309
[•] [2026-04-26T07:03:18.537Z] Waiting confirmation...
[✓] [2026-04-26T07:03:24.093Z] Confirmed! Block: 1321785 | Gas: 166286 | Status: SUCCESS
[•] [2026-04-26T07:03:24.096Z] Jitter delay: 16571ms
[•] [2026-04-26T07:03:40.698Z] Bridging USDC | Amount: 0.00001 | Token: 0xe819EB5be34B20f1FEC012c0DAf960397A0Fb386
[•] [2026-04-26T07:03:40.706Z] Jitter delay: 15861ms
[✓] [2026-04-26T07:03:57.278Z] USDC already approved: 115792089237316195423570985008687907853269984665640564039457584007913129.639935
[•] [2026-04-26T07:03:57.951Z] Calldata: 0xd6d344a1...0000000000000000000a
[•] [2026-04-26T07:03:58.160Z] Estimated gas: 171206
[•] [2026-04-26T07:03:58.164Z] Sending tx... nonce: 295
[✓] [2026-04-26T07:03:58.642Z] Tx sent: 0xa05dd7c1a7f4a7ce1bfdc5fd261b9a72b9f01da33db24fc35bf026317660141c
[•] [2026-04-26T07:03:58.643Z] Waiting confirmation...
[✓] [2026-04-26T07:04:04.202Z] Confirmed! Block: 1321793 | Gas: 166286 | Status: SUCCESS
[•] [2026-04-26T07:04:04.206Z] Jitter delay: 11616ms
[•] [2026-04-26T07:04:15.827Z] Bridging DAI | Amount: 0.00001 | Token: 0xB96A869c74Be2eD561D95a77408505371F287d16
[•] [2026-04-26T07:04:15.829Z] Jitter delay: 19655ms
[✓] [2026-04-26T07:04:36.116Z] DAI already approved: 115792089237316195423570985008687907853269984665640564039457.584007913129639935
[•] [2026-04-26T07:04:36.776Z] Calldata: 0xd6d344a1...0000000009184e72a000
[•] [2026-04-26T07:04:36.994Z] Estimated gas: 171254
[•] [2026-04-26T07:04:36.999Z] Sending tx... nonce: 296
[✓] [2026-04-26T07:04:37.556Z] Tx sent: 0xca04f2084ae6e2d99b45a781e6ea7a593428a3731ae37063a850a2b9cb70b1f8
[•] [2026-04-26T07:04:37.557Z] Waiting confirmation...
[✓] [2026-04-26T07:04:43.102Z] Confirmed! Block: 1321801 | Gas: 166334 | Status: SUCCESS
[✓] [2026-04-26T07:04:43.105Z] Loop #1 completed
[•] [2026-04-26T07:04:43.106Z] Waiting 537s till next loop...
[•] [2026-04-26T07:13:40.765Z] ═══ Loop #2 ═══
[•] [2026-04-26T07:13:40.893Z] Bridging ETH | Amount: 0.0000001 | Token: 0x0000000000000000000000000000000000000000
[•] [2026-04-26T07:13:40.901Z] Jitter delay: 29674ms
[✗] [2026-04-26T07:14:15.896Z] ETH FAILED: request timeout
[•] [2026-04-26T07:14:15.898Z] Jitter delay: 27048ms
[•] [2026-04-26T07:14:42.971Z] Bridging USDT | Amount: 0.00001 | Token: 0xfcc025A3E170DF62de0e25AF7CeAf1C89aBfe6E9
[•] [2026-04-26T07:14:42.974Z] Jitter delay: 13892ms
[✓] [2026-04-26T07:14:57.507Z] USDT already approved: 115792089237316195423570985008687907853269984665640564039457584007913129.639935
[•] [2026-04-26T07:14:58.164Z] Calldata: 0xd6d344a1...0000000000000000000a
[•] [2026-04-26T07:14:58.377Z] Estimated gas: 171206
[•] [2026-04-26T07:14:58.378Z] Sending tx... nonce: 297
[✓] [2026-04-26T07:14:58.852Z] Tx sent: 0xe5007656afbb8c5d4744305d21d84cfe8837311ef9b3bcdbebe86bc748019d0f
[•] [2026-04-26T07:14:58.852Z] Waiting confirmation...
[✓] [2026-04-26T07:15:04.434Z] Confirmed! Block: 1321925 | Gas: 166286 | Status: SUCCESS
[•] [2026-04-26T07:15:04.439Z] Jitter delay: 17671ms
[•] [2026-04-26T07:15:22.125Z] Bridging USDC | Amount: 0.00001 | Token: 0xe819EB5be34B20f1FEC012c0DAf960397A0Fb386
[•] [2026-04-26T07:15:22.126Z] Jitter delay: 20294ms
[✓] [2026-04-26T07:15:43.210Z] USDC already approved: 115792089237316195423570985008687907853269984665640564039457584007913129.639935
[•] [2026-04-26T07:15:43.893Z] Calldata: 0xd6d344a1...0000000000000000000a
[•] [2026-04-26T07:15:44.112Z] Estimated gas: 171206
[•] [2026-04-26T07:15:44.113Z] Sending tx... nonce: 298
[✓] [2026-04-26T07:15:44.647Z] Tx sent: 0x37e298419007929ff289a11d217476819a6d077bac91594ce5b59913ada09a88
[•] [2026-04-26T07:15:44.648Z] Waiting confirmation...
[✓] [2026-04-26T07:15:50.302Z] Confirmed! Block: 1321934 | Gas: 166286 | Status: SUCCESS
[•] [2026-04-26T07:15:50.307Z] Jitter delay: 5016ms
[•] [2026-04-26T07:15:55.326Z] Bridging DAI | Amount: 0.00001 | Token: 0xB96A869c74Be2eD561D95a77408505371F287d16
[•] [2026-04-26T07:15:55.326Z] Jitter delay: 10636ms
[✓] [2026-04-26T07:16:06.561Z] DAI already approved: 115792089237316195423570985008687907853269984665640564039457.584007913129639935
[•] [2026-04-26T07:16:07.175Z] Calldata: 0xd6d344a1...0000000009184e72a000
[•] [2026-04-26T07:16:07.399Z] Estimated gas: 171254
[•] [2026-04-26T07:16:07.400Z] Sending tx... nonce: 299
[✓] [2026-04-26T07:16:07.897Z] Tx sent: 0xcc8df912ffcb86696b559b87c7e3a1b1291c207924dcfd02c9e975de740549ea
[•] [2026-04-26T07:16:07.898Z] Waiting confirmation...
[✓] [2026-04-26T07:16:13.384Z] Confirmed! Block: 1321939 | Gas: 166334 | Status: SUCCESS
[✓] [2026-04-26T07:16:13.386Z] Loop #2 completed
[•] [2026-04-26T07:16:13.386Z] Waiting 599s till next loop...
[•] [2026-04-26T07:26:13.241Z] ═══ Loop #3 ═══
[•] [2026-04-26T07:26:13.348Z] Bridging ETH | Amount: 0.0000001 | Token: 0x0000000000000000000000000000000000000000
[•] [2026-04-26T07:26:13.350Z] Jitter delay: 18488ms
[✗] [2026-04-26T07:26:37.082Z] ETH FAILED: request timeout
[•] [2026-04-26T07:26:37.083Z] Jitter delay: 28947ms
[•] [2026-04-26T07:27:06.036Z] Bridging USDT | Amount: 0.00001 | Token: 0xfcc025A3E170DF62de0e25AF7CeAf1C89aBfe6E9
[•] [2026-04-26T07:27:06.050Z] Jitter delay: 17003ms
[✓] [2026-04-26T07:27:23.854Z] USDT already approved: 115792089237316195423570985008687907853269984665640564039457584007913129.639935
[•] [2026-04-26T07:27:24.648Z] Calldata: 0xd6d344a1...0000000000000000000a
[•] [2026-04-26T07:27:24.891Z] Estimated gas: 171206
[•] [2026-04-26T07:27:24.892Z] Sending tx... nonce: 300
[✓] [2026-04-26T07:27:25.417Z] Tx sent: 0xab97328083af364eacf418998dff1b85e770017b80fab01e7a3cbcf03d7a5dfc
[•] [2026-04-26T07:27:25.417Z] Waiting confirmation...
[✓] [2026-04-26T07:27:31.051Z] Confirmed! Block: 1322074 | Gas: 166286 | Status: SUCCESS
[•] [2026-04-26T07:27:31.054Z] Jitter delay: 11551ms
[•] [2026-04-26T07:27:42.614Z] Bridging USDC | Amount: 0.00001 | Token: 0xe819EB5be34B20f1FEC012c0DAf960397A0Fb386
[•] [2026-04-26T07:27:42.615Z] Jitter delay: 22359ms
[✓] [2026-04-26T07:28:05.790Z] USDC already approved: 115792089237316195423570985008687907853269984665640564039457584007913129.639935
[•] [2026-04-26T07:28:06.443Z] Calldata: 0xd6d344a1...0000000000000000000a
[•] [2026-04-26T07:28:06.652Z] Estimated gas: 171206
[•] [2026-04-26T07:28:06.654Z] Sending tx... nonce: 301
[✓] [2026-04-26T07:28:07.290Z] Tx sent: 0xa7e6bba8712634050c602e3e6093a4239426dcb3c1b385b222f3a3480a959efa
[•] [2026-04-26T07:28:07.291Z] Waiting confirmation...
[✓] [2026-04-26T07:28:12.840Z] Confirmed! Block: 1322083 | Gas: 166286 | Status: SUCCESS
[•] [2026-04-26T07:28:12.845Z] Jitter delay: 23538ms
[•] [2026-04-26T07:28:36.388Z] Bridging DAI | Amount: 0.00001 | Token: 0xB96A869c74Be2eD561D95a77408505371F287d16
[•] [2026-04-26T07:28:36.390Z] Jitter delay: 7229ms
[✓] [2026-04-26T07:28:44.302Z] DAI already approved: 115792089237316195423570985008687907853269984665640564039457.584007913129639935
[•] [2026-04-26T07:28:44.919Z] Calldata: 0xd6d344a1...0000000009184e72a000
[•] [2026-04-26T07:28:45.119Z] Estimated gas: 171254
[•] [2026-04-26T07:28:45.121Z] Sending tx... nonce: 302
[✓] [2026-04-26T07:28:45.563Z] Tx sent: 0x390c22121d02144160f3b3433866751151ac2c24c873ee8fbf73f28908082152
[•] [2026-04-26T07:28:45.563Z] Waiting confirmation...
[✓] [2026-04-26T07:28:51.070Z] Confirmed! Block: 1322090 | Gas: 166334 | Status: SUCCESS
[✓] [2026-04-26T07:28:51.071Z] Loop #3 completed
[•] [2026-04-26T07:28:51.074Z] Waiting 452s till next loop...
[•] [2026-04-26T07:36:23.614Z] ═══ Loop #4 ═══
[•] [2026-04-26T07:36:23.752Z] Bridging ETH | Amount: 0.0000001 | Token: 0x0000000000000000000000000000000000000000
[•] [2026-04-26T07:36:23.753Z] Jitter delay: 26333ms
[•] [2026-04-26T07:36:51.644Z] Calldata: 0xd6d344a1...0000000000174876e800
[•] [2026-04-26T07:36:51.931Z] Estimated gas: 131192
[•] [2026-04-26T07:36:51.932Z] Sending tx... nonce: 303
[✓] [2026-04-26T07:36:52.441Z] Tx sent: 0x931feb004f81bff82fd6786f54eebdd8d0df92d1b4026488f955bd78a9bca063
[•] [2026-04-26T07:36:52.442Z] Waiting confirmation...
[✓] [2026-04-26T07:36:58.018Z] Confirmed! Block: 1322188 | Gas: 126272 | Status: SUCCESS
[•] [2026-04-26T07:36:58.020Z] Jitter delay: 18177ms
[•] [2026-04-26T07:37:16.201Z] Bridging USDT | Amount: 0.00001 | Token: 0xfcc025A3E170DF62de0e25AF7CeAf1C89aBfe6E9
[•] [2026-04-26T07:37:16.202Z] Jitter delay: 26920ms
[✓] [2026-04-26T07:37:43.760Z] USDT already approved: 115792089237316195423570985008687907853269984665640564039457584007913129.639935
[•] [2026-04-26T07:37:44.454Z] Calldata: 0xd6d344a1...0000000000000000000a
[•] [2026-04-26T07:37:44.663Z] Estimated gas: 171206
[•] [2026-04-26T07:37:44.665Z] Sending tx... nonce: 304
[✓] [2026-04-26T07:37:45.195Z] Tx sent: 0xa4dba6c866212bfa8d9b7f740a2cf7c166336a0422b6c03406c2875a39bf0da8
[•] [2026-04-26T07:37:45.195Z] Waiting confirmation...
[✓] [2026-04-26T07:37:50.789Z] Confirmed! Block: 1322198 | Gas: 166286 | Status: SUCCESS
[•] [2026-04-26T07:37:50.793Z] Jitter delay: 29935ms
[•] [2026-04-26T07:38:20.775Z] Bridging USDC | Amount: 0.00001 | Token: 0xe819EB5be34B20f1FEC012c0DAf960397A0Fb386
[•] [2026-04-26T07:38:20.802Z] Jitter delay: 25257ms
[✓] [2026-04-26T07:38:46.973Z] USDC already approved: 115792089237316195423570985008687907853269984665640564039457584007913129.639935
[•] [2026-04-26T07:38:47.791Z] Calldata: 0xd6d344a1...0000000000000000000a
[•] [2026-04-26T07:38:48.059Z] Estimated gas: 171206
[•] [2026-04-26T07:38:48.060Z] Sending tx... nonce: 305
[✓] [2026-04-26T07:38:48.654Z] Tx sent: 0xc0aa2b15d158744a497375ee9b3abc9c332276ed54138ee40c1681919853b37c
[•] [2026-04-26T07:38:48.655Z] Waiting confirmation...
[✓] [2026-04-26T07:38:54.858Z] Confirmed! Block: 1322211 | Gas: 166286 | Status: SUCCESS
[•] [2026-04-26T07:38:54.862Z] Jitter delay: 8023ms
[•] [2026-04-26T07:39:02.889Z] Bridging DAI | Amount: 0.00001 | Token: 0xB96A869c74Be2eD561D95a77408505371F287d16
[•] [2026-04-26T07:39:02.890Z] Jitter delay: 5880ms
[✓] [2026-04-26T07:39:09.467Z] DAI already approved: 115792089237316195423570985008687907853269984665640564039457.584007913129639935
[•] [2026-04-26T07:39:10.196Z] Calldata: 0xd6d344a1...0000000009184e72a000
[•] [2026-04-26T07:39:10.423Z] Estimated gas: 171254
[•] [2026-04-26T07:39:10.424Z] Sending tx... nonce: 306
[✓] [2026-04-26T07:39:10.889Z] Tx sent: 0xc27e21d29b7a1cbb30fe8beb4d3c90fb3a56f35d16a8cc894c117c22c346ff68
[•] [2026-04-26T07:39:10.889Z] Waiting confirmation...
[✓] [2026-04-26T07:39:12.076Z] Confirmed! Block: 1322215 | Gas: 166334 | Status: SUCCESS
[✓] [2026-04-26T07:39:12.078Z] Loop #4 completed
[•] [2026-04-26T07:39:12.092Z] Waiting 458s till next loop...
[•] [2026-04-26T07:46:50.333Z] ═══ Loop #5 ═══
[•] [2026-04-26T07:46:50.385Z] Bridging ETH | Amount: 0.0000001 | Token: 0x0000000000000000000000000000000000000000
[•] [2026-04-26T07:46:50.390Z] Jitter delay: 24208ms
[✗] [2026-04-26T07:47:19.726Z] ETH FAILED: request timeout
[•] [2026-04-26T07:47:19.727Z] Jitter delay: 16478ms
[•] [2026-04-26T07:47:36.215Z] Bridging USDT | Amount: 0.00001 | Token: 0xfcc025A3E170DF62de0e25AF7CeAf1C89aBfe6E9
[•] [2026-04-26T07:47:36.217Z] Jitter delay: 8196ms
[✓] [2026-04-26T07:47:45.261Z] USDT already approved: 115792089237316195423570985008687907853269984665640564039457584007913129.639935
[•] [2026-04-26T07:47:46.083Z] Calldata: 0xd6d344a1...0000000000000000000a
[•] [2026-04-26T07:47:46.350Z] Estimated gas: 171206
[•] [2026-04-26T07:47:46.352Z] Sending tx... nonce: 307
[✓] [2026-04-26T07:47:47.185Z] Tx sent: 0xa92e6372c312d2a5544de7130af69387fea2440c8327d4a2766098d318d4d64d
[•] [2026-04-26T07:47:47.186Z] Waiting confirmation...
[✓] [2026-04-26T07:47:52.880Z] Confirmed! Block: 1322319 | Gas: 166286 | Status: SUCCESS
[•] [2026-04-26T07:47:52.881Z] Jitter delay: 29450ms
[•] [2026-04-26T07:48:22.355Z] Bridging USDC | Amount: 0.00001 | Token: 0xe819EB5be34B20f1FEC012c0DAf960397A0Fb386
[•] [2026-04-26T07:48:22.356Z] Jitter delay: 25146ms
[✓] [2026-04-26T07:48:48.149Z] USDC already approved: 115792089237316195423570985008687907853269984665640564039457584007913129.639935
[•] [2026-04-26T07:48:48.792Z] Calldata: 0xd6d344a1...0000000000000000000a
[•] [2026-04-26T07:48:49.019Z] Estimated gas: 171206
[•] [2026-04-26T07:48:49.022Z] Sending tx... nonce: 308
[✓] [2026-04-26T07:48:49.559Z] Tx sent: 0x7205bed3077f4adf7c18788f3bbf207cf9b396dfd17786e553d000f4516a71e0
[•] [2026-04-26T07:48:49.559Z] Waiting confirmation...
[✓] [2026-04-26T07:48:55.049Z] Confirmed! Block: 1322331 | Gas: 166286 | Status: SUCCESS
[•] [2026-04-26T07:48:55.055Z] Jitter delay: 16600ms
[•] [2026-04-26T07:49:11.671Z] Bridging DAI | Amount: 0.00001 | Token: 0xB96A869c74Be2eD561D95a77408505371F287d16
[•] [2026-04-26T07:49:11.676Z] Jitter delay: 14279ms
[✓] [2026-04-26T07:49:26.673Z] DAI already approved: 115792089237316195423570985008687907853269984665640564039457.584007913129639935
[•] [2026-04-26T07:49:27.372Z] Calldata: 0xd6d344a1...0000000009184e72a000
[•] [2026-04-26T07:49:27.829Z] Estimated gas: 171254
[•] [2026-04-26T07:49:27.831Z] Sending tx... nonce: 309
[✓] [2026-04-26T07:49:28.347Z] Tx sent: 0x95aedac56cd630bbda368b3e47953d6821bf2a90386f43bb6abfd841e4e207cf
[•] [2026-04-26T07:49:28.348Z] Waiting confirmation...
[✓] [2026-04-26T07:49:34.171Z] Confirmed! Block: 1322339 | Gas: 166334 | Status: SUCCESS
[✓] [2026-04-26T07:49:34.180Z] Loop #5 completed
[•] [2026-04-26T07:49:34.182Z] Waiting 592s till next loop...
[•] [2026-04-26T07:59:27.127Z] ═══ Loop #6 ═══
[•] [2026-04-26T07:59:27.164Z] Bridging ETH | Amount: 0.0000001 | Token: 0x0000000000000000000000000000000000000000
[•] [2026-04-26T07:59:27.167Z] Jitter delay: 14257ms
[•] [2026-04-26T07:59:43.156Z] Calldata: 0xd6d344a1...0000000000174876e800
[•] [2026-04-26T07:59:43.470Z] Estimated gas: 131192
[•] [2026-04-26T07:59:43.471Z] Sending tx... nonce: 310
[✓] [2026-04-26T07:59:44.157Z] Tx sent: 0xd60cb4005fb6292cfdae8f97addf240577d95fdc402dbd657c6f7e76912b069f
[•] [2026-04-26T07:59:44.158Z] Waiting confirmation...
[✓] [2026-04-26T07:59:50.318Z] Confirmed! Block: 1322462 | Gas: 126272 | Status: SUCCESS
[•] [2026-04-26T07:59:50.322Z] Jitter delay: 12522ms
[•] [2026-04-26T08:00:02.851Z] Bridging USDT | Amount: 0.00001 | Token: 0xfcc025A3E170DF62de0e25AF7CeAf1C89aBfe6E9
[•] [2026-04-26T08:00:02.852Z] Jitter delay: 19707ms
[✓] [2026-04-26T08:00:23.400Z] USDT already approved: 115792089237316195423570985008687907853269984665640564039457584007913129.639935
[•] [2026-04-26T08:00:24.416Z] Calldata: 0xd6d344a1...0000000000000000000a
[•] [2026-04-26T08:00:24.697Z] Estimated gas: 171206
[•] [2026-04-26T08:00:24.698Z] Sending tx... nonce: 311
[✓] [2026-04-26T08:00:25.378Z] Tx sent: 0xc1f19cfc3a64a7ed29019258efee4f4212d6f66ddf384c046ed449d400e9d6f6
[•] [2026-04-26T08:00:25.379Z] Waiting confirmation...
[✓] [2026-04-26T08:00:31.338Z] Confirmed! Block: 1322470 | Gas: 166286 | Status: SUCCESS
[•] [2026-04-26T08:00:31.343Z] Jitter delay: 11969ms
[•] [2026-04-26T08:00:43.320Z] Bridging USDC | Amount: 0.00001 | Token: 0xe819EB5be34B20f1FEC012c0DAf960397A0Fb386
[•] [2026-04-26T08:00:43.321Z] Jitter delay: 12158ms
[✓] [2026-04-26T08:00:56.141Z] USDC already approved: 115792089237316195423570985008687907853269984665640564039457584007913129.639935
[•] [2026-04-26T08:00:56.863Z] Calldata: 0xd6d344a1...0000000000000000000a
[•] [2026-04-26T08:00:57.095Z] Estimated gas: 171206
[•] [2026-04-26T08:00:57.096Z] Sending tx... nonce: 312
[✓] [2026-04-26T08:00:57.640Z] Tx sent: 0x524acffb40a13b83bf87e140196d45f50fcb2917018f68f0d4f6ff42d163f0e9
[•] [2026-04-26T08:00:57.640Z] Waiting confirmation...
[✓] [2026-04-26T08:01:03.337Z] Confirmed! Block: 1322477 | Gas: 166286 | Status: SUCCESS
[•] [2026-04-26T08:01:03.341Z] Jitter delay: 19725ms
[•] [2026-04-26T08:01:23.082Z] Bridging DAI | Amount: 0.00001 | Token: 0xB96A869c74Be2eD561D95a77408505371F287d16
[•] [2026-04-26T08:01:23.083Z] Jitter delay: 27463ms
[✓] [2026-04-26T08:01:51.388Z] DAI already approved: 115792089237316195423570985008687907853269984665640564039457.584007913129639935
[•] [2026-04-26T08:01:52.330Z] Calldata: 0xd6d344a1...0000000009184e72a000
[•] [2026-04-26T08:01:52.750Z] Estimated gas: 171254
[•] [2026-04-26T08:01:52.752Z] Sending tx... nonce: 313
[✓] [2026-04-26T08:01:53.298Z] Tx sent: 0x99323a8b246da7264d42ae39a533b62c886159963b771fc9732df32c04827371
[•] [2026-04-26T08:01:53.299Z] Waiting confirmation...
[✓] [2026-04-26T08:01:59.431Z] Confirmed! Block: 1322488 | Gas: 166334 | Status: SUCCESS
[✓] [2026-04-26T08:01:59.433Z] Loop #6 completed
[•] [2026-04-26T08:01:59.433Z] Waiting 495s till next loop...
[•] [2026-04-26T08:10:15.093Z] ═══ Loop #7 ═══
[•] [2026-04-26T08:10:15.132Z] Bridging ETH | Amount: 0.0000001 | Token: 0x0000000000000000000000000000000000000000
[•] [2026-04-26T08:10:15.134Z] Jitter delay: 17008ms
[•] [2026-04-26T08:10:33.954Z] Calldata: 0xd6d344a1...0000000000174876e800
[•] [2026-04-26T08:10:34.216Z] Estimated gas: 131192
[•] [2026-04-26T08:10:34.219Z] Sending tx... nonce: 314
[✓] [2026-04-26T08:10:34.819Z] Tx sent: 0xc4402955fe1e9995ea416a6bfee6c74233fc906e53301fab5696388f09a23b0c
[•] [2026-04-26T08:10:34.819Z] Waiting confirmation...
[✓] [2026-04-26T08:10:40.274Z] Confirmed! Block: 1322592 | Gas: 126272 | Status: SUCCESS
[•] [2026-04-26T08:10:40.276Z] Jitter delay: 22145ms
[•] [2026-04-26T08:11:02.436Z] Bridging USDT | Amount: 0.00001 | Token: 0xfcc025A3E170DF62de0e25AF7CeAf1C89aBfe6E9
[•] [2026-04-26T08:11:02.438Z] Jitter delay: 21796ms
[✓] [2026-04-26T08:11:24.961Z] USDT already approved: 115792089237316195423570985008687907853269984665640564039457584007913129.639935
[•] [2026-04-26T08:11:25.659Z] Calldata: 0xd6d344a1...0000000000000000000a
[•] [2026-04-26T08:11:25.871Z] Estimated gas: 171206
[•] [2026-04-26T08:11:25.872Z] Sending tx... nonce: 315
[✓] [2026-04-26T08:11:26.368Z] Tx sent: 0x579ab06db1b1f89110e6316822c7cc2be47ff5cb5d495a3f9abc968e1866797a
[•] [2026-04-26T08:11:26.368Z] Waiting confirmation...
[✓] [2026-04-26T08:11:27.235Z] Confirmed! Block: 1322602 | Gas: 166286 | Status: SUCCESS
[•] [2026-04-26T08:11:27.237Z] Jitter delay: 13705ms
[•] [2026-04-26T08:11:40.954Z] Bridging USDC | Amount: 0.00001 | Token: 0xe819EB5be34B20f1FEC012c0DAf960397A0Fb386
[•] [2026-04-26T08:11:40.956Z] Jitter delay: 25913ms
[✓] [2026-04-26T08:12:07.693Z] USDC already approved: 115792089237316195423570985008687907853269984665640564039457584007913129.639935
[•] [2026-04-26T08:12:08.431Z] Calldata: 0xd6d344a1...0000000000000000000a
[•] [2026-04-26T08:12:08.692Z] Estimated gas: 171206
[•] [2026-04-26T08:12:08.694Z] Sending tx... nonce: 316
[✓] [2026-04-26T08:12:09.235Z] Tx sent: 0x20fa3611a29352b62f56c9d831f98ed0936d3eba2c768f1436f914808a34d979
[•] [2026-04-26T08:12:09.235Z] Waiting confirmation...
[✓] [2026-04-26T08:12:15.021Z] Confirmed! Block: 1322611 | Gas: 166286 | Status: SUCCESS
[•] [2026-04-26T08:12:15.024Z] Jitter delay: 13969ms
[•] [2026-04-26T08:12:29.003Z] Bridging DAI | Amount: 0.00001 | Token: 0xB96A869c74Be2eD561D95a77408505371F287d16
[•] [2026-04-26T08:12:29.010Z] Jitter delay: 8005ms
[✓] [2026-04-26T08:12:38.149Z] DAI already approved: 115792089237316195423570985008687907853269984665640564039457.584007913129639935
[•] [2026-04-26T08:12:38.973Z] Calldata: 0xd6d344a1...0000000009184e72a000
[•] [2026-04-26T08:12:39.248Z] Estimated gas: 171254
[•] [2026-04-26T08:12:39.250Z] Sending tx... nonce: 317
[✓] [2026-04-26T08:12:39.881Z] Tx sent: 0x0de741df8c66b04014d56cf7332309eabeedb093cdd00011ee55e8880eb2c367
[•] [2026-04-26T08:12:39.882Z] Waiting confirmation...
[✓] [2026-04-26T08:12:45.950Z] Confirmed! Block: 1322617 | Gas: 166334 | Status: SUCCESS
[✓] [2026-04-26T08:12:45.952Z] Loop #7 completed
[•] [2026-04-26T08:12:45.952Z] Waiting 412s till next loop...
[•] [2026-04-26T08:19:38.324Z] ═══ Loop #8 ═══
[•] [2026-04-26T08:19:38.363Z] Bridging ETH | Amount: 0.0000001 | Token: 0x0000000000000000000000000000000000000000
[•] [2026-04-26T08:19:38.364Z] Jitter delay: 15056ms
[•] [2026-04-26T08:19:54.858Z] Calldata: 0xd6d344a1...0000000000174876e800
[•] [2026-04-26T08:19:55.135Z] Estimated gas: 131192
[•] [2026-04-26T08:19:55.136Z] Sending tx... nonce: 318
[✓] [2026-04-26T08:19:55.745Z] Tx sent: 0xffaf74bc8475e2ef18983474e034955861989412c9f61e3b3d5db50c20ad877e
[•] [2026-04-26T08:19:55.745Z] Waiting confirmation...
[✓] [2026-04-26T08:20:01.440Z] Confirmed! Block: 1322704 | Gas: 126272 | Status: SUCCESS
[•] [2026-04-26T08:20:01.444Z] Jitter delay: 20331ms
[•] [2026-04-26T08:20:21.781Z] Bridging USDT | Amount: 0.00001 | Token: 0xfcc025A3E170DF62de0e25AF7CeAf1C89aBfe6E9
[•] [2026-04-26T08:20:21.782Z] Jitter delay: 22841ms
[✓] [2026-04-26T08:20:45.391Z] USDT already approved: 115792089237316195423570985008687907853269984665640564039457584007913129.639935
[•] [2026-04-26T08:20:46.143Z] Calldata: 0xd6d344a1...0000000000000000000a
[•] [2026-04-26T08:20:46.397Z] Estimated gas: 171206
[•] [2026-04-26T08:20:46.398Z] Sending tx... nonce: 319
[✓] [2026-04-26T08:20:46.960Z] Tx sent: 0x4ddd28901a22038c486596321aa9bc6c9a3e8748b332042386a9b719971ff7b8
[•] [2026-04-26T08:20:46.961Z] Waiting confirmation...
[✓] [2026-04-26T08:20:53.244Z] Confirmed! Block: 1322715 | Gas: 166286 | Status: SUCCESS
[•] [2026-04-26T08:20:53.246Z] Jitter delay: 22441ms
[•] [2026-04-26T08:21:15.701Z] Bridging USDC | Amount: 0.00001 | Token: 0xe819EB5be34B20f1FEC012c0DAf960397A0Fb386
[•] [2026-04-26T08:21:15.702Z] Jitter delay: 5114ms
[✓] [2026-04-26T08:21:21.611Z] USDC already approved: 115792089237316195423570985008687907853269984665640564039457584007913129.639935
[•] [2026-04-26T08:21:22.271Z] Calldata: 0xd6d344a1...0000000000000000000a
[•] [2026-04-26T08:21:22.508Z] Estimated gas: 171206
[•] [2026-04-26T08:21:22.509Z] Sending tx... nonce: 320
[✓] [2026-04-26T08:21:22.982Z] Tx sent: 0xa5714c1b3164b53db8b54a7f32e4cc182ed6adea7488ee57c9515ad6bf1a0c8d
[•] [2026-04-26T08:21:22.982Z] Waiting confirmation...
[✓] [2026-04-26T08:21:28.567Z] Confirmed! Block: 1322722 | Gas: 166286 | Status: SUCCESS
[•] [2026-04-26T08:21:28.570Z] Jitter delay: 27956ms
[•] [2026-04-26T08:21:56.551Z] Bridging DAI | Amount: 0.00001 | Token: 0xB96A869c74Be2eD561D95a77408505371F287d16
[•] [2026-04-26T08:21:56.552Z] Jitter delay: 23790ms
[✓] [2026-04-26T08:22:21.036Z] DAI already approved: 115792089237316195423570985008687907853269984665640564039457.584007913129639935
[•] [2026-04-26T08:22:21.688Z] Calldata: 0xd6d344a1...0000000009184e72a000
[•] [2026-04-26T08:22:21.894Z] Estimated gas: 171254
[•] [2026-04-26T08:22:21.895Z] Sending tx... nonce: 321
[✓] [2026-04-26T08:22:22.416Z] Tx sent: 0x5e41f932a3dbac6b57569201a98646ec811c584bc7be996bc02150e9eeef0167
[•] [2026-04-26T08:22:22.417Z] Waiting confirmation...
[✓] [2026-04-26T08:22:27.931Z] Confirmed! Block: 1322734 | Gas: 166334 | Status: SUCCESS
[✓] [2026-04-26T08:22:27.934Z] Loop #8 completed
[•] [2026-04-26T08:22:27.935Z] Waiting 495s till next loop...
[•] [2026-04-26T08:36:47.500Z] ═══ Loop #9 ═══
[•] [2026-04-26T08:36:47.587Z] Bridging ETH | Amount: 0.0000001 | Token: 0x0000000000000000000000000000000000000000
[•] [2026-04-26T08:36:47.588Z] Jitter delay: 20596ms
[•] [2026-04-26T08:37:10.320Z] Calldata: 0xd6d344a1...0000000000174876e800
[•] [2026-04-26T08:37:10.585Z] Estimated gas: 131192
[•] [2026-04-26T08:37:10.586Z] Sending tx... nonce: 322
[✓] [2026-04-26T08:37:11.248Z] Tx sent: 0xe2d47997adc4d3906784b358e0763dd4eba9aa1cc5baff22a9bff46d64fc9f31
[•] [2026-04-26T08:37:11.248Z] Waiting confirmation...
[✓] [2026-04-26T08:37:13.055Z] Confirmed! Block: 1322911 | Gas: 126272 | Status: SUCCESS
[•] [2026-04-26T08:37:13.057Z] Jitter delay: 24484ms
[•] [2026-04-26T08:37:37.563Z] Bridging USDT | Amount: 0.00001 | Token: 0xfcc025A3E170DF62de0e25AF7CeAf1C89aBfe6E9
[•] [2026-04-26T08:37:37.564Z] Jitter delay: 6081ms
[✓] [2026-04-26T08:37:44.430Z] USDT already approved: 115792089237316195423570985008687907853269984665640564039457584007913129.639935
[•] [2026-04-26T08:37:45.177Z] Calldata: 0xd6d344a1...0000000000000000000a
[•] [2026-04-26T08:37:45.421Z] Estimated gas: 171206
[•] [2026-04-26T08:37:45.425Z] Sending tx... nonce: 323
[✓] [2026-04-26T08:37:45.991Z] Tx sent: 0xfac34620c63a408c43214096e9427f817e8bfada666c23c9491f62130bbe8324
[•] [2026-04-26T08:37:45.992Z] Waiting confirmation...
[✓] [2026-04-26T08:37:47.344Z] Confirmed! Block: 1322918 | Gas: 166286 | Status: SUCCESS
[•] [2026-04-26T08:37:47.345Z] Jitter delay: 29486ms
[•] [2026-04-26T08:38:16.857Z] Bridging USDC | Amount: 0.00001 | Token: 0xe819EB5be34B20f1FEC012c0DAf960397A0Fb386
[•] [2026-04-26T08:38:16.860Z] Jitter delay: 26260ms
[✓] [2026-04-26T08:38:43.886Z] USDC already approved: 115792089237316195423570985008687907853269984665640564039457584007913129.639935
[•] [2026-04-26T08:38:44.665Z] Calldata: 0xd6d344a1...0000000000000000000a
[•] [2026-04-26T08:38:44.923Z] Estimated gas: 171206
[•] [2026-04-26T08:38:44.923Z] Sending tx... nonce: 324
[✓] [2026-04-26T08:38:45.463Z] Tx sent: 0x4c28f0a8edde89fb4d9d7625aca5bed0708191336faa7321044765094c3d5f08
[•] [2026-04-26T08:38:45.463Z] Waiting confirmation...
[✓] [2026-04-26T08:38:51.350Z] Confirmed! Block: 1322930 | Gas: 166286 | Status: SUCCESS
[•] [2026-04-26T08:38:51.351Z] Jitter delay: 21227ms
[•] [2026-04-26T08:39:12.595Z] Bridging DAI | Amount: 0.00001 | Token: 0xB96A869c74Be2eD561D95a77408505371F287d16
[•] [2026-04-26T08:39:12.597Z] Jitter delay: 17860ms
[✓] [2026-04-26T08:39:31.407Z] DAI already approved: 115792089237316195423570985008687907853269984665640564039457.584007913129639935
[•] [2026-04-26T08:39:32.253Z] Calldata: 0xd6d344a1...0000000009184e72a000
[•] [2026-04-26T08:39:32.545Z] Estimated gas: 171254
[•] [2026-04-26T08:39:32.547Z] Sending tx... nonce: 325
[✓] [2026-04-26T08:39:33.141Z] Tx sent: 0x6b26a4fe3cfb0df61d50aa60f6dfe52ebaa3a68843fcfaa5d6aaa01c65f0d742
[•] [2026-04-26T08:39:33.142Z] Waiting confirmation...
[✓] [2026-04-26T08:39:39.147Z] Confirmed! Block: 1322940 | Gas: 166334 | Status: SUCCESS
[✓] [2026-04-26T08:39:39.151Z] Loop #9 completed
[•] [2026-04-26T08:39:39.152Z] Waiting 586s till next loop...
[•] [2026-04-26T08:49:26.250Z] ═══ Loop #10 ═══
[•] [2026-04-26T08:49:26.428Z] Bridging ETH | Amount: 0.0000001 | Token: 0x0000000000000000000000000000000000000000
[•] [2026-04-26T08:49:26.429Z] Jitter delay: 16176ms
[•] [2026-04-26T08:49:44.773Z] Calldata: 0xd6d344a1...0000000000174876e800
[•] [2026-04-26T08:49:45.047Z] Estimated gas: 131192
[•] [2026-04-26T08:49:45.049Z] Sending tx... nonce: 326
[✓] [2026-04-26T08:49:45.693Z] Tx sent: 0xd26da6805d5f8f132abec30b592ab899d35f4e7edd855f3dc5c97cac62e3e203
[•] [2026-04-26T08:49:45.694Z] Waiting confirmation...
[✓] [2026-04-26T08:49:47.454Z] Confirmed! Block: 1323062 | Gas: 126272 | Status: SUCCESS
[•] [2026-04-26T08:49:47.454Z] Jitter delay: 9937ms
[•] [2026-04-26T08:49:57.395Z] Bridging USDT | Amount: 0.00001 | Token: 0xfcc025A3E170DF62de0e25AF7CeAf1C89aBfe6E9
[•] [2026-04-26T08:49:57.398Z] Jitter delay: 13561ms
[✓] [2026-04-26T08:50:11.684Z] USDT already approved: 115792089237316195423570985008687907853269984665640564039457584007913129.639935
[•] [2026-04-26T08:50:12.369Z] Calldata: 0xd6d344a1...0000000000000000000a
[•] [2026-04-26T08:50:12.605Z] Estimated gas: 171206
[•] [2026-04-26T08:50:12.606Z] Sending tx... nonce: 327
[✓] [2026-04-26T08:50:13.133Z] Tx sent: 0xf029732b617b799e5346ba2a4fed0e43d8ad238173e1010fc9dd15a6f685f40e
[•] [2026-04-26T08:50:13.133Z] Waiting confirmation...
[✓] [2026-04-26T08:50:18.773Z] Confirmed! Block: 1323068 | Gas: 166286 | Status: SUCCESS
[•] [2026-04-26T08:50:18.775Z] Jitter delay: 13215ms
[•] [2026-04-26T08:50:31.995Z] Bridging USDC | Amount: 0.00001 | Token: 0xe819EB5be34B20f1FEC012c0DAf960397A0Fb386
[•] [2026-04-26T08:50:31.998Z] Jitter delay: 12240ms
[✓] [2026-04-26T08:50:44.993Z] USDC already approved: 115792089237316195423570985008687907853269984665640564039457584007913129.639935
[•] [2026-04-26T08:50:45.737Z] Calldata: 0xd6d344a1...0000000000000000000a
[•] [2026-04-26T08:50:45.956Z] Estimated gas: 171206
[•] [2026-04-26T08:50:45.957Z] Sending tx... nonce: 328
[✓] [2026-04-26T08:50:46.492Z] Tx sent: 0xbc394bd9aa1b56ed5837e7740151a99ae9d01b5e91e196ba9647d05913b1cfbd
[•] [2026-04-26T08:50:46.492Z] Waiting confirmation...
[✓] [2026-04-26T08:50:47.333Z] Confirmed! Block: 1323074 | Gas: 166286 | Status: SUCCESS
[•] [2026-04-26T08:50:47.334Z] Jitter delay: 5107ms
[•] [2026-04-26T08:50:52.444Z] Bridging DAI | Amount: 0.00001 | Token: 0xB96A869c74Be2eD561D95a77408505371F287d16
[•] [2026-04-26T08:50:52.446Z] Jitter delay: 24124ms
[✓] [2026-04-26T08:51:17.387Z] DAI already approved: 115792089237316195423570985008687907853269984665640564039457.584007913129639935
[•] [2026-04-26T08:51:18.172Z] Calldata: 0xd6d344a1...0000000009184e72a000
[•] [2026-04-26T08:51:18.443Z] Estimated gas: 171254
[•] [2026-04-26T08:51:18.444Z] Sending tx... nonce: 329
[✓] [2026-04-26T08:51:19.089Z] Tx sent: 0x0dcde959113e78d69f4f02e9547089a2ed79915253341687523d05c06f870c3e
[•] [2026-04-26T08:51:19.089Z] Waiting confirmation...
[✓] [2026-04-26T08:51:25.061Z] Confirmed! Block: 1323081 | Gas: 166334 | Status: SUCCESS
[✓] [2026-04-26T08:51:25.063Z] Loop #10 completed
[•] [2026-04-26T08:51:25.064Z] Waiting 417s till next loop...
[•] [2026-04-26T08:58:22.520Z] ═══ Loop #11 ═══
[•] [2026-04-26T08:58:22.525Z] Bridging ETH | Amount: 0.0000001 | Token: 0x0000000000000000000000000000000000000000
[•] [2026-04-26T08:58:22.529Z] Jitter delay: 19611ms
[•] [2026-04-26T08:58:43.571Z] Calldata: 0xd6d344a1...0000000000174876e800
[•] [2026-04-26T08:58:43.831Z] Estimated gas: 131192
[•] [2026-04-26T08:58:43.832Z] Sending tx... nonce: 330
[✓] [2026-04-26T08:58:44.399Z] Tx sent: 0x27748215c2dac59812d8bed431a93aea12834d83abdcf1b71798cd7d98e15144
[•] [2026-04-26T08:58:44.400Z] Waiting confirmation...
[✓] [2026-04-26T08:58:50.224Z] Confirmed! Block: 1323170 | Gas: 126272 | Status: SUCCESS
[•] [2026-04-26T08:58:50.226Z] Jitter delay: 8967ms
[•] [2026-04-26T08:58:59.199Z] Bridging USDT | Amount: 0.00001 | Token: 0xfcc025A3E170DF62de0e25AF7CeAf1C89aBfe6E9
[•] [2026-04-26T08:58:59.200Z] Jitter delay: 25856ms
[✓] [2026-04-26T08:59:25.917Z] USDT already approved: 115792089237316195423570985008687907853269984665640564039457584007913129.639935
[•] [2026-04-26T08:59:26.679Z] Calldata: 0xd6d344a1...0000000000000000000a
[•] [2026-04-26T08:59:26.946Z] Estimated gas: 171206
[•] [2026-04-26T08:59:26.947Z] Sending tx... nonce: 331
[✓] [2026-04-26T08:59:27.554Z] Tx sent: 0x4edf97196a7d91e71af3b6867fda8437188167b08a9c493c9467bd8279353411
[•] [2026-04-26T08:59:27.555Z] Waiting confirmation...
[✓] [2026-04-26T08:59:33.399Z] Confirmed! Block: 1323179 | Gas: 166286 | Status: SUCCESS
[•] [2026-04-26T08:59:33.404Z] Jitter delay: 11396ms
[•] [2026-04-26T08:59:44.807Z] Bridging USDC | Amount: 0.00001 | Token: 0xe819EB5be34B20f1FEC012c0DAf960397A0Fb386
[•] [2026-04-26T08:59:44.808Z] Jitter delay: 23954ms
[✓] [2026-04-26T09:00:09.357Z] USDC already approved: 115792089237316195423570985008687907853269984665640564039457584007913129.639935
[•] [2026-04-26T09:00:09.990Z] Calldata: 0xd6d344a1...0000000000000000000a
[•] [2026-04-26T09:00:10.209Z] Estimated gas: 171206
[•] [2026-04-26T09:00:10.210Z] Sending tx... nonce: 332
[✓] [2026-04-26T09:00:10.729Z] Tx sent: 0x1c39aa4f985ecc6d2dc7e1e845f303c6763e0e0dbb8868bc81400fb3ec674b48
[•] [2026-04-26T09:00:10.729Z] Waiting confirmation...
[✓] [2026-04-26T09:00:16.261Z] Confirmed! Block: 1323187 | Gas: 166286 | Status: SUCCESS
[•] [2026-04-26T09:00:16.263Z] Jitter delay: 12756ms
[•] [2026-04-26T09:00:29.027Z] Bridging DAI | Amount: 0.00001 | Token: 0xB96A869c74Be2eD561D95a77408505371F287d16
[•] [2026-04-26T09:00:29.029Z] Jitter delay: 10700ms
[✓] [2026-04-26T09:00:40.605Z] DAI already approved: 115792089237316195423570985008687907853269984665640564039457.584007913129639935
[•] [2026-04-26T09:00:41.391Z] Calldata: 0xd6d344a1...0000000009184e72a000
[•] [2026-04-26T09:00:41.643Z] Estimated gas: 171254
[•] [2026-04-26T09:00:41.644Z] Sending tx... nonce: 333
[✓] [2026-04-26T09:00:42.210Z] Tx sent: 0x2a48574ca88aa264adef34f98760a08b30f75adecdcc12acbab5ec6cc75dfe8a
[•] [2026-04-26T09:00:42.210Z] Waiting confirmation...
[✓] [2026-04-26T09:00:48.023Z] Confirmed! Block: 1323194 | Gas: 166334 | Status: SUCCESS
[✓] [2026-04-26T09:00:48.027Z] Loop #11 completed
[•] [2026-04-26T09:00:48.027Z] Waiting 565s till next loop...
[•] [2026-04-26T09:10:13.547Z] ═══ Loop #12 ═══
[•] [2026-04-26T09:10:13.639Z] Bridging ETH | Amount: 0.0000001 | Token: 0x0000000000000000000000000000000000000000
[•] [2026-04-26T09:10:13.640Z] Jitter delay: 26964ms
[✗] [2026-04-26T09:10:45.905Z] ETH FAILED: request timeout
[•] [2026-04-26T09:10:45.908Z] Jitter delay: 29497ms
[•] [2026-04-26T09:11:15.412Z] Bridging USDT | Amount: 0.00001 | Token: 0xfcc025A3E170DF62de0e25AF7CeAf1C89aBfe6E9
[•] [2026-04-26T09:11:15.414Z] Jitter delay: 26100ms
[✓] [2026-04-26T09:11:42.283Z] USDT already approved: 115792089237316195423570985008687907853269984665640564039457584007913129.639935
[•] [2026-04-26T09:11:43.136Z] Calldata: 0xd6d344a1...0000000000000000000a
[•] [2026-04-26T09:11:43.358Z] Estimated gas: 171206
[•] [2026-04-26T09:11:43.359Z] Sending tx... nonce: 334
[✓] [2026-04-26T09:11:43.903Z] Tx sent: 0x1c8cb3abf02e39b211527f26663609805c07b2f81e92cc1790b8b7931f774ec9
[•] [2026-04-26T09:11:43.903Z] Waiting confirmation...
[✓] [2026-04-26T09:11:49.440Z] Confirmed! Block: 1323326 | Gas: 166286 | Status: SUCCESS
[•] [2026-04-26T09:11:49.444Z] Jitter delay: 10086ms
[•] [2026-04-26T09:11:59.538Z] Bridging USDC | Amount: 0.00001 | Token: 0xe819EB5be34B20f1FEC012c0DAf960397A0Fb386
[•] [2026-04-26T09:11:59.542Z] Jitter delay: 22253ms
[✓] [2026-04-26T09:12:22.508Z] USDC already approved: 115792089237316195423570985008687907853269984665640564039457584007913129.639935
[•] [2026-04-26T09:12:23.212Z] Calldata: 0xd6d344a1...0000000000000000000a
[•] [2026-04-26T09:12:23.438Z] Estimated gas: 171206
[•] [2026-04-26T09:12:23.439Z] Sending tx... nonce: 335
[✓] [2026-04-26T09:12:23.976Z] Tx sent: 0xf9afa19e9abeb412c867228a9a60a3c2eb4617566fdb5fb48af3999aca80d148
[•] [2026-04-26T09:12:23.977Z] Waiting confirmation...
[✓] [2026-04-26T09:12:29.522Z] Confirmed! Block: 1323334 | Gas: 166286 | Status: SUCCESS
[•] [2026-04-26T09:12:29.526Z] Jitter delay: 29832ms
[•] [2026-04-26T09:12:59.384Z] Bridging DAI | Amount: 0.00001 | Token: 0xB96A869c74Be2eD561D95a77408505371F287d16
[•] [2026-04-26T09:12:59.385Z] Jitter delay: 16469ms
[✓] [2026-04-26T09:13:16.573Z] DAI already approved: 115792089237316195423570985008687907853269984665640564039457.584007913129639935
[•] [2026-04-26T09:13:17.219Z] Calldata: 0xd6d344a1...0000000009184e72a000
[•] [2026-04-26T09:13:17.439Z] Estimated gas: 171254
[•] [2026-04-26T09:13:17.440Z] Sending tx... nonce: 336
[✓] [2026-04-26T09:13:17.910Z] Tx sent: 0xa3ebf12c8eeaf05718821bbefb137d0529dc4097065c62d5c1da4f34b4f07c5f
[•] [2026-04-26T09:13:17.910Z] Waiting confirmation...
[✓] [2026-04-26T09:13:23.532Z] Confirmed! Block: 1323345 | Gas: 166334 | Status: SUCCESS
[✓] [2026-04-26T09:13:23.535Z] Loop #12 completed
[•] [2026-04-26T09:13:23.536Z] Waiting 373s till next loop...
[•] [2026-04-26T09:32:11.038Z] ═══ Loop #13 ═══
[•] [2026-04-26T09:32:11.116Z] Bridging ETH | Amount: 0.0000001 | Token: 0x0000000000000000000000000000000000000000
[•] [2026-04-26T09:32:11.117Z] Jitter delay: 18157ms
[✗] [2026-04-26T09:32:34.539Z] ETH FAILED: request timeout
[•] [2026-04-26T09:32:34.541Z] Jitter delay: 22317ms
[•] [2026-04-26T09:32:56.879Z] Bridging USDT | Amount: 0.00001 | Token: 0xfcc025A3E170DF62de0e25AF7CeAf1C89aBfe6E9
[•] [2026-04-26T09:32:56.883Z] Jitter delay: 9495ms
[✓] [2026-04-26T09:33:07.187Z] USDT already approved: 115792089237316195423570985008687907853269984665640564039457584007913129.639935
[•] [2026-04-26T09:33:07.972Z] Calldata: 0xd6d344a1...0000000000000000000a
[•] [2026-04-26T09:33:08.229Z] Estimated gas: 171206
[•] [2026-04-26T09:33:08.231Z] Sending tx... nonce: 337
[✓] [2026-04-26T09:33:08.809Z] Tx sent: 0xd431f6b58ef4212ade383576029fd71128074681f6b81b47e66b1ae13853b2d4
[•] [2026-04-26T09:33:08.810Z] Waiting confirmation...
[✓] [2026-04-26T09:33:14.508Z] Confirmed! Block: 1323583 | Gas: 166286 | Status: SUCCESS
[•] [2026-04-26T09:33:14.512Z] Jitter delay: 27146ms
[•] [2026-04-26T09:33:41.683Z] Bridging USDC | Amount: 0.00001 | Token: 0xe819EB5be34B20f1FEC012c0DAf960397A0Fb386
[•] [2026-04-26T09:33:41.685Z] Jitter delay: 11864ms
[✓] [2026-04-26T09:33:54.346Z] USDC already approved: 115792089237316195423570985008687907853269984665640564039457584007913129.639935
[•] [2026-04-26T09:33:55.152Z] Calldata: 0xd6d344a1...0000000000000000000a
[•] [2026-04-26T09:33:55.382Z] Estimated gas: 171206
[•] [2026-04-26T09:33:55.383Z] Sending tx... nonce: 338
[✓] [2026-04-26T09:33:55.914Z] Tx sent: 0x28556fc2c6b55472c881dd80366d7dd095e6f3bab714b918c8d7157a1da85036
[•] [2026-04-26T09:33:55.915Z] Waiting confirmation...
[✓] [2026-04-26T09:34:01.585Z] Confirmed! Block: 1323592 | Gas: 166286 | Status: SUCCESS
[•] [2026-04-26T09:34:01.589Z] Jitter delay: 14697ms
[•] [2026-04-26T09:34:25.749Z] Bridging DAI | Amount: 0.00001 | Token: 0xB96A869c74Be2eD561D95a77408505371F287d16
[•] [2026-04-26T09:34:25.750Z] Jitter delay: 15540ms
[✓] [2026-04-26T09:42:05.325Z] DAI already approved: 115792089237316195423570985008687907853269984665640564039457.584007913129639935
[•] [2026-04-26T09:42:05.986Z] Calldata: 0xd6d344a1...0000000009184e72a000
[•] [2026-04-26T09:42:06.242Z] Estimated gas: 171254
[•] [2026-04-26T09:42:06.244Z] Sending tx... nonce: 339
[✓] [2026-04-26T09:42:06.749Z] Tx sent: 0x05032b6f40c5e3d6778d14e78e7e44f2d8863daca3cef94ed5d1c8384861a25c
[•] [2026-04-26T09:42:06.751Z] Waiting confirmation...
[✓] [2026-04-26T09:42:16.804Z] Confirmed! Block: 1323691 | Gas: 166334 | Status: SUCCESS
[✓] [2026-04-26T09:42:16.809Z] Loop #13 completed
[•] [2026-04-26T09:42:16.812Z] Waiting 480s till next loop...
[•] [2026-04-26T10:13:06.313Z] ═══ Loop #14 ═══
[•] [2026-04-26T10:13:06.412Z] Bridging ETH | Amount: 0.0000001 | Token: 0x0000000000000000000000000000000000000000
[•] [2026-04-26T10:13:06.415Z] Jitter delay: 13824ms
[•] [2026-04-26T10:13:22.051Z] Calldata: 0xd6d344a1...0000000000174876e800
[•] [2026-04-26T10:13:22.320Z] Estimated gas: 131192
[•] [2026-04-26T10:13:22.321Z] Sending tx... nonce: 340
[✓] [2026-04-26T10:13:23.030Z] Tx sent: 0x7ba4c29b23e6863f9f29985e513a1730d0173b20d492a12f517d0ca10a05c50a
[•] [2026-04-26T10:13:23.031Z] Waiting confirmation...
[✓] [2026-04-26T10:13:28.633Z] Confirmed! Block: 1324066 | Gas: 126272 | Status: SUCCESS
[•] [2026-04-26T10:13:28.634Z] Jitter delay: 28313ms
[•] [2026-04-26T10:13:56.975Z] Bridging USDT | Amount: 0.00001 | Token: 0xfcc025A3E170DF62de0e25AF7CeAf1C89aBfe6E9
[•] [2026-04-26T10:13:56.976Z] Jitter delay: 18458ms
[✓] [2026-04-26T10:14:16.261Z] USDT already approved: 115792089237316195423570985008687907853269984665640564039457584007913129.639935
[•] [2026-04-26T10:14:16.984Z] Calldata: 0xd6d344a1...0000000000000000000a
[•] [2026-04-26T10:14:17.292Z] Estimated gas: 171206
[•] [2026-04-26T10:14:17.293Z] Sending tx... nonce: 341
[✓] [2026-04-26T10:14:17.869Z] Tx sent: 0xb786b595e1c90b4c16ac83450cd5a96df57e6e1093c622d13d3969584ece8bef
[•] [2026-04-26T10:14:17.870Z] Waiting confirmation...
[✓] [2026-04-26T10:14:23.380Z] Confirmed! Block: 1324077 | Gas: 166286 | Status: SUCCESS
[•] [2026-04-26T10:14:23.382Z] Jitter delay: 5985ms
[•] [2026-04-26T10:14:29.373Z] Bridging USDC | Amount: 0.00001 | Token: 0xe819EB5be34B20f1FEC012c0DAf960397A0Fb386
[•] [2026-04-26T10:14:29.375Z] Jitter delay: 17270ms
[✓] [2026-04-26T10:14:47.306Z] USDC already approved: 115792089237316195423570985008687907853269984665640564039457584007913129.639935
[•] [2026-04-26T10:14:47.963Z] Calldata: 0xd6d344a1...0000000000000000000a
[•] [2026-04-26T10:14:48.175Z] Estimated gas: 171206
[•] [2026-04-26T10:14:48.176Z] Sending tx... nonce: 342
[✓] [2026-04-26T10:14:48.707Z] Tx sent: 0xfa0118676f6c33fcdba510e8087757df5af7f39a37caaa9c8cfc1726efe24bfb
[•] [2026-04-26T10:14:48.708Z] Waiting confirmation...
[✓] [2026-04-26T10:14:54.256Z] Confirmed! Block: 1324083 | Gas: 166286 | Status: SUCCESS
[•] [2026-04-26T10:14:54.261Z] Jitter delay: 10835ms
[•] [2026-04-26T10:15:05.106Z] Bridging DAI | Amount: 0.00001 | Token: 0xB96A869c74Be2eD561D95a77408505371F287d16
[•] [2026-04-26T10:15:05.108Z] Jitter delay: 7912ms
[✓] [2026-04-26T10:15:13.777Z] DAI already approved: 115792089237316195423570985008687907853269984665640564039457.584007913129639935
[•] [2026-04-26T10:15:14.433Z] Calldata: 0xd6d344a1...0000000009184e72a000
[•] [2026-04-26T10:15:14.661Z] Estimated gas: 171254
[•] [2026-04-26T10:15:14.663Z] Sending tx... nonce: 343
[✓] [2026-04-26T10:15:15.184Z] Tx sent: 0x01b1c024d934611e315e4d5a47091f9a2c19351f67c934993a93d84399c6eeb5
[•] [2026-04-26T10:15:15.187Z] Waiting confirmation...
[✓] [2026-04-26T10:15:20.755Z] Confirmed! Block: 1324088 | Gas: 166334 | Status: SUCCESS
[✓] [2026-04-26T10:15:20.759Z] Loop #14 completed
[•] [2026-04-26T10:15:20.760Z] Waiting 504s till next loop...
[•] [2026-04-26T10:34:21.265Z] ═══ Loop #15 ═══
[•] [2026-04-26T10:34:21.340Z] Bridging ETH | Amount: 0.0000001 | Token: 0x0000000000000000000000000000000000000000
[•] [2026-04-26T10:34:21.341Z] Jitter delay: 14151ms
[✗] [2026-04-26T10:34:40.653Z] ETH FAILED: request timeout
[•] [2026-04-26T10:34:40.655Z] Jitter delay: 9620ms
[•] [2026-04-26T10:34:50.281Z] Bridging USDT | Amount: 0.00001 | Token: 0xfcc025A3E170DF62de0e25AF7CeAf1C89aBfe6E9
[•] [2026-04-26T10:34:50.283Z] Jitter delay: 17576ms
[✓] [2026-04-26T10:35:08.654Z] USDT already approved: 115792089237316195423570985008687907853269984665640564039457584007913129.639935
[•] [2026-04-26T10:35:09.370Z] Calldata: 0xd6d344a1...0000000000000000000a
[•] [2026-04-26T10:35:09.607Z] Estimated gas: 171206
[•] [2026-04-26T10:35:09.608Z] Sending tx... nonce: 344
[✓] [2026-04-26T10:35:10.161Z] Tx sent: 0x625a0d93a9093cf17f9d9d883432e3d59d4cbc18ea364c70e9f73a6eb634e842
[•] [2026-04-26T10:35:10.162Z] Waiting confirmation...
[✓] [2026-04-26T10:35:17.915Z] Confirmed! Block: 1324327 | Gas: 166286 | Status: SUCCESS
[•] [2026-04-26T10:35:17.919Z] Jitter delay: 22234ms
[•] [2026-04-26T10:35:40.173Z] Bridging USDC | Amount: 0.00001 | Token: 0xe819EB5be34B20f1FEC012c0DAf960397A0Fb386
[•] [2026-04-26T10:35:40.174Z] Jitter delay: 17845ms
[✓] [2026-04-26T10:36:31.682Z] USDC already approved: 115792089237316195423570985008687907853269984665640564039457584007913129.639935
[•] [2026-04-26T10:36:32.385Z] Calldata: 0xd6d344a1...0000000000000000000a
[•] [2026-04-26T10:36:32.702Z] Estimated gas: 171206
[•] [2026-04-26T10:36:32.703Z] Sending tx... nonce: 345
[✓] [2026-04-26T10:36:33.152Z] Tx sent: 0x02797f1aca12236cf03b90566769ad44af0c4a99a9cae76c71dabd073111f580
[•] [2026-04-26T10:36:33.153Z] Waiting confirmation...
[✓] [2026-04-26T10:36:38.805Z] Confirmed! Block: 1324344 | Gas: 166286 | Status: SUCCESS
[•] [2026-04-26T10:36:38.806Z] Jitter delay: 5863ms
[•] [2026-04-26T10:36:44.673Z] Bridging DAI | Amount: 0.00001 | Token: 0xB96A869c74Be2eD561D95a77408505371F287d16
[•] [2026-04-26T10:36:44.674Z] Jitter delay: 21906ms
[✓] [2026-04-26T10:37:07.293Z] DAI already approved: 115792089237316195423570985008687907853269984665640564039457.584007913129639935
[•] [2026-04-26T10:37:08.019Z] Calldata: 0xd6d344a1...0000000009184e72a000
[•] [2026-04-26T10:37:08.245Z] Estimated gas: 171254
[•] [2026-04-26T10:37:08.246Z] Sending tx... nonce: 346
[✓] [2026-04-26T10:37:08.794Z] Tx sent: 0xe9f6f899a7980e5b65ba398a86b57e9df1282b987d6defd9fa11b090bf0463b7
[•] [2026-04-26T10:37:08.795Z] Waiting confirmation...
[✓] [2026-04-26T10:37:14.408Z] Confirmed! Block: 1324351 | Gas: 166334 | Status: SUCCESS
[✓] [2026-04-26T10:37:14.409Z] Loop #15 completed
[•] [2026-04-26T10:37:14.410Z] Waiting 497s till next loop...
[•] [2026-04-26T10:45:32.312Z] ═══ Loop #16 ═══
[•] [2026-04-26T10:45:32.403Z] Bridging ETH | Amount: 0.0000001 | Token: 0x0000000000000000000000000000000000000000
[•] [2026-04-26T10:45:32.405Z] Jitter delay: 22569ms
[•] [2026-04-26T10:47:06.052Z] Calldata: 0xd6d344a1...0000000000174876e800
[•] [2026-04-26T10:47:06.390Z] Estimated gas: 131192
[•] [2026-04-26T10:47:06.391Z] Sending tx... nonce: 347
[✓] [2026-04-26T10:47:07.036Z] Tx sent: 0x8fb7221540e7a9ad8702f7b3bc84e1035d358e185cc26c4ef2d613c8a4a5822a
[•] [2026-04-26T10:47:07.037Z] Waiting confirmation...
[✓] [2026-04-26T10:47:08.028Z] Confirmed! Block: 1324470 | Gas: 126272 | Status: SUCCESS
[•] [2026-04-26T10:47:08.029Z] Jitter delay: 29934ms
[•] [2026-04-26T10:47:37.991Z] Bridging USDT | Amount: 0.00001 | Token: 0xfcc025A3E170DF62de0e25AF7CeAf1C89aBfe6E9
[•] [2026-04-26T10:47:37.993Z] Jitter delay: 12476ms
[✓] [2026-04-26T10:47:51.293Z] USDT already approved: 115792089237316195423570985008687907853269984665640564039457584007913129.639935
[•] [2026-04-26T10:47:52.034Z] Calldata: 0xd6d344a1...0000000000000000000a
[•] [2026-04-26T10:47:52.329Z] Estimated gas: 171206
[•] [2026-04-26T10:47:52.331Z] Sending tx... nonce: 348
[✓] [2026-04-26T10:47:52.877Z] Tx sent: 0xe84b7414d3af614d89de72f3a858f2b18d4934fe8272041a52304f87bbd13f58
[•] [2026-04-26T10:47:52.878Z] Waiting confirmation...
[✓] [2026-04-26T10:47:58.725Z] Confirmed! Block: 1324480 | Gas: 166286 | Status: SUCCESS
[•] [2026-04-26T10:47:58.730Z] Jitter delay: 6616ms
[•] [2026-04-26T10:48:05.350Z] Bridging USDC | Amount: 0.00001 | Token: 0xe819EB5be34B20f1FEC012c0DAf960397A0Fb386
[•] [2026-04-26T10:48:05.352Z] Jitter delay: 7548ms
[✓] [2026-04-26T10:48:13.718Z] USDC already approved: 115792089237316195423570985008687907853269984665640564039457584007913129.639935
[•] [2026-04-26T10:48:14.484Z] Calldata: 0xd6d344a1...0000000000000000000a
[•] [2026-04-26T10:48:14.719Z] Estimated gas: 171206
[•] [2026-04-26T10:48:14.720Z] Sending tx... nonce: 349
[✓] [2026-04-26T10:48:15.333Z] Tx sent: 0x1b991cb4e44206d49d3997daade01fd93faa6171767adf52fbbc462320b6c5fb
[•] [2026-04-26T10:48:15.334Z] Waiting confirmation...
[✓] [2026-04-26T10:48:20.882Z] Confirmed! Block: 1324484 | Gas: 166286 | Status: SUCCESS
[•] [2026-04-26T10:48:20.884Z] Jitter delay: 26728ms
[•] [2026-04-26T10:48:47.630Z] Bridging DAI | Amount: 0.00001 | Token: 0xB96A869c74Be2eD561D95a77408505371F287d16
[•] [2026-04-26T10:48:47.632Z] Jitter delay: 11339ms
[✓] [2026-04-26T10:48:59.808Z] DAI already approved: 115792089237316195423570985008687907853269984665640564039457.584007913129639935
[•] [2026-04-26T10:49:00.511Z] Calldata: 0xd6d344a1...0000000009184e72a000
[•] [2026-04-26T10:49:00.747Z] Estimated gas: 171254
[•] [2026-04-26T10:49:00.749Z] Sending tx... nonce: 350
[✓] [2026-04-26T10:49:01.271Z] Tx sent: 0xc6306d71adf92dad4cff89e95a029f687538683898d3158dfb806b1ebba8c011
[•] [2026-04-26T10:49:01.272Z] Waiting confirmation...
[✓] [2026-04-26T10:49:02.529Z] Confirmed! Block: 1324493 | Gas: 166334 | Status: SUCCESS
[✓] [2026-04-26T10:49:02.531Z] Loop #16 completed
[•] [2026-04-26T10:49:02.532Z] Waiting 503s till next loop...
[•] [2026-04-26T10:59:02.771Z] ═══ Loop #17 ═══
[•] [2026-04-26T10:59:03.083Z] Bridging ETH | Amount: 0.0000001 | Token: 0x0000000000000000000000000000000000000000
[•] [2026-04-26T10:59:03.084Z] Jitter delay: 6243ms
[•] [2026-04-26T10:59:11.122Z] Calldata: 0xd6d344a1...0000000000174876e800
[•] [2026-04-26T10:59:11.407Z] Estimated gas: 131192
[•] [2026-04-26T10:59:11.408Z] Sending tx... nonce: 351
[✓] [2026-04-26T10:59:12.087Z] Tx sent: 0xd1d606913ea5c83a5dc60e348079a987a4beb7e5ddf51256e261dd94f7c5e03a
[•] [2026-04-26T10:59:12.088Z] Waiting confirmation...
[✓] [2026-04-26T10:59:18.344Z] Confirmed! Block: 1324616 | Gas: 126272 | Status: SUCCESS
[•] [2026-04-26T10:59:18.348Z] Jitter delay: 25425ms
[•] [2026-04-26T10:59:43.778Z] Bridging USDT | Amount: 0.00001 | Token: 0xfcc025A3E170DF62de0e25AF7CeAf1C89aBfe6E9
[•] [2026-04-26T10:59:43.779Z] Jitter delay: 12376ms
[✓] [2026-04-26T10:59:56.980Z] USDT already approved: 115792089237316195423570985008687907853269984665640564039457584007913129.639935
[•] [2026-04-26T10:59:57.733Z] Calldata: 0xd6d344a1...0000000000000000000a
[•] [2026-04-26T10:59:57.977Z] Estimated gas: 171206
[•] [2026-04-26T10:59:57.978Z] Sending tx... nonce: 352
[✓] [2026-04-26T10:59:58.555Z] Tx sent: 0xe692ad6212eaa9d97c5a236206324781590b52d01d9ee8db8ee8a16c3ad86eb6
[•] [2026-04-26T10:59:58.555Z] Waiting confirmation...
[✓] [2026-04-26T11:00:04.361Z] Confirmed! Block: 1324625 | Gas: 166286 | Status: SUCCESS
[•] [2026-04-26T11:00:04.364Z] Jitter delay: 29671ms
[•] [2026-04-26T11:00:34.062Z] Bridging USDC | Amount: 0.00001 | Token: 0xe819EB5be34B20f1FEC012c0DAf960397A0Fb386
[•] [2026-04-26T11:00:34.064Z] Jitter delay: 9654ms
[✓] [2026-04-26T11:00:44.670Z] USDC already approved: 115792089237316195423570985008687907853269984665640564039457584007913129.639935
[•] [2026-04-26T11:00:45.382Z] Calldata: 0xd6d344a1...0000000000000000000a
[•] [2026-04-26T11:00:45.607Z] Estimated gas: 171206
[•] [2026-04-26T11:00:45.608Z] Sending tx... nonce: 353
[✓] [2026-04-26T11:00:46.435Z] Tx sent: 0x8fbadfe79f0469a796c1ec3f8b0066f60ab04246c1cd218867f501a8f39e5911
[•] [2026-04-26T11:00:46.435Z] Waiting confirmation...
[✓] [2026-04-26T11:00:47.923Z] Confirmed! Block: 1324634 | Gas: 166286 | Status: SUCCESS
[•] [2026-04-26T11:00:47.925Z] Jitter delay: 26298ms
[•] [2026-04-26T11:01:14.286Z] Bridging DAI | Amount: 0.00001 | Token: 0xB96A869c74Be2eD561D95a77408505371F287d16
[•] [2026-04-26T11:01:14.302Z] Jitter delay: 15306ms
[✓] [2026-04-26T11:01:30.494Z] DAI already approved: 115792089237316195423570985008687907853269984665640564039457.584007913129639935
[•] [2026-04-26T11:01:31.260Z] Calldata: 0xd6d344a1...0000000009184e72a000
[•] [2026-04-26T11:01:31.503Z] Estimated gas: 171254
[•] [2026-04-26T11:01:31.503Z] Sending tx... nonce: 354
[✓] [2026-04-26T11:01:32.110Z] Tx sent: 0x85c70c1fc6ec6b2d8abe6a174f57e08da82709fa2cdd64c9ebdb0ed4ea71448e
[•] [2026-04-26T11:01:32.110Z] Waiting confirmation...
[✓] [2026-04-26T11:01:38.421Z] Confirmed! Block: 1324644 | Gas: 166334 | Status: SUCCESS
[✓] [2026-04-26T11:01:38.432Z] Loop #17 completed
[•] [2026-04-26T11:01:38.434Z] Waiting 465s till next loop...
[•] [2026-04-26T11:27:23.299Z] ═══ Loop #18 ═══
[•] [2026-04-26T11:27:23.400Z] Bridging ETH | Amount: 0.0000001 | Token: 0x0000000000000000000000000000000000000000
[•] [2026-04-26T11:27:23.402Z] Jitter delay: 10563ms
[•] [2026-04-26T11:27:36.431Z] Calldata: 0xd6d344a1...0000000000174876e800
[•] [2026-04-26T11:27:36.709Z] Estimated gas: 131192
[•] [2026-04-26T11:27:36.710Z] Sending tx... nonce: 355
[✓] [2026-04-26T11:27:37.580Z] Tx sent: 0x2db77ddafd72275177f437c7ab07bc60b6115f34716b1bf9d55624b0df34ed10
[•] [2026-04-26T11:27:37.581Z] Waiting confirmation...
[✓] [2026-04-26T11:27:43.803Z] Confirmed! Block: 1324957 | Gas: 126272 | Status: SUCCESS
[•] [2026-04-26T11:27:43.806Z] Jitter delay: 16643ms
[•] [2026-04-26T11:28:00.465Z] Bridging USDT | Amount: 0.00001 | Token: 0xfcc025A3E170DF62de0e25AF7CeAf1C89aBfe6E9
[•] [2026-04-26T11:28:00.467Z] Jitter delay: 25459ms
[✓] [2026-04-26T11:28:27.091Z] USDT already approved: 115792089237316195423570985008687907853269984665640564039457584007913129.639935
[•] [2026-04-26T11:28:27.932Z] Calldata: 0xd6d344a1...0000000000000000000a
[•] [2026-04-26T11:28:28.243Z] Estimated gas: 171206
[•] [2026-04-26T11:28:28.245Z] Sending tx... nonce: 356
[✓] [2026-04-26T11:28:28.893Z] Tx sent: 0x69c62da4fe13de84bf123a960bea24169e16c4282b088d43d51f3b7ad1e3162a
[•] [2026-04-26T11:28:28.894Z] Waiting confirmation...
[✓] [2026-04-26T11:28:34.996Z] Confirmed! Block: 1324967 | Gas: 166286 | Status: SUCCESS
[•] [2026-04-26T11:28:35.000Z] Jitter delay: 23485ms
[•] [2026-04-26T11:28:58.507Z] Bridging USDC | Amount: 0.00001 | Token: 0xe819EB5be34B20f1FEC012c0DAf960397A0Fb386
[•] [2026-04-26T11:28:58.509Z] Jitter delay: 10234ms
[✓] [2026-04-26T11:29:09.852Z] USDC already approved: 115792089237316195423570985008687907853269984665640564039457584007913129.639935
[•] [2026-04-26T11:29:10.735Z] Calldata: 0xd6d344a1...0000000000000000000a
[•] [2026-04-26T11:29:11.016Z] Estimated gas: 171206
[•] [2026-04-26T11:29:11.017Z] Sending tx... nonce: 357
[✓] [2026-04-26T11:29:11.655Z] Tx sent: 0x882e7e848715207b9c31fe6511e5b85f9357dd7820d0c108374cce0d9e1549c4
[•] [2026-04-26T11:29:11.656Z] Waiting confirmation...
[✓] [2026-04-26T11:29:13.411Z] Confirmed! Block: 1324975 | Gas: 166286 | Status: SUCCESS
[•] [2026-04-26T11:29:13.413Z] Jitter delay: 16372ms
[•] [2026-04-26T11:29:29.798Z] Bridging DAI | Amount: 0.00001 | Token: 0xB96A869c74Be2eD561D95a77408505371F287d16
[•] [2026-04-26T11:29:29.800Z] Jitter delay: 23019ms
[✓] [2026-04-26T11:30:28.391Z] DAI already approved: 115792089237316195423570985008687907853269984665640564039457.584007913129639935
[•] [2026-04-26T11:30:29.186Z] Calldata: 0xd6d344a1...0000000009184e72a000
[•] [2026-04-26T11:30:29.435Z] Estimated gas: 171254
[•] [2026-04-26T11:30:29.436Z] Sending tx... nonce: 358
[✓] [2026-04-26T11:30:29.939Z] Tx sent: 0x8a057721b1beaf97c1b69968428b4a0169dea1d652b73ac192787dc2e8a3562f
[•] [2026-04-26T11:30:29.941Z] Waiting confirmation...
[✓] [2026-04-26T11:30:35.622Z] Confirmed! Block: 1324991 | Gas: 166334 | Status: SUCCESS
[✓] [2026-04-26T11:30:35.625Z] Loop #18 completed
[•] [2026-04-26T11:30:35.625Z] Waiting 484s till next loop...
[•] [2026-04-26T11:38:48.188Z] ═══ Loop #19 ═══
[•] [2026-04-26T11:38:48.296Z] Bridging ETH | Amount: 0.0000001 | Token: 0x0000000000000000000000000000000000000000
[•] [2026-04-26T11:38:48.299Z] Jitter delay: 26463ms
[✗] [2026-04-26T11:39:20.080Z] ETH FAILED: request timeout
[•] [2026-04-26T11:39:20.081Z] Jitter delay: 8848ms
[•] [2026-04-26T11:39:39.385Z] Bridging USDT | Amount: 0.00001 | Token: 0xfcc025A3E170DF62de0e25AF7CeAf1C89aBfe6E9
[•] [2026-04-26T11:39:39.388Z] Jitter delay: 8137ms
[✓] [2026-04-26T11:40:03.165Z] USDT already approved: 115792089237316195423570985008687907853269984665640564039457584007913129.639935
[•] [2026-04-26T11:40:04.155Z] Calldata: 0xd6d344a1...0000000000000000000a
[•] [2026-04-26T11:40:04.396Z] Estimated gas: 171206
[•] [2026-04-26T11:40:04.398Z] Sending tx... nonce: 359
[✓] [2026-04-26T11:40:04.999Z] Tx sent: 0x6081023d26d09148936b851df164565c72a8ac7234a47120b713fc7d452867da
[•] [2026-04-26T11:40:05.000Z] Waiting confirmation...
[✓] [2026-04-26T11:40:14.919Z] Confirmed! Block: 1325106 | Gas: 166286 | Status: SUCCESS
[•] [2026-04-26T11:40:14.923Z] Jitter delay: 9563ms
[•] [2026-04-26T11:40:42.608Z] Bridging USDC | Amount: 0.00001 | Token: 0xe819EB5be34B20f1FEC012c0DAf960397A0Fb386
[•] [2026-04-26T11:40:42.611Z] Jitter delay: 14214ms
[✓] [2026-04-26T11:42:05.163Z] USDC already approved: 115792089237316195423570985008687907853269984665640564039457584007913129.639935
[•] [2026-04-26T11:42:05.893Z] Calldata: 0xd6d344a1...0000000000000000000a
[•] [2026-04-26T11:42:06.118Z] Estimated gas: 171206
[•] [2026-04-26T11:42:06.119Z] Sending tx... nonce: 360
[✓] [2026-04-26T11:42:06.742Z] Tx sent: 0x128f44e0bc6e30e53f916ee0ad6739419b9269ea42cfbff66a026c7fac864fe5
[•] [2026-04-26T11:42:06.742Z] Waiting confirmation...
[✓] [2026-04-26T11:42:07.968Z] Confirmed! Block: 1325130 | Gas: 166286 | Status: SUCCESS
[•] [2026-04-26T11:42:07.969Z] Jitter delay: 16980ms
[•] [2026-04-26T11:42:24.962Z] Bridging DAI | Amount: 0.00001 | Token: 0xB96A869c74Be2eD561D95a77408505371F287d16
[•] [2026-04-26T11:42:24.965Z] Jitter delay: 18559ms
[✓] [2026-04-26T11:42:44.439Z] DAI already approved: 115792089237316195423570985008687907853269984665640564039457.584007913129639935
[•] [2026-04-26T11:42:45.469Z] Calldata: 0xd6d344a1...0000000009184e72a000
[•] [2026-04-26T11:42:45.722Z] Estimated gas: 171254
[•] [2026-04-26T11:42:45.722Z] Sending tx... nonce: 361
[✓] [2026-04-26T11:42:46.299Z] Tx sent: 0xdac933ec1e178cce294817969b227a3e7a2ce9e85d307b30239a47d01c8e262f
[•] [2026-04-26T11:42:46.300Z] Waiting confirmation...
[✓] [2026-04-26T11:42:47.963Z] Confirmed! Block: 1325138 | Gas: 166334 | Status: SUCCESS
[✓] [2026-04-26T11:42:47.964Z] Loop #19 completed
[•] [2026-04-26T11:42:47.965Z] Waiting 337s till next loop...
[•] [2026-04-26T11:51:27.312Z] ═══ Loop #20 ═══
[•] [2026-04-26T11:51:27.430Z] Bridging ETH | Amount: 0.0000001 | Token: 0x0000000000000000000000000000000000000000
[•] [2026-04-26T11:51:27.432Z] Jitter delay: 8503ms
[•] [2026-04-26T11:51:37.737Z] Calldata: 0xd6d344a1...0000000000174876e800
[•] [2026-04-26T11:51:38.016Z] Estimated gas: 131192
[•] [2026-04-26T11:51:38.018Z] Sending tx... nonce: 362
[✓] [2026-04-26T11:51:38.596Z] Tx sent: 0xf7e86436001299b8b7e766ee185747b69c98d7d579ef10e887f8d3b241fec4fe
[•] [2026-04-26T11:51:38.597Z] Waiting confirmation...
[✓] [2026-04-26T11:51:44.468Z] Confirmed! Block: 1325245 | Gas: 126272 | Status: SUCCESS
[•] [2026-04-26T11:51:44.471Z] Jitter delay: 23856ms
[•] [2026-04-26T11:52:08.348Z] Bridging USDT | Amount: 0.00001 | Token: 0xfcc025A3E170DF62de0e25AF7CeAf1C89aBfe6E9
[•] [2026-04-26T11:52:08.350Z] Jitter delay: 29476ms
[✓] [2026-04-26T11:52:38.835Z] USDT already approved: 115792089237316195423570985008687907853269984665640564039457584007913129.639935
[•] [2026-04-26T11:52:39.956Z] Calldata: 0xd6d344a1...0000000000000000000a
[•] [2026-04-26T11:52:40.226Z] Estimated gas: 171206
[•] [2026-04-26T11:52:40.228Z] Sending tx... nonce: 363
[✓] [2026-04-26T11:52:40.812Z] Tx sent: 0x952b8d93ac3a820d4e84679b10afb3e82995db6aea4a636f8852584eba267b61
[•] [2026-04-26T11:52:40.813Z] Waiting confirmation...
[✓] [2026-04-26T11:52:46.649Z] Confirmed! Block: 1325257 | Gas: 166286 | Status: SUCCESS
[•] [2026-04-26T11:52:46.652Z] Jitter delay: 11480ms
[•] [2026-04-26T11:52:58.141Z] Bridging USDC | Amount: 0.00001 | Token: 0xe819EB5be34B20f1FEC012c0DAf960397A0Fb386
[•] [2026-04-26T11:52:58.143Z] Jitter delay: 21462ms
[✓] [2026-04-26T11:55:23.257Z] USDC already approved: 115792089237316195423570985008687907853269984665640564039457584007913129.639935
[•] [2026-04-26T11:55:24.117Z] Calldata: 0xd6d344a1...0000000000000000000a
[•] [2026-04-26T11:55:24.474Z] Estimated gas: 171206
[•] [2026-04-26T11:55:24.475Z] Sending tx... nonce: 364
[✓] [2026-04-26T11:55:25.982Z] Tx sent: 0x619d37a8fa07dfff1d88acd895ca2271cc7b5416eaf648199ab764f5b64a66d2
[•] [2026-04-26T11:55:25.982Z] Waiting confirmation...
[✓] [2026-04-26T11:55:31.804Z] Confirmed! Block: 1325290 | Gas: 166286 | Status: SUCCESS
[•] [2026-04-26T11:55:31.811Z] Jitter delay: 6513ms
[•] [2026-04-26T11:55:38.337Z] Bridging DAI | Amount: 0.00001 | Token: 0xB96A869c74Be2eD561D95a77408505371F287d16
[•] [2026-04-26T11:55:38.339Z] Jitter delay: 20161ms
[✓] [2026-04-26T11:55:59.918Z] DAI already approved: 115792089237316195423570985008687907853269984665640564039457.584007913129639935
[•] [2026-04-26T11:56:00.974Z] Calldata: 0xd6d344a1...0000000009184e72a000
[•] [2026-04-26T11:56:01.401Z] Estimated gas: 171254
[•] [2026-04-26T11:56:01.402Z] Sending tx... nonce: 365
[✓] [2026-04-26T11:56:02.155Z] Tx sent: 0xebdef7d00ffd9cf288806b3ef93fa131486c615a6bc053ba485bd2e26713e75f
[•] [2026-04-26T11:56:02.156Z] Waiting confirmation...
[✓] [2026-04-26T11:56:03.754Z] Confirmed! Block: 1325297 | Gas: 166334 | Status: SUCCESS
[✓] [2026-04-26T11:56:03.755Z] Loop #20 completed
[•] [2026-04-26T11:56:03.756Z] Waiting 590s till next loop...
[•] [2026-04-26T12:05:54.306Z] ═══ Loop #21 ═══
[•] [2026-04-26T12:05:54.368Z] Bridging ETH | Amount: 0.0000001 | Token: 0x0000000000000000000000000000000000000000
[•] [2026-04-26T12:05:54.369Z] Jitter delay: 28549ms
[•] [2026-04-26T12:06:24.733Z] Calldata: 0xd6d344a1...0000000000174876e800
[•] [2026-04-26T12:06:25.057Z] Estimated gas: 131192
[•] [2026-04-26T12:06:25.058Z] Sending tx... nonce: 366
[✓] [2026-04-26T12:06:25.653Z] Tx sent: 0x442e938196c6559d95cbe351ffd608750fd7dd4ad7cd964bdfcb78204385f4db
[•] [2026-04-26T12:06:25.653Z] Waiting confirmation...
[✓] [2026-04-26T12:06:31.381Z] Confirmed! Block: 1325422 | Gas: 126272 | Status: SUCCESS
[•] [2026-04-26T12:06:31.384Z] Jitter delay: 11777ms
[•] [2026-04-26T12:06:43.173Z] Bridging USDT | Amount: 0.00001 | Token: 0xfcc025A3E170DF62de0e25AF7CeAf1C89aBfe6E9
[•] [2026-04-26T12:06:43.174Z] Jitter delay: 11259ms
[✓] [2026-04-26T12:06:55.413Z] USDT already approved: 115792089237316195423570985008687907853269984665640564039457584007913129.639935
[•] [2026-04-26T12:06:56.289Z] Calldata: 0xd6d344a1...0000000000000000000a
[•] [2026-04-26T12:06:56.592Z] Estimated gas: 171206
[•] [2026-04-26T12:06:56.593Z] Sending tx... nonce: 367
[✓] [2026-04-26T12:06:57.299Z] Tx sent: 0x7a2031fe30a2418fc37a9412122744afcce746c6e5c929913f75319d4c61ae97
[•] [2026-04-26T12:06:57.299Z] Waiting confirmation...
[✓] [2026-04-26T12:06:59.346Z] Confirmed! Block: 1325428 | Gas: 166286 | Status: SUCCESS
[•] [2026-04-26T12:06:59.347Z] Jitter delay: 16822ms
[•] [2026-04-26T12:07:16.182Z] Bridging USDC | Amount: 0.00001 | Token: 0xe819EB5be34B20f1FEC012c0DAf960397A0Fb386
[•] [2026-04-26T12:07:16.199Z] Jitter delay: 9621ms
[✓] [2026-04-26T12:07:26.584Z] USDC already approved: 115792089237316195423570985008687907853269984665640564039457584007913129.639935
[•] [2026-04-26T12:07:27.385Z] Calldata: 0xd6d344a1...0000000000000000000a
[•] [2026-04-26T12:07:27.649Z] Estimated gas: 171206
[•] [2026-04-26T12:07:27.650Z] Sending tx... nonce: 368
[✓] [2026-04-26T12:07:28.219Z] Tx sent: 0xb661b76dca1a5d2ba84cd28b8b5f50ef1eee08df52cbfe8a2a8bd23c69ab8a49
[•] [2026-04-26T12:07:28.219Z] Waiting confirmation...
[✓] [2026-04-26T12:07:33.785Z] Confirmed! Block: 1325435 | Gas: 166286 | Status: SUCCESS
[•] [2026-04-26T12:07:33.786Z] Jitter delay: 11213ms
[•] [2026-04-26T12:07:45.008Z] Bridging DAI | Amount: 0.00001 | Token: 0xB96A869c74Be2eD561D95a77408505371F287d16
[•] [2026-04-26T12:07:45.011Z] Jitter delay: 14547ms
[✓] [2026-04-26T12:08:00.417Z] DAI already approved: 115792089237316195423570985008687907853269984665640564039457.584007913129639935
[•] [2026-04-26T12:08:01.263Z] Calldata: 0xd6d344a1...0000000009184e72a000
[•] [2026-04-26T12:08:01.570Z] Estimated gas: 171254
[•] [2026-04-26T12:08:01.571Z] Sending tx... nonce: 369
[✓] [2026-04-26T12:08:02.238Z] Tx sent: 0x2023e55b20b3c0b15a03a348764ee63aea56f0f5d9b33f6d72a75b5b48e02813
[•] [2026-04-26T12:08:02.239Z] Waiting confirmation...
[✓] [2026-04-26T12:08:03.650Z] Confirmed! Block: 1325441 | Gas: 166334 | Status: SUCCESS
[✓] [2026-04-26T12:08:03.651Z] Loop #21 completed
[•] [2026-04-26T12:08:03.654Z] Waiting 315s till next loop...
[•] [2026-04-26T12:13:19.124Z] ═══ Loop #22 ═══
[•] [2026-04-26T12:13:19.230Z] Bridging ETH | Amount: 0.0000001 | Token: 0x0000000000000000000000000000000000000000
[•] [2026-04-26T12:13:19.232Z] Jitter delay: 29317ms
[•] [2026-04-26T12:13:50.175Z] Calldata: 0xd6d344a1...0000000000174876e800
[•] [2026-04-26T12:13:50.391Z] Estimated gas: 131192
[•] [2026-04-26T12:13:50.393Z] Sending tx... nonce: 370
[✓] [2026-04-26T12:13:51.037Z] Tx sent: 0x584bd3768cdcde0f14bf06cd4c12ee0cd111527fda07e52980239954481ade8c
[•] [2026-04-26T12:13:51.038Z] Waiting confirmation...
[✓] [2026-04-26T12:13:53.321Z] Confirmed! Block: 1325511 | Gas: 126272 | Status: SUCCESS
[•] [2026-04-26T12:13:53.324Z] Jitter delay: 25640ms
[•] [2026-04-26T12:14:18.983Z] Bridging USDT | Amount: 0.00001 | Token: 0xfcc025A3E170DF62de0e25AF7CeAf1C89aBfe6E9
[•] [2026-04-26T12:14:18.987Z] Jitter delay: 11677ms
[✓] [2026-04-26T12:14:31.420Z] USDT already approved: 115792089237316195423570985008687907853269984665640564039457584007913129.639935
[•] [2026-04-26T12:14:32.140Z] Calldata: 0xd6d344a1...0000000000000000000a
[•] [2026-04-26T12:14:32.384Z] Estimated gas: 171206
[•] [2026-04-26T12:14:32.384Z] Sending tx... nonce: 371
[✓] [2026-04-26T12:14:32.879Z] Tx sent: 0x480744064773328d613feee8082ca71b4aa8ee35af4bd2d01824be6e3b602931
[•] [2026-04-26T12:14:32.880Z] Waiting confirmation...
[✓] [2026-04-26T12:14:38.556Z] Confirmed! Block: 1325520 | Gas: 166286 | Status: SUCCESS
[•] [2026-04-26T12:14:38.558Z] Jitter delay: 14574ms
[•] [2026-04-26T12:14:53.142Z] Bridging USDC | Amount: 0.00001 | Token: 0xe819EB5be34B20f1FEC012c0DAf960397A0Fb386
[•] [2026-04-26T12:14:53.144Z] Jitter delay: 16311ms
[✓] [2026-04-26T12:15:10.373Z] USDC already approved: 115792089237316195423570985008687907853269984665640564039457584007913129.639935
[•] [2026-04-26T12:15:11.224Z] Calldata: 0xd6d344a1...0000000000000000000a
[•] [2026-04-26T12:15:11.517Z] Estimated gas: 171206
[•] [2026-04-26T12:15:11.518Z] Sending tx... nonce: 372
[✓] [2026-04-26T12:15:12.141Z] Tx sent: 0xb4a575b2859e2685c9622a4a5ced9d12e0655f3e565c9d7d6a63d7c2be7f0d14
[•] [2026-04-26T12:15:12.142Z] Waiting confirmation...
[✓] [2026-04-26T12:15:13.516Z] Confirmed! Block: 1325527 | Gas: 166286 | Status: SUCCESS
[•] [2026-04-26T12:15:13.519Z] Jitter delay: 17133ms
[•] [2026-04-26T12:15:30.658Z] Bridging DAI | Amount: 0.00001 | Token: 0xB96A869c74Be2eD561D95a77408505371F287d16
[•] [2026-04-26T12:15:30.659Z] Jitter delay: 22262ms
[✓] [2026-04-26T12:15:53.736Z] DAI already approved: 115792089237316195423570985008687907853269984665640564039457.584007913129639935
[•] [2026-04-26T12:15:54.595Z] Calldata: 0xd6d344a1...0000000009184e72a000
[•] [2026-04-26T12:15:54.904Z] Estimated gas: 171254
[•] [2026-04-26T12:15:54.905Z] Sending tx... nonce: 373
[✓] [2026-04-26T12:15:55.602Z] Tx sent: 0x3ea5cea09c554a19bcbc799c9e0a534491bcc301caf666a4451354faa2a1fe6c
[•] [2026-04-26T12:15:55.603Z] Waiting confirmation...
[✓] [2026-04-26T12:16:01.577Z] Confirmed! Block: 1325536 | Gas: 166334 | Status: SUCCESS
[✓] [2026-04-26T12:16:01.580Z] Loop #22 completed
[•] [2026-04-26T12:16:01.581Z] Waiting 435s till next loop...
[•] [2026-04-26T12:23:17.146Z] ═══ Loop #23 ═══
[•] [2026-04-26T12:23:17.173Z] Bridging ETH | Amount: 0.0000001 | Token: 0x0000000000000000000000000000000000000000
[•] [2026-04-26T12:23:17.174Z] Jitter delay: 13512ms
[•] [2026-04-26T12:23:32.623Z] Calldata: 0xd6d344a1...0000000000174876e800
[•] [2026-04-26T12:23:32.964Z] Estimated gas: 131192
[•] [2026-04-26T12:23:32.965Z] Sending tx... nonce: 374
[✓] [2026-04-26T12:23:33.637Z] Tx sent: 0x2e05ce0238dc8d3bf9e58f9355f0bb12e705d879331661fe057d623a5707492f
[•] [2026-04-26T12:23:33.638Z] Waiting confirmation...
[✓] [2026-04-26T12:23:42.204Z] Confirmed! Block: 1325628 | Gas: 126272 | Status: SUCCESS
[•] [2026-04-26T12:23:42.206Z] Jitter delay: 15469ms
[•] [2026-04-26T12:23:57.687Z] Bridging USDT | Amount: 0.00001 | Token: 0xfcc025A3E170DF62de0e25AF7CeAf1C89aBfe6E9
[•] [2026-04-26T12:23:57.689Z] Jitter delay: 20371ms
[✓] [2026-04-26T12:24:18.988Z] USDT already approved: 115792089237316195423570985008687907853269984665640564039457584007913129.639935
[•] [2026-04-26T12:24:19.830Z] Calldata: 0xd6d344a1...0000000000000000000a
[•] [2026-04-26T12:24:20.088Z] Estimated gas: 171206
[•] [2026-04-26T12:24:20.089Z] Sending tx... nonce: 375
[✓] [2026-04-26T12:24:20.658Z] Tx sent: 0x7079217f911e0f6baf84dcc3fb32cabda47dc3b4886a17c4d3e4a3bb4192ba8e
[•] [2026-04-26T12:24:20.658Z] Waiting confirmation...
[✓] [2026-04-26T12:24:26.258Z] Confirmed! Block: 1325637 | Gas: 166286 | Status: SUCCESS
[•] [2026-04-26T12:24:26.259Z] Jitter delay: 14732ms
[•] [2026-04-26T12:24:41.000Z] Bridging USDC | Amount: 0.00001 | Token: 0xe819EB5be34B20f1FEC012c0DAf960397A0Fb386
[•] [2026-04-26T12:24:41.001Z] Jitter delay: 25534ms
[✓] [2026-04-26T12:25:07.535Z] USDC already approved: 115792089237316195423570985008687907853269984665640564039457584007913129.639935
[•] [2026-04-26T12:25:08.399Z] Calldata: 0xd6d344a1...0000000000000000000a
[•] [2026-04-26T12:25:08.686Z] Estimated gas: 171206
[•] [2026-04-26T12:25:08.687Z] Sending tx... nonce: 376
[✓] [2026-04-26T12:25:09.334Z] Tx sent: 0x68db6fe1bcee1fa8ee58767889d5af0138e844b0409a4864b5e23c539edebf35
[•] [2026-04-26T12:25:09.335Z] Waiting confirmation...
[✓] [2026-04-26T12:25:15.327Z] Confirmed! Block: 1325647 | Gas: 166286 | Status: SUCCESS
[•] [2026-04-26T12:25:15.329Z] Jitter delay: 20769ms
[•] [2026-04-26T12:25:36.108Z] Bridging DAI | Amount: 0.00001 | Token: 0xB96A869c74Be2eD561D95a77408505371F287d16
[•] [2026-04-26T12:25:36.109Z] Jitter delay: 19330ms
[✓] [2026-04-26T12:25:56.217Z] DAI already approved: 115792089237316195423570985008687907853269984665640564039457.584007913129639935
[•] [2026-04-26T12:25:56.937Z] Calldata: 0xd6d344a1...0000000009184e72a000
[•] [2026-04-26T12:25:57.165Z] Estimated gas: 171254
[•] [2026-04-26T12:25:57.166Z] Sending tx... nonce: 377
[✓] [2026-04-26T12:25:57.713Z] Tx sent: 0x86ffbec23bf7a06d2045ca064f6dad940374aae0c4885567059e8083da06effd
[•] [2026-04-26T12:25:57.713Z] Waiting confirmation...
[✓] [2026-04-26T12:26:04.407Z] Confirmed! Block: 1325657 | Gas: 166334 | Status: SUCCESS
[✓] [2026-04-26T12:26:04.412Z] Loop #23 completed
[•] [2026-04-26T12:26:04.413Z] Waiting 430s till next loop...
[•] [2026-04-26T12:33:14.986Z] ═══ Loop #24 ═══
[•] [2026-04-26T12:33:15.016Z] Bridging ETH | Amount: 0.0000001 | Token: 0x0000000000000000000000000000000000000000
[•] [2026-04-26T12:33:15.017Z] Jitter delay: 15028ms
[•] [2026-04-26T12:33:31.770Z] Calldata: 0xd6d344a1...0000000000174876e800
[•] [2026-04-26T12:33:32.064Z] Estimated gas: 131192
[•] [2026-04-26T12:33:32.065Z] Sending tx... nonce: 378
[✓] [2026-04-26T12:33:32.714Z] Tx sent: 0x4b8a9fde7114501981dfdf55151ef1b1105abd6cc2678cf0fd100b42888a52e2
[•] [2026-04-26T12:33:32.714Z] Waiting confirmation...
[✓] [2026-04-26T12:33:38.716Z] Confirmed! Block: 1325748 | Gas: 126272 | Status: SUCCESS
[•] [2026-04-26T12:33:38.716Z] Jitter delay: 11819ms
[•] [2026-04-26T12:33:50.544Z] Bridging USDT | Amount: 0.00001 | Token: 0xfcc025A3E170DF62de0e25AF7CeAf1C89aBfe6E9
[•] [2026-04-26T12:33:50.547Z] Jitter delay: 12405ms
[✓] [2026-04-26T12:34:03.763Z] USDT already approved: 115792089237316195423570985008687907853269984665640564039457584007913129.639935
[•] [2026-04-26T12:34:04.467Z] Calldata: 0xd6d344a1...0000000000000000000a
[•] [2026-04-26T12:34:04.703Z] Estimated gas: 171206
[•] [2026-04-26T12:34:04.704Z] Sending tx... nonce: 379
[✓] [2026-04-26T12:34:05.219Z] Tx sent: 0x316c171ff0ea750c9ab95860538e7b936f6eb89897281ba237cf8910aecfed64
[•] [2026-04-26T12:34:05.219Z] Waiting confirmation...
[✓] [2026-04-26T12:34:11.025Z] Confirmed! Block: 1325754 | Gas: 166286 | Status: SUCCESS
[•] [2026-04-26T12:34:11.029Z] Jitter delay: 26328ms
[•] [2026-04-26T12:34:37.378Z] Bridging USDC | Amount: 0.00001 | Token: 0xe819EB5be34B20f1FEC012c0DAf960397A0Fb386
[•] [2026-04-26T12:34:37.379Z] Jitter delay: 8805ms
[✓] [2026-04-26T12:34:46.950Z] USDC already approved: 115792089237316195423570985008687907853269984665640564039457584007913129.639935
[•] [2026-04-26T12:34:47.640Z] Calldata: 0xd6d344a1...0000000000000000000a
[•] [2026-04-26T12:34:47.864Z] Estimated gas: 171206
[•] [2026-04-26T12:34:47.865Z] Sending tx... nonce: 380
[✓] [2026-04-26T12:34:48.410Z] Tx sent: 0xa7f425676e28370f09954422e7e9982a292c8c86ea24ecadc077d1de5058a1f4
[•] [2026-04-26T12:34:48.410Z] Waiting confirmation...
[✓] [2026-04-26T12:34:54.106Z] Confirmed! Block: 1325763 | Gas: 166286 | Status: SUCCESS
[•] [2026-04-26T12:34:54.111Z] Jitter delay: 19689ms
[•] [2026-04-26T12:35:13.809Z] Bridging DAI | Amount: 0.00001 | Token: 0xB96A869c74Be2eD561D95a77408505371F287d16
[•] [2026-04-26T12:35:13.811Z] Jitter delay: 27030ms
[✓] [2026-04-26T12:35:41.693Z] DAI already approved: 115792089237316195423570985008687907853269984665640564039457.584007913129639935
[•] [2026-04-26T12:35:42.431Z] Calldata: 0xd6d344a1...0000000009184e72a000
[•] [2026-04-26T12:35:42.688Z] Estimated gas: 171254
[•] [2026-04-26T12:35:42.688Z] Sending tx... nonce: 381
[✓] [2026-04-26T12:35:43.196Z] Tx sent: 0xb63fddde4ef634e4faf3b57ef5cf54b0f6343f09687031568f03e6d659db4c05
[•] [2026-04-26T12:35:43.196Z] Waiting confirmation...
[✓] [2026-04-26T12:35:48.703Z] Confirmed! Block: 1325774 | Gas: 166334 | Status: SUCCESS
[✓] [2026-04-26T12:35:48.704Z] Loop #24 completed
[•] [2026-04-26T12:35:48.704Z] Waiting 315s till next loop...
[•] [2026-04-26T12:41:04.409Z] ═══ Loop #25 ═══
[•] [2026-04-26T12:41:04.427Z] Bridging ETH | Amount: 0.0000001 | Token: 0x0000000000000000000000000000000000000000
[•] [2026-04-26T12:41:04.428Z] Jitter delay: 22969ms
[•] [2026-04-26T12:41:28.854Z] Calldata: 0xd6d344a1...0000000000174876e800
[•] [2026-04-26T12:41:29.096Z] Estimated gas: 131192
[•] [2026-04-26T12:41:29.097Z] Sending tx... nonce: 382
[✓] [2026-04-26T12:41:29.669Z] Tx sent: 0x0722b4e24578abd21e680ac9b9a2487a7defafb6324e72876fb0790ab26ef6bc
[•] [2026-04-26T12:41:29.670Z] Waiting confirmation...
[✓] [2026-04-26T12:41:35.378Z] Confirmed! Block: 1325843 | Gas: 126272 | Status: SUCCESS
[•] [2026-04-26T12:41:35.380Z] Jitter delay: 27489ms
[•] [2026-04-26T12:42:56.793Z] Bridging USDT | Amount: 0.00001 | Token: 0xfcc025A3E170DF62de0e25AF7CeAf1C89aBfe6E9
[•] [2026-04-26T12:42:56.796Z] Jitter delay: 6652ms
[✓] [2026-04-26T12:43:05.533Z] USDT already approved: 115792089237316195423570985008687907853269984665640564039457584007913129.639935
[•] [2026-04-26T12:43:06.260Z] Calldata: 0xd6d344a1...0000000000000000000a
[•] [2026-04-26T12:43:06.537Z] Estimated gas: 171206
[•] [2026-04-26T12:43:06.538Z] Sending tx... nonce: 383
[✓] [2026-04-26T12:43:07.303Z] Tx sent: 0x4dc06f1aa8a2c9a72c80b1ad2b98529c9f19a774d81f6e0d34c8720b6557f3b9
[•] [2026-04-26T12:43:07.304Z] Waiting confirmation...
[✓] [2026-04-26T12:43:08.884Z] Confirmed! Block: 1325862 | Gas: 166286 | Status: SUCCESS
[•] [2026-04-26T12:43:08.894Z] Jitter delay: 25982ms
[•] [2026-04-26T12:43:34.896Z] Bridging USDC | Amount: 0.00001 | Token: 0xe819EB5be34B20f1FEC012c0DAf960397A0Fb386
[•] [2026-04-26T12:43:34.903Z] Jitter delay: 20055ms
[✓] [2026-04-26T12:43:55.811Z] USDC already approved: 115792089237316195423570985008687907853269984665640564039457584007913129.639935
[•] [2026-04-26T12:43:56.526Z] Calldata: 0xd6d344a1...0000000000000000000a
[•] [2026-04-26T12:43:56.743Z] Estimated gas: 171206
[•] [2026-04-26T12:43:56.744Z] Sending tx... nonce: 384
[✓] [2026-04-26T12:43:57.331Z] Tx sent: 0xaed7f9b341fb48e7bc4394609c0aec74be310cf6271d656ea5f2e8c17902d930
[•] [2026-04-26T12:43:57.332Z] Waiting confirmation...
[✓] [2026-04-26T12:43:58.608Z] Confirmed! Block: 1325872 | Gas: 166286 | Status: SUCCESS
[•] [2026-04-26T12:43:58.613Z] Jitter delay: 17163ms
[•] [2026-04-26T12:44:15.788Z] Bridging DAI | Amount: 0.00001 | Token: 0xB96A869c74Be2eD561D95a77408505371F287d16
[•] [2026-04-26T12:44:15.789Z] Jitter delay: 16634ms
[✓] [2026-04-26T12:44:33.387Z] DAI already approved: 115792089237316195423570985008687907853269984665640564039457.584007913129639935
[•] [2026-04-26T12:44:34.301Z] Calldata: 0xd6d344a1...0000000009184e72a000
[•] [2026-04-26T12:44:34.603Z] Estimated gas: 171254
[•] [2026-04-26T12:44:34.604Z] Sending tx... nonce: 385
[✓] [2026-04-26T12:44:35.262Z] Tx sent: 0x321415340d57bbb85803d0ffe56503215f892bddca84fd6250d939f68f9a2ddf
[•] [2026-04-26T12:44:35.264Z] Waiting confirmation...
[✓] [2026-04-26T12:44:41.376Z] Confirmed! Block: 1325880 | Gas: 166334 | Status: SUCCESS
[✓] [2026-04-26T12:44:41.381Z] Loop #25 completed
[•] [2026-04-26T12:44:41.382Z] Waiting 586s till next loop...
[•] [2026-04-26T23:34:37.270Z] ═══ Teqoin Auto Bridge Bot v4 Started ═══
[•] [2026-04-26T23:34:37.336Z] Mode: WRAP | Assets: ETH, USDT, USDC, DAI | Loop: true
[✓] [2026-04-26T23:34:38.654Z] TOR connected | Exit IP: 185.220.101.157
[✓] [2026-04-26T23:34:38.793Z] Wallet: 0xc176D56CCF99857A76d377Bacf21cF70107783e7
[•] [2026-04-26T23:34:38.793Z] ═══ Loop #1 ═══
[•] [2026-04-26T23:34:38.796Z] Bridging ETH | Amount: 0.0000001 | Token: 0x0000000000000000000000000000000000000000
[•] [2026-04-26T23:34:38.797Z] Jitter delay: 6030ms
[•] [2026-04-26T23:34:46.630Z] Calldata: 0xd6d344a1...0000000000174876e800
[•] [2026-04-26T23:34:46.946Z] Estimated gas: 131192
[•] [2026-04-26T23:34:46.947Z] Sending tx... nonce: 386
[✓] [2026-04-26T23:34:47.713Z] Tx sent: 0xcb26fc9e12dc90b6ca4604127b445b23317f4c5b6f6e68eeba1bd074c4a2cff7
[•] [2026-04-26T23:34:47.713Z] Waiting confirmation...
[✓] [2026-04-26T23:34:53.676Z] Confirmed! Block: 1333681 | Gas: 126272 | Status: SUCCESS
[•] [2026-04-26T23:34:53.677Z] Jitter delay: 19451ms
[•] [2026-04-26T23:35:13.138Z] Bridging USDT | Amount: 0.00001 | Token: 0xfcc025A3E170DF62de0e25AF7CeAf1C89aBfe6E9
[•] [2026-04-26T23:35:13.145Z] Jitter delay: 9588ms
[✓] [2026-04-26T23:35:23.777Z] USDT already approved: 115792089237316195423570985008687907853269984665640564039457584007913129.639935
[•] [2026-04-26T23:35:24.455Z] Calldata: 0xd6d344a1...0000000000000000000a
[•] [2026-04-26T23:35:24.706Z] Estimated gas: 171206
[•] [2026-04-26T23:35:24.707Z] Sending tx... nonce: 387
[✓] [2026-04-26T23:35:25.214Z] Tx sent: 0xc8e3f3a8297549279fbfdd31d681c76a136ce7728e3d145f8d932681bc945aa7
[•] [2026-04-26T23:35:25.215Z] Waiting confirmation...
[✓] [2026-04-26T23:35:31.106Z] Confirmed! Block: 1333688 | Gas: 166286 | Status: SUCCESS
[•] [2026-04-26T23:35:31.108Z] Jitter delay: 23128ms
[•] [2026-04-26T23:35:54.243Z] Bridging USDC | Amount: 0.00001 | Token: 0xe819EB5be34B20f1FEC012c0DAf960397A0Fb386
[•] [2026-04-26T23:35:54.246Z] Jitter delay: 14395ms
[✓] [2026-04-26T23:36:09.558Z] USDC already approved: 115792089237316195423570985008687907853269984665640564039457584007913129.639935
[•] [2026-04-26T23:36:10.507Z] Calldata: 0xd6d344a1...0000000000000000000a
[•] [2026-04-26T23:36:10.798Z] Estimated gas: 171206
[•] [2026-04-26T23:36:10.801Z] Sending tx... nonce: 388
[✓] [2026-04-26T23:36:11.463Z] Tx sent: 0x624409935a8a47952d7685168c979bbb3dd325922fcdd4d34488a144dc103f27
[•] [2026-04-26T23:36:11.463Z] Waiting confirmation...
[✓] [2026-04-26T23:36:13.153Z] Confirmed! Block: 1333697 | Gas: 166286 | Status: SUCCESS
[•] [2026-04-26T23:36:13.154Z] Jitter delay: 26053ms
[•] [2026-04-26T23:36:39.219Z] Bridging DAI | Amount: 0.00001 | Token: 0xB96A869c74Be2eD561D95a77408505371F287d16
[•] [2026-04-26T23:36:39.226Z] Jitter delay: 22342ms
[✓] [2026-04-26T23:37:02.436Z] DAI already approved: 115792089237316195423570985008687907853269984665640564039457.584007913129639935
[•] [2026-04-26T23:37:03.276Z] Calldata: 0xd6d344a1...0000000009184e72a000
[•] [2026-04-26T23:37:03.632Z] Estimated gas: 171254
[•] [2026-04-26T23:37:03.634Z] Sending tx... nonce: 389
[✓] [2026-04-26T23:37:04.190Z] Tx sent: 0xc20b4bcd6c5b16abb836934d57623b25da5066cb9a6736ebe57f1b0f23592d11
[•] [2026-04-26T23:37:04.191Z] Waiting confirmation...
[✓] [2026-04-26T23:37:09.880Z] Confirmed! Block: 1333708 | Gas: 166334 | Status: SUCCESS
[✓] [2026-04-26T23:37:09.881Z] Loop #1 completed
[•] [2026-04-26T23:37:09.881Z] Waiting 357s till next loop...
[•] [2026-04-26T23:43:07.738Z] ═══ Loop #2 ═══
[•] [2026-04-26T23:43:07.769Z] Bridging ETH | Amount: 0.0000001 | Token: 0x0000000000000000000000000000000000000000
[•] [2026-04-26T23:43:07.771Z] Jitter delay: 12507ms
[•] [2026-04-26T23:43:21.952Z] Calldata: 0xd6d344a1...0000000000174876e800
[•] [2026-04-26T23:43:22.229Z] Estimated gas: 131192
[•] [2026-04-26T23:43:22.231Z] Sending tx... nonce: 390
[✓] [2026-04-26T23:43:22.906Z] Tx sent: 0x9eb120a57867ac248834176b26e2ad66974750544ba994cae61c8b767237d159
[•] [2026-04-26T23:43:22.907Z] Waiting confirmation...
[✓] [2026-04-26T23:43:28.689Z] Confirmed! Block: 1333784 | Gas: 126272 | Status: SUCCESS
[•] [2026-04-26T23:43:28.692Z] Jitter delay: 9098ms
[•] [2026-04-26T23:43:37.797Z] Bridging USDT | Amount: 0.00001 | Token: 0xfcc025A3E170DF62de0e25AF7CeAf1C89aBfe6E9
[•] [2026-04-26T23:43:37.798Z] Jitter delay: 23430ms
[✓] [2026-04-26T23:44:02.635Z] USDT already approved: 115792089237316195423570985008687907853269984665640564039457584007913129.639935
[•] [2026-04-26T23:44:04.440Z] Calldata: 0xd6d344a1...0000000000000000000a
[•] [2026-04-26T23:44:04.749Z] Estimated gas: 171206
[•] [2026-04-26T23:44:04.750Z] Sending tx... nonce: 391
[✓] [2026-04-26T23:44:05.396Z] Tx sent: 0xa2e6fff8cefa4bcd468ce700a6667b7c6bdb83fe26d295ce01ca16e2f853ec38
[•] [2026-04-26T23:44:05.397Z] Waiting confirmation...
[✓] [2026-04-26T23:44:11.588Z] Confirmed! Block: 1333792 | Gas: 166286 | Status: SUCCESS
[•] [2026-04-26T23:44:11.595Z] Jitter delay: 27897ms
[•] [2026-04-26T23:44:39.495Z] Bridging USDC | Amount: 0.00001 | Token: 0xe819EB5be34B20f1FEC012c0DAf960397A0Fb386
[•] [2026-04-26T23:44:39.496Z] Jitter delay: 11808ms
[✓] [2026-04-26T23:44:52.025Z] USDC already approved: 115792089237316195423570985008687907853269984665640564039457584007913129.639935
[•] [2026-04-26T23:44:52.787Z] Calldata: 0xd6d344a1...0000000000000000000a
[•] [2026-04-26T23:44:53.026Z] Estimated gas: 171206
[•] [2026-04-26T23:44:53.027Z] Sending tx... nonce: 392
[✓] [2026-04-26T23:44:53.581Z] Tx sent: 0x1d88470a6222edaf21b619503991ac17d93ee76ca503b24bb514aa63dc3d6916
[•] [2026-04-26T23:44:53.582Z] Waiting confirmation...
[✓] [2026-04-26T23:44:59.389Z] Confirmed! Block: 1333802 | Gas: 166286 | Status: SUCCESS
[•] [2026-04-26T23:44:59.392Z] Jitter delay: 7879ms
[•] [2026-04-26T23:45:07.277Z] Bridging DAI | Amount: 0.00001 | Token: 0xB96A869c74Be2eD561D95a77408505371F287d16
[•] [2026-04-26T23:45:07.279Z] Jitter delay: 6115ms
[✓] [2026-04-26T23:45:14.143Z] DAI already approved: 115792089237316195423570985008687907853269984665640564039457.584007913129639935
[•] [2026-04-26T23:45:14.990Z] Calldata: 0xd6d344a1...0000000009184e72a000
[•] [2026-04-26T23:45:15.221Z] Estimated gas: 171254
[•] [2026-04-26T23:45:15.222Z] Sending tx... nonce: 393
[✓] [2026-04-26T23:45:15.762Z] Tx sent: 0x05494aa5d922948c195003681b87133db76e4eb9e7e069a965c50459f32d5791
[•] [2026-04-26T23:45:15.762Z] Waiting confirmation...
[✓] [2026-04-26T23:45:21.507Z] Confirmed! Block: 1333806 | Gas: 166334 | Status: SUCCESS
[✓] [2026-04-26T23:45:21.509Z] Loop #2 completed
[•] [2026-04-26T23:45:21.509Z] Waiting 398s till next loop...
[•] [2026-04-26T23:52:00.535Z] ═══ Loop #3 ═══
[•] [2026-04-26T23:52:00.627Z] Bridging ETH | Amount: 0.0000001 | Token: 0x0000000000000000000000000000000000000000
[•] [2026-04-26T23:52:00.628Z] Jitter delay: 18990ms
[•] [2026-04-26T23:52:21.540Z] Calldata: 0xd6d344a1...0000000000174876e800
[•] [2026-04-26T23:52:21.828Z] Estimated gas: 131192
[•] [2026-04-26T23:52:21.829Z] Sending tx... nonce: 394
[✓] [2026-04-26T23:52:22.467Z] Tx sent: 0x94ee581e416ca939e48755908b4ad42b6d39ea655b93d16be9f124e6c1024198
[•] [2026-04-26T23:52:22.467Z] Waiting confirmation...
[✓] [2026-04-26T23:52:28.402Z] Confirmed! Block: 1333892 | Gas: 126272 | Status: SUCCESS
[•] [2026-04-26T23:52:28.404Z] Jitter delay: 18883ms
[•] [2026-04-26T23:52:47.301Z] Bridging USDT | Amount: 0.00001 | Token: 0xfcc025A3E170DF62de0e25AF7CeAf1C89aBfe6E9
[•] [2026-04-26T23:52:47.312Z] Jitter delay: 14039ms
[✓] [2026-04-26T23:53:02.119Z] USDT already approved: 115792089237316195423570985008687907853269984665640564039457584007913129.639935
[•] [2026-04-26T23:53:02.880Z] Calldata: 0xd6d344a1...0000000000000000000a
[•] [2026-04-26T23:53:03.143Z] Estimated gas: 171206
[•] [2026-04-26T23:53:03.144Z] Sending tx... nonce: 395
[✓] [2026-04-26T23:53:03.725Z] Tx sent: 0x2b5e90aca30757ba65106909ce0a531b8590f1cc7c86251047377d06f09a3048
[•] [2026-04-26T23:53:03.726Z] Waiting confirmation...
[✓] [2026-04-26T23:53:09.393Z] Confirmed! Block: 1333900 | Gas: 166286 | Status: SUCCESS
[•] [2026-04-26T23:53:09.394Z] Jitter delay: 20997ms
[•] [2026-04-26T23:53:30.428Z] Bridging USDC | Amount: 0.00001 | Token: 0xe819EB5be34B20f1FEC012c0DAf960397A0Fb386
[•] [2026-04-26T23:53:30.443Z] Jitter delay: 19392ms
[✓] [2026-04-26T23:53:50.959Z] USDC already approved: 115792089237316195423570985008687907853269984665640564039457584007913129.639935
[•] [2026-04-26T23:53:51.878Z] Calldata: 0xd6d344a1...0000000000000000000a
[•] [2026-04-26T23:53:52.280Z] Estimated gas: 171206
[•] [2026-04-26T23:53:52.281Z] Sending tx... nonce: 396
[✓] [2026-04-26T23:53:53.037Z] Tx sent: 0x608d6612d5b3715a461164f471a6ebbb327235406bbafff8460f9750c0834678
[•] [2026-04-26T23:53:53.038Z] Waiting confirmation...
[✓] [2026-04-26T23:53:59.392Z] Confirmed! Block: 1333910 | Gas: 166286 | Status: SUCCESS
[•] [2026-04-26T23:53:59.402Z] Jitter delay: 21265ms
[•] [2026-04-26T23:54:20.688Z] Bridging DAI | Amount: 0.00001 | Token: 0xB96A869c74Be2eD561D95a77408505371F287d16
[•] [2026-04-26T23:54:20.690Z] Jitter delay: 28058ms
[✓] [2026-04-26T23:54:49.515Z] DAI already approved: 115792089237316195423570985008687907853269984665640564039457.584007913129639935
[•] [2026-04-26T23:54:50.758Z] Calldata: 0xd6d344a1...0000000009184e72a000
[•] [2026-04-26T23:54:51.397Z] Estimated gas: 171254
[•] [2026-04-26T23:54:51.398Z] Sending tx... nonce: 397
[✓] [2026-04-26T23:54:52.831Z] Tx sent: 0x36a26105b25eb1470dffd202390514a86511f202f6451c870300ac4aa8df8378
[•] [2026-04-26T23:54:52.831Z] Waiting confirmation...
[✓] [2026-04-26T23:54:58.880Z] Confirmed! Block: 1333922 | Gas: 166334 | Status: SUCCESS
[✓] [2026-04-26T23:54:58.883Z] Loop #3 completed
[•] [2026-04-26T23:54:58.887Z] Waiting 449s till next loop...
[•] [2026-04-27T00:02:28.291Z] ═══ Loop #4 ═══
[•] [2026-04-27T00:02:28.421Z] Bridging ETH | Amount: 0.0000001 | Token: 0x0000000000000000000000000000000000000000
[•] [2026-04-27T00:02:28.422Z] Jitter delay: 28196ms
[•] [2026-04-27T00:02:58.580Z] Calldata: 0xd6d344a1...0000000000174876e800
[•] [2026-04-27T00:02:58.837Z] Estimated gas: 131192
[•] [2026-04-27T00:02:58.839Z] Sending tx... nonce: 398
[✓] [2026-04-27T00:02:59.545Z] Tx sent: 0x78712331ed580ed3075e7c03bb7f66c71e27790299b6a15f8b6f11c19b22bab1
[•] [2026-04-27T00:02:59.546Z] Waiting confirmation...
[✓] [2026-04-27T00:03:05.549Z] Confirmed! Block: 1334019 | Gas: 126272 | Status: SUCCESS
[•] [2026-04-27T00:03:05.551Z] Jitter delay: 10978ms
[•] [2026-04-27T00:03:16.535Z] Bridging USDT | Amount: 0.00001 | Token: 0xfcc025A3E170DF62de0e25AF7CeAf1C89aBfe6E9
[•] [2026-04-27T00:03:16.536Z] Jitter delay: 7673ms
[✓] [2026-04-27T00:03:25.322Z] USDT already approved: 115792089237316195423570985008687907853269984665640564039457584007913129.639935
[•] [2026-04-27T00:03:26.084Z] Calldata: 0xd6d344a1...0000000000000000000a
[•] [2026-04-27T00:03:26.352Z] Estimated gas: 171206
[•] [2026-04-27T00:03:26.353Z] Sending tx... nonce: 399
[✓] [2026-04-27T00:03:26.948Z] Tx sent: 0x40a722c41074bdbeac98a1b585d46095157ee46efdbe4836ace30fefad409fe7
[•] [2026-04-27T00:03:26.949Z] Waiting confirmation...
[✓] [2026-04-27T00:03:28.204Z] Confirmed! Block: 1334024 | Gas: 166286 | Status: SUCCESS
[•] [2026-04-27T00:03:28.206Z] Jitter delay: 12280ms
[•] [2026-04-27T00:03:40.491Z] Bridging USDC | Amount: 0.00001 | Token: 0xe819EB5be34B20f1FEC012c0DAf960397A0Fb386
[•] [2026-04-27T00:03:40.492Z] Jitter delay: 27717ms
[✓] [2026-04-27T00:04:08.990Z] USDC already approved: 115792089237316195423570985008687907853269984665640564039457584007913129.639935
[•] [2026-04-27T00:04:09.728Z] Calldata: 0xd6d344a1...0000000000000000000a
[•] [2026-04-27T00:04:09.998Z] Estimated gas: 171206
[•] [2026-04-27T00:04:09.999Z] Sending tx... nonce: 400
[✓] [2026-04-27T00:04:10.622Z] Tx sent: 0x53f77759790b77ba9882143b527f3010012b289b96d19a3c42ed5049f8a27018
[•] [2026-04-27T00:04:10.622Z] Waiting confirmation...
[✓] [2026-04-27T00:04:16.281Z] Confirmed! Block: 1334033 | Gas: 166286 | Status: SUCCESS
[•] [2026-04-27T00:04:16.287Z] Jitter delay: 18768ms
[•] [2026-04-27T00:04:35.068Z] Bridging DAI | Amount: 0.00001 | Token: 0xB96A869c74Be2eD561D95a77408505371F287d16
[•] [2026-04-27T00:04:35.072Z] Jitter delay: 13365ms
[✓] [2026-04-27T00:04:49.412Z] DAI already approved: 115792089237316195423570985008687907853269984665640564039457.584007913129639935
[•] [2026-04-27T00:04:50.826Z] Calldata: 0xd6d344a1...0000000009184e72a000
[•] [2026-04-27T00:04:51.132Z] Estimated gas: 171254
[•] [2026-04-27T00:04:51.133Z] Sending tx... nonce: 401
[✓] [2026-04-27T00:04:52.153Z] Tx sent: 0x58c4a784d10fca643730f7728306ef90d46100cda4746206e9fc5b42171e3db5
[•] [2026-04-27T00:04:52.154Z] Waiting confirmation...
[✓] [2026-04-27T00:04:52.770Z] Confirmed! Block: 1334041 | Gas: 166334 | Status: SUCCESS
[✓] [2026-04-27T00:04:52.771Z] Loop #4 completed
[•] [2026-04-27T00:04:52.791Z] Waiting 365s till next loop...
[•] [2026-04-27T00:10:58.529Z] ═══ Loop #5 ═══
[•] [2026-04-27T00:10:58.554Z] Bridging ETH | Amount: 0.0000001 | Token: 0x0000000000000000000000000000000000000000
[•] [2026-04-27T00:10:58.556Z] Jitter delay: 9388ms
[•] [2026-04-27T00:11:09.262Z] Calldata: 0xd6d344a1...0000000000174876e800
[•] [2026-04-27T00:11:09.483Z] Estimated gas: 131192
[•] [2026-04-27T00:11:09.485Z] Sending tx... nonce: 402
[✓] [2026-04-27T00:11:10.071Z] Tx sent: 0x60126e023747e71fb30953a7b7b186fd142e9b40db5987c6962e498d4dcd522b
[•] [2026-04-27T00:11:10.072Z] Waiting confirmation...
[✓] [2026-04-27T00:11:15.763Z] Confirmed! Block: 1334117 | Gas: 126272 | Status: SUCCESS
[•] [2026-04-27T00:11:15.775Z] Jitter delay: 20634ms
[•] [2026-04-27T00:11:36.431Z] Bridging USDT | Amount: 0.00001 | Token: 0xfcc025A3E170DF62de0e25AF7CeAf1C89aBfe6E9
[•] [2026-04-27T00:11:36.435Z] Jitter delay: 17940ms
[✓] [2026-04-27T00:11:55.123Z] USDT already approved: 115792089237316195423570985008687907853269984665640564039457584007913129.639935
[•] [2026-04-27T00:11:55.857Z] Calldata: 0xd6d344a1...0000000000000000000a
[•] [2026-04-27T00:11:56.077Z] Estimated gas: 171206
[•] [2026-04-27T00:11:56.079Z] Sending tx... nonce: 403
[✓] [2026-04-27T00:11:56.610Z] Tx sent: 0xa9df2d8332a621119a6db5b4656371f1dc78b4965492c8552e7ef5f0efca1a6d
[•] [2026-04-27T00:11:56.611Z] Waiting confirmation...
[✓] [2026-04-27T00:11:57.807Z] Confirmed! Block: 1334126 | Gas: 166286 | Status: SUCCESS
[•] [2026-04-27T00:11:57.808Z] Jitter delay: 29984ms
[•] [2026-04-27T00:12:27.820Z] Bridging USDC | Amount: 0.00001 | Token: 0xe819EB5be34B20f1FEC012c0DAf960397A0Fb386
[•] [2026-04-27T00:12:27.823Z] Jitter delay: 13598ms
[✓] [2026-04-27T00:12:42.320Z] USDC already approved: 115792089237316195423570985008687907853269984665640564039457584007913129.639935
[•] [2026-04-27T00:12:43.166Z] Calldata: 0xd6d344a1...0000000000000000000a
[•] [2026-04-27T00:12:43.431Z] Estimated gas: 171206
[•] [2026-04-27T00:12:43.433Z] Sending tx... nonce: 404
[✓] [2026-04-27T00:12:43.992Z] Tx sent: 0xebf02424bdbf273b77f0611cf51a9f4259bfe82e6e42b9bfc12fc2a64d6e9609
[•] [2026-04-27T00:12:43.992Z] Waiting confirmation...
[✓] [2026-04-27T00:12:49.933Z] Confirmed! Block: 1334136 | Gas: 166286 | Status: SUCCESS
[•] [2026-04-27T00:12:49.937Z] Jitter delay: 27221ms
[•] [2026-04-27T00:13:17.179Z] Bridging DAI | Amount: 0.00001 | Token: 0xB96A869c74Be2eD561D95a77408505371F287d16
[•] [2026-04-27T00:13:17.182Z] Jitter delay: 25160ms
[✓] [2026-04-27T00:13:43.273Z] DAI already approved: 115792089237316195423570985008687907853269984665640564039457.584007913129639935
[•] [2026-04-27T00:13:44.136Z] Calldata: 0xd6d344a1...0000000009184e72a000
[•] [2026-04-27T00:13:44.430Z] Estimated gas: 171254
[•] [2026-04-27T00:13:44.431Z] Sending tx... nonce: 405
[✓] [2026-04-27T00:13:45.091Z] Tx sent: 0x120abd3aa35ba53805132009f9c880fc8b7274da7e348b8cfb25faad492a1553
[•] [2026-04-27T00:13:45.092Z] Waiting confirmation...
[✓] [2026-04-27T00:13:51.194Z] Confirmed! Block: 1334148 | Gas: 166334 | Status: SUCCESS
[✓] [2026-04-27T00:13:51.198Z] Loop #5 completed
[•] [2026-04-27T00:13:51.199Z] Waiting 348s till next loop...
[•] [2026-04-27T00:19:39.774Z] ═══ Loop #6 ═══
[•] [2026-04-27T00:19:39.786Z] Bridging ETH | Amount: 0.0000001 | Token: 0x0000000000000000000000000000000000000000
[•] [2026-04-27T00:19:39.787Z] Jitter delay: 29658ms
[•] [2026-04-27T00:20:10.882Z] Calldata: 0xd6d344a1...0000000000174876e800
[•] [2026-04-27T00:20:11.140Z] Estimated gas: 131192
[•] [2026-04-27T00:20:11.142Z] Sending tx... nonce: 406
[✓] [2026-04-27T00:20:11.695Z] Tx sent: 0xa23e99c2684f84f7bb395add12dcfc77617d2e951d7aacdf40c26227bf8bc023
[•] [2026-04-27T00:20:11.696Z] Waiting confirmation...
[✓] [2026-04-27T00:20:13.180Z] Confirmed! Block: 1334225 | Gas: 126272 | Status: SUCCESS
[•] [2026-04-27T00:20:13.181Z] Jitter delay: 14245ms
[•] [2026-04-27T00:20:27.437Z] Bridging USDT | Amount: 0.00001 | Token: 0xfcc025A3E170DF62de0e25AF7CeAf1C89aBfe6E9
[•] [2026-04-27T00:20:27.438Z] Jitter delay: 19833ms
[✓] [2026-04-27T00:20:48.339Z] USDT already approved: 115792089237316195423570985008687907853269984665640564039457584007913129.639935
[•] [2026-04-27T00:20:49.211Z] Calldata: 0xd6d344a1...0000000000000000000a
[•] [2026-04-27T00:20:49.500Z] Estimated gas: 171206
[•] [2026-04-27T00:20:49.501Z] Sending tx... nonce: 407
[✓] [2026-04-27T00:20:50.130Z] Tx sent: 0xd14d53121ebe381f3eb94de7c06657f86eb7d893295a864477ac85c8cbf44c45
[•] [2026-04-27T00:20:50.131Z] Waiting confirmation...
[✓] [2026-04-27T00:20:56.146Z] Confirmed! Block: 1334233 | Gas: 166286 | Status: SUCCESS
[•] [2026-04-27T00:20:56.167Z] Jitter delay: 8026ms
[•] [2026-04-27T00:21:04.199Z] Bridging USDC | Amount: 0.00001 | Token: 0xe819EB5be34B20f1FEC012c0DAf960397A0Fb386
[•] [2026-04-27T00:21:04.202Z] Jitter delay: 15289ms
[✓] [2026-04-27T00:21:20.222Z] USDC already approved: 115792089237316195423570985008687907853269984665640564039457584007913129.639935
[•] [2026-04-27T00:21:20.953Z] Calldata: 0xd6d344a1...0000000000000000000a
[•] [2026-04-27T00:21:21.230Z] Estimated gas: 171206
[•] [2026-04-27T00:21:21.232Z] Sending tx... nonce: 408
[✓] [2026-04-27T00:21:21.815Z] Tx sent: 0x52b1761225e13c593057a0271ad1649eb77857cee28ffd98be420c39c414e467
[•] [2026-04-27T00:21:21.815Z] Waiting confirmation...
[✓] [2026-04-27T00:21:23.066Z] Confirmed! Block: 1334239 | Gas: 166286 | Status: SUCCESS
[•] [2026-04-27T00:21:23.069Z] Jitter delay: 27510ms
[•] [2026-04-27T00:21:50.585Z] Bridging DAI | Amount: 0.00001 | Token: 0xB96A869c74Be2eD561D95a77408505371F287d16
[•] [2026-04-27T00:21:50.587Z] Jitter delay: 28541ms
[✓] [2026-04-27T00:22:21.514Z] DAI already approved: 115792089237316195423570985008687907853269984665640564039457.584007913129639935
[•] [2026-04-27T00:22:22.266Z] Calldata: 0xd6d344a1...0000000009184e72a000
[•] [2026-04-27T00:22:22.502Z] Estimated gas: 171254
[•] [2026-04-27T00:22:22.503Z] Sending tx... nonce: 409
[✓] [2026-04-27T00:22:23.055Z] Tx sent: 0xa53cb3883559fc3951263d97a328f39d3cfc252583286ee18175d28012074392
[•] [2026-04-27T00:22:23.056Z] Waiting confirmation...
[✓] [2026-04-27T00:22:28.639Z] Confirmed! Block: 1334252 | Gas: 166334 | Status: SUCCESS
[✓] [2026-04-27T00:22:28.642Z] Loop #6 completed
[•] [2026-04-27T00:22:28.643Z] Waiting 491s till next loop...
[•] [2026-04-27T00:30:40.227Z] ═══ Loop #7 ═══
[•] [2026-04-27T00:30:40.306Z] Bridging ETH | Amount: 0.0000001 | Token: 0x0000000000000000000000000000000000000000
[•] [2026-04-27T00:30:40.308Z] Jitter delay: 7039ms
[•] [2026-04-27T00:30:50.290Z] Calldata: 0xd6d344a1...0000000000174876e800
[•] [2026-04-27T00:30:50.623Z] Estimated gas: 131192
[•] [2026-04-27T00:30:50.624Z] Sending tx... nonce: 410
[✓] [2026-04-27T00:30:51.506Z] Tx sent: 0xdbf4191aeb422613a135946796c0100c4f89c63a11f37b180f3ccad09bdf7d80
[•] [2026-04-27T00:30:51.507Z] Waiting confirmation...
[✓] [2026-04-27T00:30:53.805Z] Confirmed! Block: 1334353 | Gas: 126272 | Status: SUCCESS
[•] [2026-04-27T00:30:53.807Z] Jitter delay: 13759ms
[•] [2026-04-27T00:31:07.577Z] Bridging USDT | Amount: 0.00001 | Token: 0xfcc025A3E170DF62de0e25AF7CeAf1C89aBfe6E9
[•] [2026-04-27T00:31:07.579Z] Jitter delay: 29897ms
[✓] [2026-04-27T00:31:38.607Z] USDT already approved: 115792089237316195423570985008687907853269984665640564039457584007913129.639935
[•] [2026-04-27T00:31:39.490Z] Calldata: 0xd6d344a1...0000000000000000000a
[•] [2026-04-27T00:31:39.782Z] Estimated gas: 171206
[•] [2026-04-27T00:31:39.783Z] Sending tx... nonce: 411
[✓] [2026-04-27T00:31:40.394Z] Tx sent: 0xe676c3c23bdb8183728dc49d12df03333a69fc6044af2481ef5044fea4606397
[•] [2026-04-27T00:31:40.395Z] Waiting confirmation...
[✓] [2026-04-27T00:31:46.506Z] Confirmed! Block: 1334363 | Gas: 166286 | Status: SUCCESS
[•] [2026-04-27T00:31:46.510Z] Jitter delay: 25090ms
[•] [2026-04-27T00:33:10.411Z] Bridging USDC | Amount: 0.00001 | Token: 0xe819EB5be34B20f1FEC012c0DAf960397A0Fb386
[•] [2026-04-27T00:33:10.412Z] Jitter delay: 12722ms
[✓] [2026-04-27T00:42:17.150Z] USDC already approved: 115792089237316195423570985008687907853269984665640564039457584007913129.639935
[•] [2026-04-27T00:42:17.963Z] Calldata: 0xd6d344a1...0000000000000000000a
[•] [2026-04-27T00:42:18.226Z] Estimated gas: 171206
[•] [2026-04-27T00:42:18.227Z] Sending tx... nonce: 412
[✓] [2026-04-27T00:42:18.884Z] Tx sent: 0x00ef67a2d0559ff51b7bbf50ae993bc39af90a1701abe7c5fcd3b8bf9f4ce59e
[•] [2026-04-27T00:42:18.886Z] Waiting confirmation...
[✓] [2026-04-27T00:43:08.291Z] Confirmed! Block: 1334491 | Gas: 166286 | Status: SUCCESS
[•] [2026-04-27T00:43:08.293Z] Jitter delay: 27432ms
[•] [2026-04-27T00:43:35.743Z] Bridging DAI | Amount: 0.00001 | Token: 0xB96A869c74Be2eD561D95a77408505371F287d16
[•] [2026-04-27T00:43:35.745Z] Jitter delay: 5812ms
[✓] [2026-04-27T00:43:43.600Z] DAI already approved: 115792089237316195423570985008687907853269984665640564039457.584007913129639935
[•] [2026-04-27T00:43:44.449Z] Calldata: 0xd6d344a1...0000000009184e72a000
[•] [2026-04-27T00:43:44.755Z] Estimated gas: 171254
[•] [2026-04-27T00:43:44.756Z] Sending tx... nonce: 413
[✓] [2026-04-27T00:43:45.563Z] Tx sent: 0xc05905d2966a73bedb28182a51dc692278d7a7c6dcbe38da7f0e167b6c1e3283
[•] [2026-04-27T00:43:45.565Z] Waiting confirmation...
[✓] [2026-04-27T00:43:51.673Z] Confirmed! Block: 1334508 | Gas: 166334 | Status: SUCCESS
[✓] [2026-04-27T00:43:51.677Z] Loop #7 completed
[•] [2026-04-27T00:43:51.678Z] Waiting 342s till next loop...
[•] [2026-04-27T00:52:26.694Z] ═══ Loop #8 ═══
[•] [2026-04-27T00:52:26.761Z] Bridging ETH | Amount: 0.0000001 | Token: 0x0000000000000000000000000000000000000000
[•] [2026-04-27T00:52:26.763Z] Jitter delay: 12481ms
[•] [2026-04-27T00:52:40.912Z] Calldata: 0xd6d344a1...0000000000174876e800
[•] [2026-04-27T00:52:41.195Z] Estimated gas: 131192
[•] [2026-04-27T00:52:41.197Z] Sending tx... nonce: 414
[✓] [2026-04-27T00:52:41.820Z] Tx sent: 0x86f8bfc78e7d70e763dbace90b0c28d24248ee18e733ebf4b34a0904852c4455
[•] [2026-04-27T00:52:41.821Z] Waiting confirmation...
[✓] [2026-04-27T00:52:43.408Z] Confirmed! Block: 1334615 | Gas: 126272 | Status: SUCCESS
[•] [2026-04-27T00:52:43.410Z] Jitter delay: 23331ms
[•] [2026-04-27T00:54:12.103Z] Bridging USDT | Amount: 0.00001 | Token: 0xfcc025A3E170DF62de0e25AF7CeAf1C89aBfe6E9
[•] [2026-04-27T00:54:12.104Z] Jitter delay: 21661ms
[✓] [2026-04-27T00:54:34.862Z] USDT already approved: 115792089237316195423570985008687907853269984665640564039457584007913129.639935
[•] [2026-04-27T00:54:35.772Z] Calldata: 0xd6d344a1...0000000000000000000a
[•] [2026-04-27T00:54:36.083Z] Estimated gas: 171206
[•] [2026-04-27T00:54:36.085Z] Sending tx... nonce: 415
[✓] [2026-04-27T00:54:36.765Z] Tx sent: 0xb11181e281c0041e857c1c78815c3d16339bfa79a01d2a9e70d2581fb4ea8b73
[•] [2026-04-27T00:54:36.765Z] Waiting confirmation...
[✓] [2026-04-27T00:54:38.684Z] Confirmed! Block: 1334638 | Gas: 166286 | Status: SUCCESS
[•] [2026-04-27T00:54:38.686Z] Jitter delay: 17820ms
[•] [2026-04-27T00:54:56.519Z] Bridging USDC | Amount: 0.00001 | Token: 0xe819EB5be34B20f1FEC012c0DAf960397A0Fb386
[•] [2026-04-27T00:54:56.521Z] Jitter delay: 11175ms
[✓] [2026-04-27T00:55:08.512Z] USDC already approved: 115792089237316195423570985008687907853269984665640564039457584007913129.639935
[•] [2026-04-27T00:55:09.299Z] Calldata: 0xd6d344a1...0000000000000000000a
[•] [2026-04-27T00:55:09.557Z] Estimated gas: 171206
[•] [2026-04-27T00:55:09.558Z] Sending tx... nonce: 416
[✓] [2026-04-27T00:55:10.138Z] Tx sent: 0xd433dacc6d5ecb78521ff09fa379c9e2a0603cf7c95526d21f8a740351fef1fa
[•] [2026-04-27T00:55:10.138Z] Waiting confirmation...
[✓] [2026-04-27T00:55:15.930Z] Confirmed! Block: 1334645 | Gas: 166286 | Status: SUCCESS
[•] [2026-04-27T00:55:15.935Z] Jitter delay: 6198ms
[•] [2026-04-27T00:55:22.163Z] Bridging DAI | Amount: 0.00001 | Token: 0xB96A869c74Be2eD561D95a77408505371F287d16
[•] [2026-04-27T00:55:22.165Z] Jitter delay: 5456ms
[✓] [2026-04-27T00:55:28.313Z] DAI already approved: 115792089237316195423570985008687907853269984665640564039457.584007913129639935
[•] [2026-04-27T00:55:29.067Z] Calldata: 0xd6d344a1...0000000009184e72a000
[•] [2026-04-27T00:55:29.323Z] Estimated gas: 171254
[•] [2026-04-27T00:55:29.324Z] Sending tx... nonce: 417
[✓] [2026-04-27T00:55:29.874Z] Tx sent: 0xebc9e2fd5bdaa89716b350307fcca3e8af25c1d3b1e67418a21986184a3bc85d
[•] [2026-04-27T00:55:29.874Z] Waiting confirmation...
[✓] [2026-04-27T00:55:35.525Z] Confirmed! Block: 1334649 | Gas: 166334 | Status: SUCCESS
[✓] [2026-04-27T00:55:35.528Z] Loop #8 completed
[•] [2026-04-27T00:55:35.529Z] Waiting 435s till next loop...
[•] [2026-04-27T01:02:51.463Z] ═══ Loop #9 ═══
[•] [2026-04-27T01:02:51.553Z] Bridging ETH | Amount: 0.0000001 | Token: 0x0000000000000000000000000000000000000000
[•] [2026-04-27T01:02:51.558Z] Jitter delay: 25945ms
[•] [2026-04-27T01:03:19.018Z] Calldata: 0xd6d344a1...0000000000174876e800
[•] [2026-04-27T01:03:19.235Z] Estimated gas: 131192
[•] [2026-04-27T01:03:19.236Z] Sending tx... nonce: 418
[✓] [2026-04-27T01:03:20.139Z] Tx sent: 0xf23fc4cb9020d2d827ce5622742bb00386a1962e1b23b1ce716ecc8110fef3ad
[•] [2026-04-27T01:03:20.140Z] Waiting confirmation...
[✓] [2026-04-27T01:03:25.985Z] Confirmed! Block: 1334743 | Gas: 126272 | Status: SUCCESS
[•] [2026-04-27T01:03:25.987Z] Jitter delay: 25443ms
[•] [2026-04-27T01:03:51.450Z] Bridging USDT | Amount: 0.00001 | Token: 0xfcc025A3E170DF62de0e25AF7CeAf1C89aBfe6E9
[•] [2026-04-27T01:03:51.451Z] Jitter delay: 26351ms
[✓] [2026-04-27T01:04:18.638Z] USDT already approved: 115792089237316195423570985008687907853269984665640564039457584007913129.639935
[•] [2026-04-27T01:04:19.405Z] Calldata: 0xd6d344a1...0000000000000000000a
[•] [2026-04-27T01:04:19.668Z] Estimated gas: 171206
[•] [2026-04-27T01:04:19.670Z] Sending tx... nonce: 419
[✓] [2026-04-27T01:04:20.210Z] Tx sent: 0xddedaae9f48ed323365a0fbd9f45c2608c37e2964482f44c450bebe1d5785dd4
[•] [2026-04-27T01:04:20.210Z] Waiting confirmation...
[✓] [2026-04-27T01:04:26.027Z] Confirmed! Block: 1334755 | Gas: 166286 | Status: SUCCESS
[•] [2026-04-27T01:04:26.040Z] Jitter delay: 26288ms
[•] [2026-04-27T01:04:52.353Z] Bridging USDC | Amount: 0.00001 | Token: 0xe819EB5be34B20f1FEC012c0DAf960397A0Fb386
[•] [2026-04-27T01:04:52.356Z] Jitter delay: 25660ms
[✓] [2026-04-27T01:05:18.760Z] USDC already approved: 115792089237316195423570985008687907853269984665640564039457584007913129.639935
[•] [2026-04-27T01:05:19.442Z] Calldata: 0xd6d344a1...0000000000000000000a
[•] [2026-04-27T01:05:19.711Z] Estimated gas: 171206
[•] [2026-04-27T01:05:19.712Z] Sending tx... nonce: 420
[✓] [2026-04-27T01:05:20.235Z] Tx sent: 0x3594f4f14f18de8c6c683dda1ffb554cb98965980f88fb70533b8e1a97a5d764
[•] [2026-04-27T01:05:20.236Z] Waiting confirmation...
[✓] [2026-04-27T01:05:25.868Z] Confirmed! Block: 1334767 | Gas: 166286 | Status: SUCCESS
[•] [2026-04-27T01:05:25.872Z] Jitter delay: 10090ms
[•] [2026-04-27T01:05:35.969Z] Bridging DAI | Amount: 0.00001 | Token: 0xB96A869c74Be2eD561D95a77408505371F287d16
[•] [2026-04-27T01:05:35.970Z] Jitter delay: 19542ms
[✓] [2026-04-27T01:05:56.235Z] DAI already approved: 115792089237316195423570985008687907853269984665640564039457.584007913129639935
[•] [2026-04-27T01:05:56.920Z] Calldata: 0xd6d344a1...0000000009184e72a000
[•] [2026-04-27T01:05:57.147Z] Estimated gas: 171254
[•] [2026-04-27T01:05:57.148Z] Sending tx... nonce: 421
[✓] [2026-04-27T01:05:57.659Z] Tx sent: 0xd4d3a7c5db878a308ac350c518f8593b9bf8d91105f0b20aeefd7220ca8b090b
[•] [2026-04-27T01:05:57.659Z] Waiting confirmation...
[✓] [2026-04-27T01:06:03.358Z] Confirmed! Block: 1334775 | Gas: 166334 | Status: SUCCESS
[✓] [2026-04-27T01:06:03.359Z] Loop #9 completed
[•] [2026-04-27T01:06:03.361Z] Waiting 324s till next loop...
[•] [2026-04-27T01:11:27.685Z] ═══ Loop #10 ═══
[•] [2026-04-27T01:11:27.733Z] Bridging ETH | Amount: 0.0000001 | Token: 0x0000000000000000000000000000000000000000
[•] [2026-04-27T01:11:27.734Z] Jitter delay: 22719ms
[•] [2026-04-27T01:11:52.128Z] Calldata: 0xd6d344a1...0000000000174876e800
[•] [2026-04-27T01:11:52.434Z] Estimated gas: 131192
[•] [2026-04-27T01:11:52.435Z] Sending tx... nonce: 422
[✓] [2026-04-27T01:11:53.026Z] Tx sent: 0xc05e5ea956367422d8a1ead12d3c7a189d8824ac21b5dde19ace67c5c24ea90c
[•] [2026-04-27T01:11:53.026Z] Waiting confirmation...
[✓] [2026-04-27T01:11:58.705Z] Confirmed! Block: 1334846 | Gas: 126272 | Status: SUCCESS
[•] [2026-04-27T01:11:58.708Z] Jitter delay: 22960ms
[•] [2026-04-27T01:12:21.688Z] Bridging USDT | Amount: 0.00001 | Token: 0xfcc025A3E170DF62de0e25AF7CeAf1C89aBfe6E9
[•] [2026-04-27T01:12:21.690Z] Jitter delay: 17292ms
[✓] [2026-04-27T01:12:40.089Z] USDT already approved: 115792089237316195423570985008687907853269984665640564039457584007913129.639935
[•] [2026-04-27T01:12:41.040Z] Calldata: 0xd6d344a1...0000000000000000000a
[•] [2026-04-27T01:12:41.348Z] Estimated gas: 171206
[•] [2026-04-27T01:12:41.350Z] Sending tx... nonce: 423
[✓] [2026-04-27T01:12:42.068Z] Tx sent: 0x4aa8701a189127aafd326dd4783b455b4d4e66ce11319fbd7a94b7792cfb7c54
[•] [2026-04-27T01:12:42.068Z] Waiting confirmation...
[✓] [2026-04-27T01:12:43.744Z] Confirmed! Block: 1334855 | Gas: 166286 | Status: SUCCESS
[•] [2026-04-27T01:12:43.750Z] Jitter delay: 14223ms
[•] [2026-04-27T01:12:57.984Z] Bridging USDC | Amount: 0.00001 | Token: 0xe819EB5be34B20f1FEC012c0DAf960397A0Fb386
[•] [2026-04-27T01:12:57.985Z] Jitter delay: 14862ms
[✓] [2026-04-27T01:13:13.625Z] USDC already approved: 115792089237316195423570985008687907853269984665640564039457584007913129.639935
[•] [2026-04-27T01:13:14.241Z] Calldata: 0xd6d344a1...0000000000000000000a
[•] [2026-04-27T01:13:14.461Z] Estimated gas: 171206
[•] [2026-04-27T01:13:14.462Z] Sending tx... nonce: 424
[✓] [2026-04-27T01:13:14.909Z] Tx sent: 0x12dba453453ac4a0d23147bddda52198059910b83ccc0235921903fe3a8a406a
[•] [2026-04-27T01:13:14.910Z] Waiting confirmation...
[✓] [2026-04-27T01:13:20.511Z] Confirmed! Block: 1334862 | Gas: 166286 | Status: SUCCESS
[•] [2026-04-27T01:13:20.516Z] Jitter delay: 18098ms
[•] [2026-04-27T01:13:38.627Z] Bridging DAI | Amount: 0.00001 | Token: 0xB96A869c74Be2eD561D95a77408505371F287d16
[•] [2026-04-27T01:13:38.628Z] Jitter delay: 22358ms
[✓] [2026-04-27T01:14:02.391Z] DAI already approved: 115792089237316195423570985008687907853269984665640564039457.584007913129639935
[•] [2026-04-27T01:14:03.074Z] Calldata: 0xd6d344a1...0000000009184e72a000
[•] [2026-04-27T01:14:03.304Z] Estimated gas: 171254
[•] [2026-04-27T01:14:03.306Z] Sending tx... nonce: 425
[✓] [2026-04-27T01:14:03.786Z] Tx sent: 0x82898dc5abd21ca6c08cbcff67ab1d6abb22c816be0e2f16f58c3a8c9a5c713d
[•] [2026-04-27T01:14:03.787Z] Waiting confirmation...
[✓] [2026-04-27T01:14:09.503Z] Confirmed! Block: 1334872 | Gas: 166334 | Status: SUCCESS
[✓] [2026-04-27T01:14:09.507Z] Loop #10 completed
[•] [2026-04-27T01:14:09.508Z] Waiting 350s till next loop...
[•] [2026-04-27T01:19:59.871Z] ═══ Loop #11 ═══
[•] [2026-04-27T01:19:59.883Z] Bridging ETH | Amount: 0.0000001 | Token: 0x0000000000000000000000000000000000000000
[•] [2026-04-27T01:19:59.883Z] Jitter delay: 8715ms
[•] [2026-04-27T01:20:10.927Z] Calldata: 0xd6d344a1...0000000000174876e800
[•] [2026-04-27T01:20:11.828Z] Estimated gas: 131192
[•] [2026-04-27T01:20:11.830Z] Sending tx... nonce: 426
[✓] [2026-04-27T01:20:13.264Z] Tx sent: 0xd535da297f372891bd3fc94ce2859e31506888411f98e0f5b6dc63ebedf5aa45
[•] [2026-04-27T01:20:13.265Z] Waiting confirmation...
[✓] [2026-04-27T01:20:21.802Z] Confirmed! Block: 1334946 | Gas: 126272 | Status: SUCCESS
[•] [2026-04-27T01:20:21.806Z] Jitter delay: 15355ms
[•] [2026-04-27T01:20:37.176Z] Bridging USDT | Amount: 0.00001 | Token: 0xfcc025A3E170DF62de0e25AF7CeAf1C89aBfe6E9
[•] [2026-04-27T01:20:37.177Z] Jitter delay: 6130ms
[✓] [2026-04-27T01:20:49.159Z] USDT already approved: 115792089237316195423570985008687907853269984665640564039457584007913129.639935
[•] [2026-04-27T01:20:50.693Z] Calldata: 0xd6d344a1...0000000000000000000a
[•] [2026-04-27T01:20:51.063Z] Estimated gas: 171206
[•] [2026-04-27T01:20:51.064Z] Sending tx... nonce: 427
[✓] [2026-04-27T01:20:52.364Z] Tx sent: 0x21bd07a6db334004170b947e472f673235507b8ba1bc8b1d3b4743e9177112ea
[•] [2026-04-27T01:20:52.364Z] Waiting confirmation...
[✓] [2026-04-27T01:20:56.021Z] Confirmed! Block: 1334953 | Gas: 166286 | Status: SUCCESS
[•] [2026-04-27T01:20:56.023Z] Jitter delay: 12583ms
[•] [2026-04-27T01:21:08.617Z] Bridging USDC | Amount: 0.00001 | Token: 0xe819EB5be34B20f1FEC012c0DAf960397A0Fb386
[•] [2026-04-27T01:21:08.619Z] Jitter delay: 12871ms
[✓] [2026-04-27T01:21:22.639Z] USDC already approved: 115792089237316195423570985008687907853269984665640564039457584007913129.639935
[•] [2026-04-27T01:21:23.417Z] Calldata: 0xd6d344a1...0000000000000000000a
[•] [2026-04-27T01:21:23.663Z] Estimated gas: 171206
[•] [2026-04-27T01:21:23.665Z] Sending tx... nonce: 428
[✓] [2026-04-27T01:21:24.308Z] Tx sent: 0x85688f7dc8647c51d52a0dcf9fdaf4f71b0b5c0a24608f1396619221cd14b27e
[•] [2026-04-27T01:21:24.310Z] Waiting confirmation...
[✓] [2026-04-27T01:21:31.484Z] Confirmed! Block: 1334960 | Gas: 166286 | Status: SUCCESS
[•] [2026-04-27T01:21:31.488Z] Jitter delay: 18633ms
[•] [2026-04-27T01:21:50.137Z] Bridging DAI | Amount: 0.00001 | Token: 0xB96A869c74Be2eD561D95a77408505371F287d16
[•] [2026-04-27T01:21:50.139Z] Jitter delay: 20430ms
[✓] [2026-04-27T01:22:11.861Z] DAI already approved: 115792089237316195423570985008687907853269984665640564039457.584007913129639935
[•] [2026-04-27T01:22:13.024Z] Calldata: 0xd6d344a1...0000000009184e72a000
[•] [2026-04-27T01:22:13.460Z] Estimated gas: 171254
[•] [2026-04-27T01:22:13.462Z] Sending tx... nonce: 429
[✓] [2026-04-27T01:22:14.436Z] Tx sent: 0xb947c11273d6dc7dc0a4460d2c17fbd8331badac04a86b49273ae0d44aa54e68
[•] [2026-04-27T01:22:14.437Z] Waiting confirmation...
[✓] [2026-04-27T01:22:20.890Z] Confirmed! Block: 1334970 | Gas: 166334 | Status: SUCCESS
[✓] [2026-04-27T01:22:20.893Z] Loop #11 completed
[•] [2026-04-27T01:22:20.896Z] Waiting 331s till next loop...
[•] [2026-04-27T01:27:52.535Z] ═══ Loop #12 ═══
[•] [2026-04-27T01:27:52.594Z] Bridging ETH | Amount: 0.0000001 | Token: 0x0000000000000000000000000000000000000000
[•] [2026-04-27T01:27:52.596Z] Jitter delay: 16646ms
[•] [2026-04-27T01:28:10.902Z] Calldata: 0xd6d344a1...0000000000174876e800
[•] [2026-04-27T01:28:11.180Z] Estimated gas: 131192
[•] [2026-04-27T01:28:11.181Z] Sending tx... nonce: 430
[✓] [2026-04-27T01:28:11.803Z] Tx sent: 0x77a5b2bdc1a33e75111a3dc5c85183310f090f8786513f53f2c3eb09769f6557
[•] [2026-04-27T01:28:11.804Z] Waiting confirmation...
[✓] [2026-04-27T01:28:13.121Z] Confirmed! Block: 1335041 | Gas: 126272 | Status: SUCCESS
[•] [2026-04-27T01:28:13.122Z] Jitter delay: 25312ms
[•] [2026-04-27T01:28:38.447Z] Bridging USDT | Amount: 0.00001 | Token: 0xfcc025A3E170DF62de0e25AF7CeAf1C89aBfe6E9
[•] [2026-04-27T01:28:38.448Z] Jitter delay: 14723ms
[✓] [2026-04-27T01:28:54.844Z] USDT already approved: 115792089237316195423570985008687907853269984665640564039457584007913129.639935
[•] [2026-04-27T01:28:56.233Z] Calldata: 0xd6d344a1...0000000000000000000a
[•] [2026-04-27T01:28:56.523Z] Estimated gas: 171206
[•] [2026-04-27T01:28:56.524Z] Sending tx... nonce: 431
[✓] [2026-04-27T01:28:57.129Z] Tx sent: 0xe585574b56955af1af340b3e79df638baf987163a39ca2a9f62956d5467199ac
[•] [2026-04-27T01:28:57.130Z] Waiting confirmation...
[✓] [2026-04-27T01:28:58.682Z] Confirmed! Block: 1335050 | Gas: 166286 | Status: SUCCESS
[•] [2026-04-27T01:28:58.683Z] Jitter delay: 8458ms
[•] [2026-04-27T01:29:07.148Z] Bridging USDC | Amount: 0.00001 | Token: 0xe819EB5be34B20f1FEC012c0DAf960397A0Fb386
[•] [2026-04-27T01:29:07.150Z] Jitter delay: 23768ms
[✓] [2026-04-27T01:29:34.879Z] USDC already approved: 115792089237316195423570985008687907853269984665640564039457584007913129.639935
[•] [2026-04-27T01:29:36.737Z] Calldata: 0xd6d344a1...0000000000000000000a
[•] [2026-04-27T01:29:37.258Z] Estimated gas: 171206
[•] [2026-04-27T01:29:37.259Z] Sending tx... nonce: 432
[✓] [2026-04-27T01:29:38.223Z] Tx sent: 0xc160e247bb25bafd1f9100e8bb4945155eb3c8daf86be5f367a44aea02bb3dba
[•] [2026-04-27T01:29:38.224Z] Waiting confirmation...
[✓] [2026-04-27T01:29:44.241Z] Confirmed! Block: 1335059 | Gas: 166286 | Status: SUCCESS
[•] [2026-04-27T01:29:44.247Z] Jitter delay: 22039ms
[•] [2026-04-27T01:30:06.299Z] Bridging DAI | Amount: 0.00001 | Token: 0xB96A869c74Be2eD561D95a77408505371F287d16
[•] [2026-04-27T01:30:06.300Z] Jitter delay: 6471ms
[✓] [2026-04-27T01:30:14.520Z] DAI already approved: 115792089237316195423570985008687907853269984665640564039457.584007913129639935
[•] [2026-04-27T01:30:15.458Z] Calldata: 0xd6d344a1...0000000009184e72a000
[•] [2026-04-27T01:30:15.793Z] Estimated gas: 171254
[•] [2026-04-27T01:30:15.794Z] Sending tx... nonce: 433
[✓] [2026-04-27T01:30:16.524Z] Tx sent: 0x704904262053b66da76bfc11c24629ef582e9d9e465106a353ddeab32abce605
[•] [2026-04-27T01:30:16.525Z] Waiting confirmation...
[✓] [2026-04-27T01:30:18.322Z] Confirmed! Block: 1335066 | Gas: 166334 | Status: SUCCESS
[✓] [2026-04-27T01:30:18.323Z] Loop #12 completed
[•] [2026-04-27T01:30:18.324Z] Waiting 464s till next loop...
[•] [2026-04-27T01:38:02.442Z] ═══ Loop #13 ═══
[•] [2026-04-27T01:38:02.467Z] Bridging ETH | Amount: 0.0000001 | Token: 0x0000000000000000000000000000000000000000
[•] [2026-04-27T01:38:02.467Z] Jitter delay: 8330ms
[•] [2026-04-27T01:38:12.639Z] Calldata: 0xd6d344a1...0000000000174876e800
[•] [2026-04-27T01:38:12.882Z] Estimated gas: 131192
[•] [2026-04-27T01:38:12.884Z] Sending tx... nonce: 434
[✓] [2026-04-27T01:38:13.458Z] Tx sent: 0x1c0f28031fe986a34463584559bd4d164fc000a298804d1b9d369011be8f42b7
[•] [2026-04-27T01:38:13.459Z] Waiting confirmation...
[✓] [2026-04-27T01:38:19.126Z] Confirmed! Block: 1335162 | Gas: 126272 | Status: SUCCESS
[•] [2026-04-27T01:38:19.129Z] Jitter delay: 14860ms
[•] [2026-04-27T01:38:34.002Z] Bridging USDT | Amount: 0.00001 | Token: 0xfcc025A3E170DF62de0e25AF7CeAf1C89aBfe6E9
[•] [2026-04-27T01:38:34.005Z] Jitter delay: 7645ms
[✓] [2026-04-27T01:38:43.787Z] USDT already approved: 115792089237316195423570985008687907853269984665640564039457584007913129.639935
[•] [2026-04-27T01:38:47.993Z] Calldata: 0xd6d344a1...0000000000000000000a
[•] [2026-04-27T01:38:48.825Z] Estimated gas: 171206
[•] [2026-04-27T01:38:48.830Z] Sending tx... nonce: 435
[✓] [2026-04-27T01:38:50.064Z] Tx sent: 0xaa22e0d8327d163cd8a7cd1e87f6911a0e2878280b4a3d53a15b28b8d316c215
[•] [2026-04-27T01:38:50.065Z] Waiting confirmation...
[✓] [2026-04-27T01:38:56.991Z] Confirmed! Block: 1335169 | Gas: 166286 | Status: SUCCESS
[•] [2026-04-27T01:38:56.995Z] Jitter delay: 19510ms
[•] [2026-04-27T01:39:16.523Z] Bridging USDC | Amount: 0.00001 | Token: 0xe819EB5be34B20f1FEC012c0DAf960397A0Fb386
[•] [2026-04-27T01:39:16.524Z] Jitter delay: 18248ms
[✓] [2026-04-27T01:39:35.400Z] USDC already approved: 115792089237316195423570985008687907853269984665640564039457584007913129.639935
[•] [2026-04-27T01:39:36.087Z] Calldata: 0xd6d344a1...0000000000000000000a
[•] [2026-04-27T01:39:36.313Z] Estimated gas: 171206
[•] [2026-04-27T01:39:36.314Z] Sending tx... nonce: 436
[✓] [2026-04-27T01:39:36.804Z] Tx sent: 0x4242b65f31c0cbce8a1b8b64892820cfe9daf26fc2c82a13e137c9b0b86871cd
[•] [2026-04-27T01:39:36.805Z] Waiting confirmation...
[✓] [2026-04-27T01:39:42.399Z] Confirmed! Block: 1335178 | Gas: 166286 | Status: SUCCESS
[•] [2026-04-27T01:39:42.402Z] Jitter delay: 6387ms
[•] [2026-04-27T01:39:48.803Z] Bridging DAI | Amount: 0.00001 | Token: 0xB96A869c74Be2eD561D95a77408505371F287d16
[•] [2026-04-27T01:39:48.804Z] Jitter delay: 14387ms
[✓] [2026-04-27T01:40:03.907Z] DAI already approved: 115792089237316195423570985008687907853269984665640564039457.584007913129639935
[•] [2026-04-27T01:40:04.669Z] Calldata: 0xd6d344a1...0000000009184e72a000
[•] [2026-04-27T01:40:04.900Z] Estimated gas: 171254
[•] [2026-04-27T01:40:04.902Z] Sending tx... nonce: 437
[✓] [2026-04-27T01:40:05.431Z] Tx sent: 0xc5b4d79b7fd36ea0b3db025d1933719b23eb5a328b742df330b4c2c0abf6cc90
[•] [2026-04-27T01:40:05.432Z] Waiting confirmation...
[✓] [2026-04-27T01:40:10.833Z] Confirmed! Block: 1335184 | Gas: 166334 | Status: SUCCESS
[✓] [2026-04-27T01:40:10.834Z] Loop #13 completed
[•] [2026-04-27T01:40:10.836Z] Waiting 527s till next loop...
[•] [2026-04-27T01:48:58.487Z] ═══ Loop #14 ═══
[•] [2026-04-27T01:48:58.555Z] Bridging ETH | Amount: 0.0000001 | Token: 0x0000000000000000000000000000000000000000
[•] [2026-04-27T01:48:58.557Z] Jitter delay: 8296ms
[•] [2026-04-27T01:49:08.763Z] Calldata: 0xd6d344a1...0000000000174876e800
[•] [2026-04-27T01:49:09.056Z] Estimated gas: 131192
[•] [2026-04-27T01:49:09.057Z] Sending tx... nonce: 438
[✓] [2026-04-27T01:49:09.744Z] Tx sent: 0x3eac3ccbecfc05b34c16318268748f0143715d86aad48149c9863cb205e1a4f2
[•] [2026-04-27T01:49:09.744Z] Waiting confirmation...
[✓] [2026-04-27T01:49:16.177Z] Confirmed! Block: 1335293 | Gas: 126272 | Status: SUCCESS
[•] [2026-04-27T01:49:16.180Z] Jitter delay: 25205ms
[•] [2026-04-27T01:49:41.397Z] Bridging USDT | Amount: 0.00001 | Token: 0xfcc025A3E170DF62de0e25AF7CeAf1C89aBfe6E9
[•] [2026-04-27T01:49:41.399Z] Jitter delay: 5686ms
[✓] [2026-04-27T01:49:48.067Z] USDT already approved: 115792089237316195423570985008687907853269984665640564039457584007913129.639935
[•] [2026-04-27T01:49:48.882Z] Calldata: 0xd6d344a1...0000000000000000000a
[•] [2026-04-27T01:49:49.122Z] Estimated gas: 171206
[•] [2026-04-27T01:49:49.123Z] Sending tx... nonce: 439
[✓] [2026-04-27T01:49:49.670Z] Tx sent: 0x59911385f41b9ae94096439dbe83977d0b426ae8851771195be12b2a72eafedc
[•] [2026-04-27T01:49:49.671Z] Waiting confirmation...
[✓] [2026-04-27T01:49:55.463Z] Confirmed! Block: 1335301 | Gas: 166286 | Status: SUCCESS
[•] [2026-04-27T01:49:55.469Z] Jitter delay: 9425ms
[•] [2026-04-27T01:50:04.899Z] Bridging USDC | Amount: 0.00001 | Token: 0xe819EB5be34B20f1FEC012c0DAf960397A0Fb386
[•] [2026-04-27T01:50:04.900Z] Jitter delay: 11663ms
[✓] [2026-04-27T01:50:17.380Z] USDC already approved: 115792089237316195423570985008687907853269984665640564039457584007913129.639935
[•] [2026-04-27T01:50:18.244Z] Calldata: 0xd6d344a1...0000000000000000000a
[•] [2026-04-27T01:50:19.270Z] Estimated gas: 171206
[•] [2026-04-27T01:50:19.270Z] Sending tx... nonce: 440
[✓] [2026-04-27T01:50:19.982Z] Tx sent: 0x448fe608cdca3c8b12ca07ecd1c22af74e7e643044f5587c4a3e716330d04f1a
[•] [2026-04-27T01:50:19.983Z] Waiting confirmation...
[✓] [2026-04-27T01:50:23.553Z] Confirmed! Block: 1335307 | Gas: 166286 | Status: SUCCESS
[•] [2026-04-27T01:50:23.555Z] Jitter delay: 14973ms
[•] [2026-04-27T01:50:38.541Z] Bridging DAI | Amount: 0.00001 | Token: 0xB96A869c74Be2eD561D95a77408505371F287d16
[•] [2026-04-27T01:50:38.542Z] Jitter delay: 15100ms
[✓] [2026-04-27T01:50:54.543Z] DAI already approved: 115792089237316195423570985008687907853269984665640564039457.584007913129639935
[•] [2026-04-27T01:50:55.515Z] Calldata: 0xd6d344a1...0000000009184e72a000
[•] [2026-04-27T01:50:56.061Z] Estimated gas: 171254
[•] [2026-04-27T01:50:56.062Z] Sending tx... nonce: 441
[✓] [2026-04-27T01:50:57.037Z] Tx sent: 0xac999ab3d142c58d02fd17d8d1b8783d4b59e847f79838e5558b3b58cba41a75
[•] [2026-04-27T01:50:57.038Z] Waiting confirmation...
[✓] [2026-04-27T01:50:58.736Z] Confirmed! Block: 1335314 | Gas: 166334 | Status: SUCCESS
[✓] [2026-04-27T01:50:58.737Z] Loop #14 completed
[•] [2026-04-27T01:50:58.737Z] Waiting 364s till next loop...
[•] [2026-04-27T01:57:02.981Z] ═══ Loop #15 ═══
[•] [2026-04-27T01:57:03.043Z] Bridging ETH | Amount: 0.0000001 | Token: 0x0000000000000000000000000000000000000000
[•] [2026-04-27T01:57:03.045Z] Jitter delay: 21346ms
[•] [2026-04-27T01:57:25.878Z] Calldata: 0xd6d344a1...0000000000174876e800
[•] [2026-04-27T01:57:26.101Z] Estimated gas: 131192
[•] [2026-04-27T01:57:26.102Z] Sending tx... nonce: 442
[✓] [2026-04-27T01:57:26.723Z] Tx sent: 0x70f345b6857ca96b0715ac82fb5b08714239050534f8cf736c7905faee3e9245
[•] [2026-04-27T01:57:26.724Z] Waiting confirmation...
[✓] [2026-04-27T01:57:32.310Z] Confirmed! Block: 1335392 | Gas: 126272 | Status: SUCCESS
[•] [2026-04-27T01:57:32.311Z] Jitter delay: 14135ms
[•] [2026-04-27T01:57:46.454Z] Bridging USDT | Amount: 0.00001 | Token: 0xfcc025A3E170DF62de0e25AF7CeAf1C89aBfe6E9
[•] [2026-04-27T01:57:46.455Z] Jitter delay: 26826ms
[✓] [2026-04-27T01:58:14.035Z] USDT already approved: 115792089237316195423570985008687907853269984665640564039457584007913129.639935
[•] [2026-04-27T01:58:14.761Z] Calldata: 0xd6d344a1...0000000000000000000a
[•] [2026-04-27T01:58:14.987Z] Estimated gas: 171206
[•] [2026-04-27T01:58:14.988Z] Sending tx... nonce: 443
[✓] [2026-04-27T01:58:15.641Z] Tx sent: 0x2aa3a791cc7864cf27411077aa4f46a7116ab0defa524a652f75cd364cbb53cc
[•] [2026-04-27T01:58:15.641Z] Waiting confirmation...
[✓] [2026-04-27T01:58:21.339Z] Confirmed! Block: 1335402 | Gas: 166286 | Status: SUCCESS
[•] [2026-04-27T01:58:21.343Z] Jitter delay: 9652ms
[•] [2026-04-27T01:58:31.003Z] Bridging USDC | Amount: 0.00001 | Token: 0xe819EB5be34B20f1FEC012c0DAf960397A0Fb386
[•] [2026-04-27T01:58:31.006Z] Jitter delay: 20225ms
[✓] [2026-04-27T01:58:52.120Z] USDC already approved: 115792089237316195423570985008687907853269984665640564039457584007913129.639935
[•] [2026-04-27T01:58:52.915Z] Calldata: 0xd6d344a1...0000000000000000000a
[•] [2026-04-27T01:58:53.178Z] Estimated gas: 171206
[•] [2026-04-27T01:58:53.179Z] Sending tx... nonce: 444
[✓] [2026-04-27T01:58:53.747Z] Tx sent: 0x70c4a853621cca3cc64aec48432c97f51b1b511931cb353ab5cf317f1783f888
[•] [2026-04-27T01:58:53.748Z] Waiting confirmation...
[✓] [2026-04-27T01:58:59.736Z] Confirmed! Block: 1335410 | Gas: 166286 | Status: SUCCESS
[•] [2026-04-27T01:58:59.737Z] Jitter delay: 27412ms
[•] [2026-04-27T01:59:27.170Z] Bridging DAI | Amount: 0.00001 | Token: 0xB96A869c74Be2eD561D95a77408505371F287d16
[•] [2026-04-27T01:59:27.170Z] Jitter delay: 23726ms
[✓] [2026-04-27T01:59:51.778Z] DAI already approved: 115792089237316195423570985008687907853269984665640564039457.584007913129639935
[•] [2026-04-27T01:59:52.638Z] Calldata: 0xd6d344a1...0000000009184e72a000
[•] [2026-04-27T01:59:52.903Z] Estimated gas: 171254
[•] [2026-04-27T01:59:52.904Z] Sending tx... nonce: 445
[✓] [2026-04-27T01:59:53.539Z] Tx sent: 0x95a2e8859faa789d9cecd214afadcc3247e1290ee08413b49af330ea9147d18e
[•] [2026-04-27T01:59:53.539Z] Waiting confirmation...
[✓] [2026-04-27T01:59:59.551Z] Confirmed! Block: 1335422 | Gas: 166334 | Status: SUCCESS
[✓] [2026-04-27T01:59:59.555Z] Loop #15 completed
[•] [2026-04-27T01:59:59.556Z] Waiting 542s till next loop...
[•] [2026-04-27T02:16:57.854Z] ═══ Loop #16 ═══
[•] [2026-04-27T02:16:57.956Z] Bridging ETH | Amount: 0.0000001 | Token: 0x0000000000000000000000000000000000000000
[•] [2026-04-27T02:16:57.958Z] Jitter delay: 10845ms
[•] [2026-04-27T02:17:36.273Z] Calldata: 0xd6d344a1...0000000000174876e800
[•] [2026-04-27T02:17:36.533Z] Estimated gas: 131192
[•] [2026-04-27T02:17:36.534Z] Sending tx... nonce: 446
[✓] [2026-04-27T02:17:37.087Z] Tx sent: 0x73dcaa9aa06189929848962c896769c7f857c0bf9daf650969ae28283d13f90e
[•] [2026-04-27T02:17:37.088Z] Waiting confirmation...
[✓] [2026-04-27T02:17:38.346Z] Confirmed! Block: 1335634 | Gas: 126272 | Status: SUCCESS
[•] [2026-04-27T02:17:38.349Z] Jitter delay: 20900ms
[•] [2026-04-27T02:17:59.313Z] Bridging USDT | Amount: 0.00001 | Token: 0xfcc025A3E170DF62de0e25AF7CeAf1C89aBfe6E9
[•] [2026-04-27T02:17:59.421Z] Jitter delay: 17184ms
[✓] [2026-04-27T02:18:17.716Z] USDT already approved: 115792089237316195423570985008687907853269984665640564039457584007913129.639935
[•] [2026-04-27T02:18:18.435Z] Calldata: 0xd6d344a1...0000000000000000000a
[•] [2026-04-27T02:18:18.701Z] Estimated gas: 171206
[•] [2026-04-27T02:18:18.702Z] Sending tx... nonce: 447
[✓] [2026-04-27T02:18:19.267Z] Tx sent: 0xd871cb5fc5f9b2ea74f20bb9e2295bda2b34afbb232178fb79eff685f384ff41
[•] [2026-04-27T02:18:19.268Z] Waiting confirmation...
[✓] [2026-04-27T02:18:25.485Z] Confirmed! Block: 1335643 | Gas: 166286 | Status: SUCCESS
[•] [2026-04-27T02:18:25.488Z] Jitter delay: 25410ms
[•] [2026-04-27T02:18:50.942Z] Bridging USDC | Amount: 0.00001 | Token: 0xe819EB5be34B20f1FEC012c0DAf960397A0Fb386
[•] [2026-04-27T02:18:50.972Z] Jitter delay: 25871ms
[✓] [2026-04-27T02:19:17.776Z] USDC already approved: 115792089237316195423570985008687907853269984665640564039457584007913129.639935
[•] [2026-04-27T02:19:18.494Z] Calldata: 0xd6d344a1...0000000000000000000a
[•] [2026-04-27T02:19:18.750Z] Estimated gas: 171206
[•] [2026-04-27T02:19:18.754Z] Sending tx... nonce: 448
[✓] [2026-04-27T02:19:19.338Z] Tx sent: 0x306d0b9ef4f2ed1af14e4bd5d5d8dea0275862696862da3985e48b3ac762be42
[•] [2026-04-27T02:19:19.338Z] Waiting confirmation...
[✓] [2026-04-27T02:19:25.227Z] Confirmed! Block: 1335655 | Gas: 166286 | Status: SUCCESS
[•] [2026-04-27T02:19:25.229Z] Jitter delay: 28440ms
[•] [2026-04-27T02:19:53.692Z] Bridging DAI | Amount: 0.00001 | Token: 0xB96A869c74Be2eD561D95a77408505371F287d16
[•] [2026-04-27T02:19:53.693Z] Jitter delay: 7190ms
[✓] [2026-04-27T02:20:01.577Z] DAI already approved: 115792089237316195423570985008687907853269984665640564039457.584007913129639935
[•] [2026-04-27T02:20:02.302Z] Calldata: 0xd6d344a1...0000000009184e72a000
[•] [2026-04-27T02:20:02.538Z] Estimated gas: 171254
[•] [2026-04-27T02:20:02.538Z] Sending tx... nonce: 449
[✓] [2026-04-27T02:20:03.041Z] Tx sent: 0xf75fffef36ac80d35cab491fbe6465183bd21a567d852c28afdd9645da5e42dd
[•] [2026-04-27T02:20:03.042Z] Waiting confirmation...
[✓] [2026-04-27T02:20:08.936Z] Confirmed! Block: 1335664 | Gas: 166334 | Status: SUCCESS
[✓] [2026-04-27T02:20:08.938Z] Loop #16 completed
[•] [2026-04-27T02:20:08.938Z] Waiting 581s till next loop...
[•] [2026-04-27T02:29:50.735Z] ═══ Loop #17 ═══
[•] [2026-04-27T02:29:50.855Z] Bridging ETH | Amount: 0.0000001 | Token: 0x0000000000000000000000000000000000000000
[•] [2026-04-27T02:29:50.856Z] Jitter delay: 6193ms
[•] [2026-04-27T02:29:58.503Z] Calldata: 0xd6d344a1...0000000000174876e800
[•] [2026-04-27T02:29:58.755Z] Estimated gas: 131192
[•] [2026-04-27T02:29:58.756Z] Sending tx... nonce: 450
[✓] [2026-04-27T02:29:59.261Z] Tx sent: 0xad91f9fbb21008cfc245936c857608e48b77d6318bfd6f3dad0e783c18c16459
[•] [2026-04-27T02:29:59.262Z] Waiting confirmation...
[✓] [2026-04-27T02:30:04.823Z] Confirmed! Block: 1335783 | Gas: 126272 | Status: SUCCESS
[•] [2026-04-27T02:30:04.838Z] Jitter delay: 27413ms
[•] [2026-04-27T02:30:32.289Z] Bridging USDT | Amount: 0.00001 | Token: 0xfcc025A3E170DF62de0e25AF7CeAf1C89aBfe6E9
[•] [2026-04-27T02:30:32.311Z] Jitter delay: 11862ms
[✓] [2026-04-27T02:30:45.172Z] USDT already approved: 115792089237316195423570985008687907853269984665640564039457584007913129.639935
[•] [2026-04-27T02:30:46.034Z] Calldata: 0xd6d344a1...0000000000000000000a
[•] [2026-04-27T02:30:46.305Z] Estimated gas: 171206
[•] [2026-04-27T02:30:46.306Z] Sending tx... nonce: 451
[✓] [2026-04-27T02:30:46.974Z] Tx sent: 0xe8cbd3b6cad156cb7f91a682a7131f14a463efe251914501eb3fbd79c90c3b5e
[•] [2026-04-27T02:30:46.975Z] Waiting confirmation...
[✓] [2026-04-27T02:30:48.838Z] Confirmed! Block: 1335792 | Gas: 166286 | Status: SUCCESS
[•] [2026-04-27T02:30:48.840Z] Jitter delay: 12918ms
[•] [2026-04-27T02:31:01.764Z] Bridging USDC | Amount: 0.00001 | Token: 0xe819EB5be34B20f1FEC012c0DAf960397A0Fb386
[•] [2026-04-27T02:31:01.766Z] Jitter delay: 7967ms
[✓] [2026-04-27T02:31:11.010Z] USDC already approved: 115792089237316195423570985008687907853269984665640564039457584007913129.639935
[•] [2026-04-27T02:31:11.760Z] Calldata: 0xd6d344a1...0000000000000000000a
[•] [2026-04-27T02:31:12.049Z] Estimated gas: 171206
[•] [2026-04-27T02:31:12.049Z] Sending tx... nonce: 452
[✓] [2026-04-27T02:31:12.644Z] Tx sent: 0xbb900c194ab9846e4693aafdb7a20033160814dbceb6431433227c97ef5b46d4
[•] [2026-04-27T02:31:12.644Z] Waiting confirmation...
[✓] [2026-04-27T02:31:14.130Z] Confirmed! Block: 1335797 | Gas: 166286 | Status: SUCCESS
[•] [2026-04-27T02:31:14.131Z] Jitter delay: 5035ms
[•] [2026-04-27T02:31:19.168Z] Bridging DAI | Amount: 0.00001 | Token: 0xB96A869c74Be2eD561D95a77408505371F287d16
[•] [2026-04-27T02:31:19.169Z] Jitter delay: 6795ms
[✓] [2026-04-27T02:31:26.633Z] DAI already approved: 115792089237316195423570985008687907853269984665640564039457.584007913129639935
[•] [2026-04-27T02:31:27.306Z] Calldata: 0xd6d344a1...0000000009184e72a000
[•] [2026-04-27T02:31:27.518Z] Estimated gas: 171254
[•] [2026-04-27T02:31:27.519Z] Sending tx... nonce: 453
[✓] [2026-04-27T02:31:28.035Z] Tx sent: 0xef1bca2ff512d1171e2e39944b721b9f6dea6380b6c25f3a7ab584fa451e1044
[•] [2026-04-27T02:31:28.036Z] Waiting confirmation...
[✓] [2026-04-27T02:31:33.880Z] Confirmed! Block: 1335801 | Gas: 166334 | Status: SUCCESS
[✓] [2026-04-27T02:31:33.884Z] Loop #17 completed
[•] [2026-04-27T02:31:33.885Z] Waiting 594s till next loop...
[•] [2026-04-27T02:41:28.275Z] ═══ Loop #18 ═══
[•] [2026-04-27T02:41:28.292Z] Bridging ETH | Amount: 0.0000001 | Token: 0x0000000000000000000000000000000000000000
[•] [2026-04-27T02:41:28.294Z] Jitter delay: 9232ms
[•] [2026-04-27T02:41:38.974Z] Calldata: 0xd6d344a1...0000000000174876e800
[•] [2026-04-27T02:41:39.224Z] Estimated gas: 131192
[•] [2026-04-27T02:41:39.224Z] Sending tx... nonce: 454
[✓] [2026-04-27T02:41:39.718Z] Tx sent: 0xe6df471db648d0ee2b256adccc60ba2c94380c392d19aa6115137e1f7ad2452b
[•] [2026-04-27T02:41:39.719Z] Waiting confirmation...
[✓] [2026-04-27T02:41:46.102Z] Confirmed! Block: 1335923 | Gas: 126272 | Status: SUCCESS
[•] [2026-04-27T02:41:46.103Z] Jitter delay: 16171ms
[•] [2026-04-27T02:42:02.283Z] Bridging USDT | Amount: 0.00001 | Token: 0xfcc025A3E170DF62de0e25AF7CeAf1C89aBfe6E9
[•] [2026-04-27T02:42:02.284Z] Jitter delay: 11110ms
[✓] [2026-04-27T02:42:14.940Z] USDT already approved: 115792089237316195423570985008687907853269984665640564039457584007913129.639935
[•] [2026-04-27T02:42:15.737Z] Calldata: 0xd6d344a1...0000000000000000000a
[•] [2026-04-27T02:42:16.062Z] Estimated gas: 171206
[•] [2026-04-27T02:42:16.063Z] Sending tx... nonce: 455
[✓] [2026-04-27T02:42:16.634Z] Tx sent: 0xc37eea55066badc303896e8bd1ec78b34840ce983173987a26b8faa4a7549c48
[•] [2026-04-27T02:42:16.634Z] Waiting confirmation...
[✓] [2026-04-27T02:42:22.384Z] Confirmed! Block: 1335930 | Gas: 166286 | Status: SUCCESS
[•] [2026-04-27T02:42:22.386Z] Jitter delay: 5746ms
[•] [2026-04-27T02:42:28.134Z] Bridging USDC | Amount: 0.00001 | Token: 0xe819EB5be34B20f1FEC012c0DAf960397A0Fb386
[•] [2026-04-27T02:42:28.135Z] Jitter delay: 5434ms
[✓] [2026-04-27T02:42:34.183Z] USDC already approved: 115792089237316195423570985008687907853269984665640564039457584007913129.639935
[•] [2026-04-27T02:42:34.964Z] Calldata: 0xd6d344a1...0000000000000000000a
[•] [2026-04-27T02:42:35.261Z] Estimated gas: 171206
[•] [2026-04-27T02:42:35.261Z] Sending tx... nonce: 456
[✓] [2026-04-27T02:42:35.728Z] Tx sent: 0xef0fb020aab2ccaba3518ac6b27cb97fc9a25e279a5f62a3be31674523f8f437
[•] [2026-04-27T02:42:35.728Z] Waiting confirmation...
[✓] [2026-04-27T02:42:41.200Z] Confirmed! Block: 1335934 | Gas: 166286 | Status: SUCCESS
[•] [2026-04-27T02:42:41.203Z] Jitter delay: 26541ms
[•] [2026-04-27T02:43:07.770Z] Bridging DAI | Amount: 0.00001 | Token: 0xB96A869c74Be2eD561D95a77408505371F287d16
[•] [2026-04-27T02:43:07.771Z] Jitter delay: 11162ms
[✓] [2026-04-27T02:43:19.762Z] DAI already approved: 115792089237316195423570985008687907853269984665640564039457.584007913129639935
[•] [2026-04-27T02:43:20.504Z] Calldata: 0xd6d344a1...0000000009184e72a000
[•] [2026-04-27T02:43:20.742Z] Estimated gas: 171254
[•] [2026-04-27T02:43:20.742Z] Sending tx... nonce: 457
[✓] [2026-04-27T02:43:21.278Z] Tx sent: 0x78eb385aebf47262c1aedebca739ec8ceccf92f3fe1d80f01e533aab24a0fd8f
[•] [2026-04-27T02:43:21.278Z] Waiting confirmation...
[✓] [2026-04-27T02:43:27.018Z] Confirmed! Block: 1335943 | Gas: 166334 | Status: SUCCESS
[✓] [2026-04-27T02:43:27.019Z] Loop #18 completed
[•] [2026-04-27T02:43:27.020Z] Waiting 368s till next loop...
[•] [2026-04-27T02:49:35.317Z] ═══ Loop #19 ═══
[•] [2026-04-27T02:49:35.466Z] Bridging ETH | Amount: 0.0000001 | Token: 0x0000000000000000000000000000000000000000
[•] [2026-04-27T02:49:35.468Z] Jitter delay: 7532ms
[•] [2026-04-27T02:50:06.093Z] Calldata: 0xd6d344a1...0000000000174876e800
[•] [2026-04-27T02:50:06.415Z] Estimated gas: 131192
[•] [2026-04-27T02:50:06.417Z] Sending tx... nonce: 458
[✓] [2026-04-27T02:50:07.293Z] Tx sent: 0x934d4e4a81aaba95c0939f2a29a67dd59c62787624fc9de21e1c0b190a4b8ac8
[•] [2026-04-27T02:50:07.294Z] Waiting confirmation...
[✓] [2026-04-27T02:50:09.454Z] Confirmed! Block: 1336024 | Gas: 126272 | Status: SUCCESS
[•] [2026-04-27T02:50:09.456Z] Jitter delay: 26015ms
[•] [2026-04-27T02:50:58.864Z] Bridging USDT | Amount: 0.00001 | Token: 0xfcc025A3E170DF62de0e25AF7CeAf1C89aBfe6E9
[•] [2026-04-27T02:50:58.866Z] Jitter delay: 10861ms
[✓] [2026-04-27T02:53:11.957Z] USDT already approved: 115792089237316195423570985008687907853269984665640564039457584007913129.639935
[•] [2026-04-27T02:53:12.834Z] Calldata: 0xd6d344a1...0000000000000000000a
[•] [2026-04-27T02:53:13.100Z] Estimated gas: 171206
[•] [2026-04-27T02:53:13.101Z] Sending tx... nonce: 459
[✓] [2026-04-27T02:53:13.661Z] Tx sent: 0x30d70f03fbb9f8bb91145e73ca054c489d6c2ca65f7e7327636bd4e842914966
[•] [2026-04-27T02:53:13.661Z] Waiting confirmation...
[✓] [2026-04-27T02:53:19.788Z] Confirmed! Block: 1336062 | Gas: 166286 | Status: SUCCESS
[•] [2026-04-27T02:53:19.792Z] Jitter delay: 5309ms
[•] [2026-04-27T02:53:25.104Z] Bridging USDC | Amount: 0.00001 | Token: 0xe819EB5be34B20f1FEC012c0DAf960397A0Fb386
[•] [2026-04-27T02:53:25.105Z] Jitter delay: 10067ms
[✓] [2026-04-27T02:54:22.973Z] USDC already approved: 115792089237316195423570985008687907853269984665640564039457584007913129.639935
[•] [2026-04-27T02:54:23.779Z] Calldata: 0xd6d344a1...0000000000000000000a
[•] [2026-04-27T02:54:24.176Z] Estimated gas: 171206
[•] [2026-04-27T02:54:24.177Z] Sending tx... nonce: 460
[✓] [2026-04-27T02:54:24.865Z] Tx sent: 0xb6f14be6410d31c1c7973317ef757c4f467d7fdc5286257370e00ee740dcdcf6
[•] [2026-04-27T02:54:24.865Z] Waiting confirmation...
[✓] [2026-04-27T02:55:06.912Z] Confirmed! Block: 1336076 | Gas: 166286 | Status: SUCCESS
[•] [2026-04-27T02:55:06.916Z] Jitter delay: 14337ms
[•] [2026-04-27T02:56:29.143Z] Bridging DAI | Amount: 0.00001 | Token: 0xB96A869c74Be2eD561D95a77408505371F287d16
[•] [2026-04-27T02:56:29.145Z] Jitter delay: 26853ms
[✓] [2026-04-27T03:00:51.673Z] DAI already approved: 115792089237316195423570985008687907853269984665640564039457.584007913129639935
[•] [2026-04-27T03:00:52.381Z] Calldata: 0xd6d344a1...0000000009184e72a000
[•] [2026-04-27T03:00:52.615Z] Estimated gas: 171254
[•] [2026-04-27T03:00:52.616Z] Sending tx... nonce: 461
[✓] [2026-04-27T03:00:53.331Z] Tx sent: 0x027537f6ef0f802da94310f90a8053337f6a04a87e4f8878a89fe50ab0f46b26
[•] [2026-04-27T03:00:53.332Z] Waiting confirmation...
[✓] [2026-04-27T03:00:59.390Z] Confirmed! Block: 1336154 | Gas: 166334 | Status: SUCCESS
[✓] [2026-04-27T03:00:59.392Z] Loop #19 completed
[•] [2026-04-27T03:00:59.395Z] Waiting 367s till next loop...
[•] [2026-04-27T03:08:02.820Z] ═══ Loop #20 ═══
[•] [2026-04-27T03:08:02.954Z] Bridging ETH | Amount: 0.0000001 | Token: 0x0000000000000000000000000000000000000000
[•] [2026-04-27T03:08:02.956Z] Jitter delay: 23000ms
[•] [2026-04-27T03:08:28.135Z] Calldata: 0xd6d344a1...0000000000174876e800
[•] [2026-04-27T03:08:28.783Z] Estimated gas: 131192
[•] [2026-04-27T03:08:28.785Z] Sending tx... nonce: 462
[✓] [2026-04-27T03:08:30.083Z] Tx sent: 0xe0043398cf569d3312661d43e0a63fdc91ae2e0062ec7c3b197a731eb9b8afb3
[•] [2026-04-27T03:08:30.084Z] Waiting confirmation...
[✓] [2026-04-27T03:08:37.571Z] Confirmed! Block: 1336245 | Gas: 126272 | Status: SUCCESS
[•] [2026-04-27T03:08:37.574Z] Jitter delay: 12450ms
[•] [2026-04-27T03:08:50.027Z] Bridging USDT | Amount: 0.00001 | Token: 0xfcc025A3E170DF62de0e25AF7CeAf1C89aBfe6E9
[•] [2026-04-27T03:08:50.028Z] Jitter delay: 5655ms
[✓] [2026-04-27T03:08:57.242Z] USDT already approved: 115792089237316195423570985008687907853269984665640564039457584007913129.639935
[•] [2026-04-27T03:08:58.318Z] Calldata: 0xd6d344a1...0000000000000000000a
[•] [2026-04-27T03:08:58.745Z] Estimated gas: 171206
[•] [2026-04-27T03:08:58.746Z] Sending tx... nonce: 463
[✓] [2026-04-27T03:08:59.330Z] Tx sent: 0x97839ae509a816432f687af928bc07955643622fbefd2bd2d3a4f1b390f06cfa
[•] [2026-04-27T03:08:59.331Z] Waiting confirmation...
[✓] [2026-04-27T03:09:11.138Z] Confirmed! Block: 1336251 | Gas: 166286 | Status: SUCCESS
[•] [2026-04-27T03:09:11.139Z] Jitter delay: 14489ms
[•] [2026-04-27T03:09:25.636Z] Bridging USDC | Amount: 0.00001 | Token: 0xe819EB5be34B20f1FEC012c0DAf960397A0Fb386
[•] [2026-04-27T03:09:25.637Z] Jitter delay: 5696ms
[✓] [2026-04-27T03:09:32.089Z] USDC already approved: 115792089237316195423570985008687907853269984665640564039457584007913129.639935
[•] [2026-04-27T03:09:32.782Z] Calldata: 0xd6d344a1...0000000000000000000a
[•] [2026-04-27T03:09:33.068Z] Estimated gas: 171206
[•] [2026-04-27T03:09:33.068Z] Sending tx... nonce: 464
[✓] [2026-04-27T03:09:33.678Z] Tx sent: 0xaaf76ce7a81bb63fc773ef2e1f566dec00daffbca10189c009e7ff4abbcb5fac
[•] [2026-04-27T03:09:33.679Z] Waiting confirmation...
[✓] [2026-04-27T03:09:39.344Z] Confirmed! Block: 1336258 | Gas: 166286 | Status: SUCCESS
[•] [2026-04-27T03:09:39.345Z] Jitter delay: 18008ms
[•] [2026-04-27T03:09:57.365Z] Bridging DAI | Amount: 0.00001 | Token: 0xB96A869c74Be2eD561D95a77408505371F287d16
[•] [2026-04-27T03:09:57.366Z] Jitter delay: 22740ms
[✓] [2026-04-27T03:10:21.129Z] DAI already approved: 115792089237316195423570985008687907853269984665640564039457.584007913129639935
[•] [2026-04-27T03:10:21.852Z] Calldata: 0xd6d344a1...0000000009184e72a000
[•] [2026-04-27T03:10:22.134Z] Estimated gas: 171254
[•] [2026-04-27T03:10:22.135Z] Sending tx... nonce: 465
[✓] [2026-04-27T03:10:22.704Z] Tx sent: 0x9037e09406fb248523a8daf677528219f16b40839925d9c42128a2b7e7b7808d
[•] [2026-04-27T03:10:22.705Z] Waiting confirmation...
[✓] [2026-04-27T03:10:24.030Z] Confirmed! Block: 1336267 | Gas: 166334 | Status: SUCCESS
[✓] [2026-04-27T03:10:24.033Z] Loop #20 completed
[•] [2026-04-27T03:10:24.034Z] Waiting 542s till next loop...
[•] [2026-04-27T03:19:26.293Z] ═══ Loop #21 ═══
[•] [2026-04-27T03:19:26.383Z] Bridging ETH | Amount: 0.0000001 | Token: 0x0000000000000000000000000000000000000000
[•] [2026-04-27T03:19:26.387Z] Jitter delay: 20217ms
[•] [2026-04-27T03:19:48.718Z] Calldata: 0xd6d344a1...0000000000174876e800
[•] [2026-04-27T03:19:48.992Z] Estimated gas: 131192
[•] [2026-04-27T03:19:48.993Z] Sending tx... nonce: 466
[✓] [2026-04-27T03:19:49.641Z] Tx sent: 0x8f788e5a71a3bb213f657dda34c9118daf46e8ef6bbf17fc6dfe3a60a5e7d496
[•] [2026-04-27T03:19:49.642Z] Waiting confirmation...
[✓] [2026-04-27T03:19:55.638Z] Confirmed! Block: 1336381 | Gas: 126272 | Status: SUCCESS
[•] [2026-04-27T03:19:55.642Z] Jitter delay: 25969ms
[•] [2026-04-27T03:21:10.599Z] Bridging USDT | Amount: 0.00001 | Token: 0xfcc025A3E170DF62de0e25AF7CeAf1C89aBfe6E9
[•] [2026-04-27T03:21:10.600Z] Jitter delay: 20801ms
[✓] [2026-04-27T03:24:47.966Z] USDT already approved: 115792089237316195423570985008687907853269984665640564039457584007913129.639935
[•] [2026-04-27T03:24:48.703Z] Calldata: 0xd6d344a1...0000000000000000000a
[•] [2026-04-27T03:24:49.099Z] Estimated gas: 171206
[•] [2026-04-27T03:24:49.101Z] Sending tx... nonce: 467
[✓] [2026-04-27T03:24:49.786Z] Tx sent: 0x0675d563e71eed869134933b4ef8a5a1ee88958eb9b699fa951b10b250ebe16a
[•] [2026-04-27T03:24:49.787Z] Waiting confirmation...
[✓] [2026-04-27T03:25:14.329Z] Confirmed! Block: 1336441 | Gas: 166286 | Status: SUCCESS
[•] [2026-04-27T03:25:14.333Z] Jitter delay: 16568ms
[•] [2026-04-27T03:27:38.906Z] Bridging USDC | Amount: 0.00001 | Token: 0xe819EB5be34B20f1FEC012c0DAf960397A0Fb386
[•] [2026-04-27T03:27:38.907Z] Jitter delay: 20263ms
[✓] [2026-04-27T03:29:48.500Z] USDC already approved: 115792089237316195423570985008687907853269984665640564039457584007913129.639935
[•] [2026-04-27T03:29:49.348Z] Calldata: 0xd6d344a1...0000000000000000000a
[•] [2026-04-27T03:29:49.621Z] Estimated gas: 171206
[•] [2026-04-27T03:29:49.622Z] Sending tx... nonce: 468
[✓] [2026-04-27T03:29:50.322Z] Tx sent: 0x40f6e84239c6e2ffd4d087960c1a032d320932cc8ae09e020510b5b609d64275
[•] [2026-04-27T03:29:50.323Z] Waiting confirmation...
[✓] [2026-04-27T03:29:56.332Z] Confirmed! Block: 1336501 | Gas: 166286 | Status: SUCCESS
[•] [2026-04-27T03:29:56.336Z] Jitter delay: 27757ms
[•] [2026-04-27T03:32:47.353Z] Bridging DAI | Amount: 0.00001 | Token: 0xB96A869c74Be2eD561D95a77408505371F287d16
[•] [2026-04-27T03:32:47.356Z] Jitter delay: 8555ms
[✓] [2026-04-27T03:34:37.652Z] DAI already approved: 115792089237316195423570985008687907853269984665640564039457.584007913129639935
[•] [2026-04-27T03:34:38.391Z] Calldata: 0xd6d344a1...0000000009184e72a000
[•] [2026-04-27T03:34:38.646Z] Estimated gas: 171254
[•] [2026-04-27T03:34:38.647Z] Sending tx... nonce: 469
[✓] [2026-04-27T03:34:39.209Z] Tx sent: 0xbd3cf5b21ab976498a7c0d5f7cdc72b7ac2cb7eb4c1b41ed3c84a7bb69f10a8c
[•] [2026-04-27T03:34:39.209Z] Waiting confirmation...
[✓] [2026-04-27T03:34:50.692Z] Confirmed! Block: 1336559 | Gas: 166334 | Status: SUCCESS
[✓] [2026-04-27T03:34:50.696Z] Loop #21 completed
[•] [2026-04-27T03:34:50.697Z] Waiting 481s till next loop...
[•] [2026-04-27T04:22:58.552Z] ═══ Loop #22 ═══
[•] [2026-04-27T04:22:58.685Z] Bridging ETH | Amount: 0.0000001 | Token: 0x0000000000000000000000000000000000000000
[•] [2026-04-27T04:22:58.686Z] Jitter delay: 10612ms
[•] [2026-04-27T04:23:14.523Z] Calldata: 0xd6d344a1...0000000000174876e800
[•] [2026-04-27T04:23:14.820Z] Estimated gas: 131192
[•] [2026-04-27T04:23:14.822Z] Sending tx... nonce: 470
[✓] [2026-04-27T04:23:15.551Z] Tx sent: 0x582dce20d53197812cbe742fa4f4d1201fd40c095758097a8a987ac9a156cb9f
[•] [2026-04-27T04:23:15.552Z] Waiting confirmation...
[✓] [2026-04-27T04:23:21.547Z] Confirmed! Block: 1337142 | Gas: 126272 | Status: SUCCESS
[•] [2026-04-27T04:23:21.551Z] Jitter delay: 10050ms
[•] [2026-04-27T04:23:31.608Z] Bridging USDT | Amount: 0.00001 | Token: 0xfcc025A3E170DF62de0e25AF7CeAf1C89aBfe6E9
[•] [2026-04-27T04:23:31.610Z] Jitter delay: 15770ms
[✓] [2026-04-27T04:24:01.345Z] USDT already approved: 115792089237316195423570985008687907853269984665640564039457584007913129.639935
[•] [2026-04-27T04:24:02.097Z] Calldata: 0xd6d344a1...0000000000000000000a
[•] [2026-04-27T04:24:02.367Z] Estimated gas: 171206
[•] [2026-04-27T04:24:02.369Z] Sending tx... nonce: 471
[✓] [2026-04-27T04:24:02.962Z] Tx sent: 0x883dd4140434fd830d6fe1eb8a952ccdf36e5fa285ea4c6dbdff4612d7237087
[•] [2026-04-27T04:24:02.963Z] Waiting confirmation...
[✓] [2026-04-27T04:24:04.688Z] Confirmed! Block: 1337151 | Gas: 166286 | Status: SUCCESS
[•] [2026-04-27T04:24:04.689Z] Jitter delay: 20589ms
[•] [2026-04-27T04:31:26.264Z] Bridging USDC | Amount: 0.00001 | Token: 0xe819EB5be34B20f1FEC012c0DAf960397A0Fb386
[•] [2026-04-27T04:31:26.271Z] Jitter delay: 16228ms
[✓] [2026-04-27T04:32:42.110Z] USDC already approved: 115792089237316195423570985008687907853269984665640564039457584007913129.639935
[•] [2026-04-27T04:32:42.861Z] Calldata: 0xd6d344a1...0000000000000000000a
[•] [2026-04-27T04:32:43.122Z] Estimated gas: 171206
[•] [2026-04-27T04:32:43.123Z] Sending tx... nonce: 472
[✓] [2026-04-27T04:32:43.683Z] Tx sent: 0x1a8de238e218bc1ec11db9c52fc8fe04051f2d78467523b86124eb9b1679dd66
[•] [2026-04-27T04:32:43.684Z] Waiting confirmation...
[✓] [2026-04-27T04:33:52.526Z] Confirmed! Block: 1337256 | Gas: 166286 | Status: SUCCESS
[•] [2026-04-27T04:33:52.527Z] Jitter delay: 7667ms
[•] [2026-04-27T04:35:27.826Z] Bridging DAI | Amount: 0.00001 | Token: 0xB96A869c74Be2eD561D95a77408505371F287d16
[•] [2026-04-27T04:35:27.828Z] Jitter delay: 23880ms
[✓] [2026-04-27T04:44:12.256Z] DAI already approved: 115792089237316195423570985008687907853269984665640564039457.584007913129639935
[•] [2026-04-27T04:44:13.110Z] Calldata: 0xd6d344a1...0000000009184e72a000
[•] [2026-04-27T04:44:13.381Z] Estimated gas: 171254
[•] [2026-04-27T04:44:13.383Z] Sending tx... nonce: 473
[✓] [2026-04-27T04:44:14.024Z] Tx sent: 0x5571da5a4062749760664b37e292e74a8f37e4e527a31eb68535f6889d249bfe
[•] [2026-04-27T04:44:14.025Z] Waiting confirmation...
[✓] [2026-04-27T04:44:20.416Z] Confirmed! Block: 1337394 | Gas: 166334 | Status: SUCCESS
[✓] [2026-04-27T04:44:20.420Z] Loop #22 completed
[•] [2026-04-27T04:44:20.421Z] Waiting 356s till next loop...
[•] [2026-04-27T05:13:07.258Z] ═══ Loop #23 ═══
[•] [2026-04-27T05:13:07.359Z] Bridging ETH | Amount: 0.0000001 | Token: 0x0000000000000000000000000000000000000000
[•] [2026-04-27T05:13:07.360Z] Jitter delay: 11641ms
[•] [2026-04-27T15:30:25.990Z] ═══ Teqoin Auto Bridge Bot v4 Started ═══
[•] [2026-04-27T15:30:26.048Z] Mode: WRAP | Assets: ETH, USDT, USDC, DAI | Loop: true
[✗] [2026-04-27T15:30:26.148Z] TOR connection FAILED: request to https://check.torproject.org/api/ip failed, reason: connect ECONNREFUSED 127.0.0.1:9050
[✗] [2026-04-27T15:30:26.149Z] Aborting - TOR connection required
[•] [2026-04-27T15:31:19.891Z] ═══ Teqoin Auto Bridge Bot v4 Started ═══
[•] [2026-04-27T15:31:19.939Z] Mode: WRAP | Assets: ETH, USDT, USDC, DAI | Loop: true
[✓] [2026-04-27T15:31:21.323Z] TOR connected | Exit IP: 45.84.107.222
[✓] [2026-04-27T15:31:21.460Z] Wallet: 0xc176D56CCF99857A76d377Bacf21cF70107783e7
[•] [2026-04-27T15:31:21.461Z] ═══ Loop #1 ═══
[•] [2026-04-27T15:31:21.464Z] Bridging ETH | Amount: 0.0000001 | Token: 0x0000000000000000000000000000000000000000
[•] [2026-04-27T15:31:21.465Z] Jitter delay: 27490ms
[✗] [2026-04-27T15:31:54.041Z] ETH FAILED: request timeout
[•] [2026-04-27T15:31:54.043Z] Jitter delay: 6951ms
[•] [2026-04-27T15:32:01.000Z] Bridging USDT | Amount: 0.00001 | Token: 0xfcc025A3E170DF62de0e25AF7CeAf1C89aBfe6E9
[•] [2026-04-27T15:32:01.001Z] Jitter delay: 16111ms
[✓] [2026-04-27T15:32:17.976Z] USDT already approved: 115792089237316195423570985008687907853269984665640564039457584007913129.639935
[•] [2026-04-27T15:32:18.784Z] Calldata: 0xd6d344a1...0000000000000000000a
[•] [2026-04-27T15:32:19.031Z] Estimated gas: 171206
[•] [2026-04-27T15:32:19.033Z] Sending tx... nonce: 474
[✓] [2026-04-27T15:32:19.779Z] Tx sent: 0x72766d1afcd5b4926b4bedd3dd6c1dc97296722a2fb423a6a74cde56d5bd0397
[•] [2026-04-27T15:32:19.780Z] Waiting confirmation...
[✓] [2026-04-27T15:32:25.620Z] Confirmed! Block: 1345167 | Gas: 166286 | Status: SUCCESS
[•] [2026-04-27T15:32:25.623Z] Jitter delay: 28223ms
[•] [2026-04-27T15:32:53.852Z] Bridging USDC | Amount: 0.00001 | Token: 0xe819EB5be34B20f1FEC012c0DAf960397A0Fb386
[•] [2026-04-27T15:32:53.855Z] Jitter delay: 6645ms
[✓] [2026-04-27T15:33:01.518Z] USDC already approved: 115792089237316195423570985008687907853269984665640564039457584007913129.639935
[•] [2026-04-27T15:33:02.537Z] Calldata: 0xd6d344a1...0000000000000000000a
[•] [2026-04-27T15:33:03.581Z] Estimated gas: 171206
[•] [2026-04-27T15:33:03.584Z] Sending tx... nonce: 475
[✓] [2026-04-27T15:33:04.470Z] Tx sent: 0x1ca1f1e98e5e1f5475f119788c5a6df4bf7d82e24074dba8b126b7349353e781
[•] [2026-04-27T15:33:04.472Z] Waiting confirmation...
[✓] [2026-04-27T15:33:10.961Z] Confirmed! Block: 1345176 | Gas: 166286 | Status: SUCCESS
[•] [2026-04-27T15:33:10.969Z] Jitter delay: 21357ms
[•] [2026-04-27T15:33:32.334Z] Bridging DAI | Amount: 0.00001 | Token: 0xB96A869c74Be2eD561D95a77408505371F287d16
[•] [2026-04-27T15:33:32.336Z] Jitter delay: 6465ms
[✓] [2026-04-27T15:33:39.669Z] DAI already approved: 115792089237316195423570985008687907853269984665640564039457.584007913129639935
[•] [2026-04-27T15:33:40.556Z] Calldata: 0xd6d344a1...0000000009184e72a000
[•] [2026-04-27T15:33:40.827Z] Estimated gas: 171254
[•] [2026-04-27T15:33:40.829Z] Sending tx... nonce: 476
[✓] [2026-04-27T15:33:41.432Z] Tx sent: 0xf8ffe466fce51b020efa2cbbb0143a163f534c0931f8db63ef06826993126364
[•] [2026-04-27T15:33:41.433Z] Waiting confirmation...
[✓] [2026-04-27T15:33:47.655Z] Confirmed! Block: 1345184 | Gas: 166334 | Status: SUCCESS
[✓] [2026-04-27T15:33:47.660Z] Loop #1 completed
[•] [2026-04-27T15:33:47.661Z] Waiting 467s till next loop...
[•] [2026-04-27T15:48:23.928Z] ═══ Loop #2 ═══
[•] [2026-04-27T15:48:23.963Z] Bridging ETH | Amount: 0.0000001 | Token: 0x0000000000000000000000000000000000000000
[•] [2026-04-27T15:48:23.964Z] Jitter delay: 9583ms
[✗] [2026-04-27T15:49:14.140Z] ETH FAILED: request timeout
[•] [2026-04-27T15:49:14.141Z] Jitter delay: 22154ms
[•] [2026-04-27T15:50:10.813Z] Bridging USDT | Amount: 0.00001 | Token: 0xfcc025A3E170DF62de0e25AF7CeAf1C89aBfe6E9
[•] [2026-04-27T15:50:10.815Z] Jitter delay: 5806ms
[✓] [2026-04-27T15:50:40.967Z] USDT already approved: 115792089237316195423570985008687907853269984665640564039457584007913129.639935
[•] [2026-04-27T15:50:41.755Z] Calldata: 0xd6d344a1...0000000000000000000a
[•] [2026-04-27T15:50:42.013Z] Estimated gas: 171206
[•] [2026-04-27T15:50:42.015Z] Sending tx... nonce: 477
[✓] [2026-04-27T15:50:42.628Z] Tx sent: 0xfc7e1f08a88918506c02d73db0e600438536e75c259fa2fcdd09c02e2e7a894d
[•] [2026-04-27T15:50:42.629Z] Waiting confirmation...
[✓] [2026-04-27T15:50:48.647Z] Confirmed! Block: 1345388 | Gas: 166286 | Status: SUCCESS
[•] [2026-04-27T15:50:48.651Z] Jitter delay: 7162ms
[•] [2026-04-27T15:50:55.819Z] Bridging USDC | Amount: 0.00001 | Token: 0xe819EB5be34B20f1FEC012c0DAf960397A0Fb386
[•] [2026-04-27T15:50:55.820Z] Jitter delay: 16661ms
[✓] [2026-04-27T15:51:29.837Z] USDC already approved: 115792089237316195423570985008687907853269984665640564039457584007913129.639935
[•] [2026-04-27T15:51:32.642Z] Calldata: 0xd6d344a1...0000000000000000000a
[•] [2026-04-27T15:51:32.975Z] Estimated gas: 171206
[•] [2026-04-27T15:51:32.976Z] Sending tx... nonce: 478
[✓] [2026-04-27T15:51:33.995Z] Tx sent: 0xfed77400a59e5cac89b99e3f247c3cc44fdbaa98cc5428bef5c7bc27b9cd9f71
[•] [2026-04-27T15:51:33.996Z] Waiting confirmation...
[✓] [2026-04-27T15:51:48.496Z] Confirmed! Block: 1345398 | Gas: 166286 | Status: SUCCESS
[•] [2026-04-27T15:51:48.501Z] Jitter delay: 5064ms
[•] [2026-04-27T15:52:07.471Z] Bridging DAI | Amount: 0.00001 | Token: 0xB96A869c74Be2eD561D95a77408505371F287d16
[•] [2026-04-27T15:52:07.472Z] Jitter delay: 15830ms
[✓] [2026-04-27T15:53:03.428Z] DAI already approved: 115792089237316195423570985008687907853269984665640564039457.584007913129639935
[•] [2026-04-27T15:53:04.443Z] Calldata: 0xd6d344a1...0000000009184e72a000
[•] [2026-04-27T15:53:04.870Z] Estimated gas: 171254
[•] [2026-04-27T15:53:04.872Z] Sending tx... nonce: 479
[✓] [2026-04-27T15:53:05.647Z] Tx sent: 0xed5b259982555473c5439ccd22864a7786494047b29df07d7daa9b00740b5e62
[•] [2026-04-27T15:53:05.648Z] Waiting confirmation...
[✓] [2026-04-27T15:53:07.301Z] Confirmed! Block: 1345416 | Gas: 166334 | Status: SUCCESS
[✓] [2026-04-27T15:53:07.303Z] Loop #2 completed
[•] [2026-04-27T15:53:07.304Z] Waiting 493s till next loop...
[•] [2026-04-27T16:29:26.345Z] ═══ Loop #3 ═══
[•] [2026-04-27T16:29:26.416Z] Bridging ETH | Amount: 0.0000001 | Token: 0x0000000000000000000000000000000000000000
[•] [2026-04-27T16:29:26.417Z] Jitter delay: 19096ms
[•] [2026-04-27T16:29:48.199Z] Calldata: 0xd6d344a1...0000000000174876e800
[•] [2026-04-27T16:29:48.511Z] Estimated gas: 131192
[•] [2026-04-27T16:29:48.516Z] Sending tx... nonce: 480
[✓] [2026-04-27T16:29:49.423Z] Tx sent: 0xf1d6500f7cae6115ebddf7aa073d441dd5be4cf23fb22e077aef80465057cd5b
[•] [2026-04-27T16:29:49.424Z] Waiting confirmation...
[✓] [2026-04-27T16:29:55.107Z] Confirmed! Block: 1345857 | Gas: 126272 | Status: SUCCESS
[•] [2026-04-27T16:29:55.110Z] Jitter delay: 25519ms
[•] [2026-04-27T16:30:20.640Z] Bridging USDT | Amount: 0.00001 | Token: 0xfcc025A3E170DF62de0e25AF7CeAf1C89aBfe6E9
[•] [2026-04-27T16:30:20.642Z] Jitter delay: 22896ms
[✓] [2026-04-27T16:30:45.524Z] USDT already approved: 115792089237316195423570985008687907853269984665640564039457584007913129.639935
[•] [2026-04-27T16:30:46.850Z] Calldata: 0xd6d344a1...0000000000000000000a
[•] [2026-04-27T16:30:47.672Z] Estimated gas: 171206
[•] [2026-04-27T16:30:47.675Z] Sending tx... nonce: 481
[✓] [2026-04-27T16:30:50.280Z] Tx sent: 0x5eff3de44c82326f445906b9951fe8e2481bba4c11495ead47bda39c7064e4b6
[•] [2026-04-27T16:30:50.281Z] Waiting confirmation...
[✓] [2026-04-27T16:30:52.599Z] Confirmed! Block: 1345869 | Gas: 166286 | Status: SUCCESS
[•] [2026-04-27T16:30:52.601Z] Jitter delay: 10468ms
[•] [2026-04-27T16:31:03.075Z] Bridging USDC | Amount: 0.00001 | Token: 0xe819EB5be34B20f1FEC012c0DAf960397A0Fb386
[•] [2026-04-27T16:31:03.076Z] Jitter delay: 28832ms
[✓] [2026-04-27T16:31:35.491Z] USDC already approved: 115792089237316195423570985008687907853269984665640564039457584007913129.639935
[•] [2026-04-27T16:31:36.612Z] Calldata: 0xd6d344a1...0000000000000000000a
[•] [2026-04-27T16:31:36.965Z] Estimated gas: 171206
[•] [2026-04-27T16:31:36.966Z] Sending tx... nonce: 482
[✓] [2026-04-27T16:31:37.704Z] Tx sent: 0xd7a9439f2d60a0ee7b6e68c645e614984c23ccaf4f1d23bf640078ee895a7c8c
[•] [2026-04-27T16:31:37.706Z] Waiting confirmation...
[✓] [2026-04-27T16:31:44.360Z] Confirmed! Block: 1345879 | Gas: 166286 | Status: SUCCESS
[•] [2026-04-27T16:31:44.364Z] Jitter delay: 8336ms
[•] [2026-04-27T16:31:52.706Z] Bridging DAI | Amount: 0.00001 | Token: 0xB96A869c74Be2eD561D95a77408505371F287d16
[•] [2026-04-27T16:31:52.708Z] Jitter delay: 13684ms
[✓] [2026-04-27T16:32:07.511Z] DAI already approved: 115792089237316195423570985008687907853269984665640564039457.584007913129639935
[•] [2026-04-27T16:32:08.450Z] Calldata: 0xd6d344a1...0000000009184e72a000
[•] [2026-04-27T16:32:08.873Z] Estimated gas: 171254
[•] [2026-04-27T16:32:08.874Z] Sending tx... nonce: 483
[✓] [2026-04-27T16:32:10.019Z] Tx sent: 0x85e59e074519fe4a12f8e494ff6585e63297029a4355ea78a70dc1879bda2feb
[•] [2026-04-27T16:32:10.020Z] Waiting confirmation...
[✓] [2026-04-27T16:32:12.504Z] Confirmed! Block: 1345885 | Gas: 166334 | Status: SUCCESS
[✓] [2026-04-27T16:32:12.505Z] Loop #3 completed
[•] [2026-04-27T16:32:12.505Z] Waiting 502s till next loop...
[•] [2026-04-27T17:17:02.149Z] ═══ Loop #4 ═══
[•] [2026-04-27T17:17:02.256Z] Bridging ETH | Amount: 0.0000001 | Token: 0x0000000000000000000000000000000000000000
[•] [2026-04-27T17:17:02.258Z] Jitter delay: 19685ms
[•] [2026-04-27T17:17:26.031Z] Calldata: 0xd6d344a1...0000000000174876e800
[•] [2026-04-27T17:17:26.640Z] Estimated gas: 131192
[•] [2026-04-27T17:17:26.641Z] Sending tx... nonce: 484
[✓] [2026-04-27T17:17:27.411Z] Tx sent: 0xe40f98acfc98e0c5e1020cb4dbe18f229ab4b8d78ae60d27a74f4f0cd3ab7967
[•] [2026-04-27T17:17:27.411Z] Waiting confirmation...
[✓] [2026-04-27T17:17:34.111Z] Confirmed! Block: 1346429 | Gas: 126272 | Status: SUCCESS
[•] [2026-04-27T17:17:34.112Z] Jitter delay: 7172ms
[•] [2026-04-27T17:17:41.287Z] Bridging USDT | Amount: 0.00001 | Token: 0xfcc025A3E170DF62de0e25AF7CeAf1C89aBfe6E9
[•] [2026-04-27T17:17:41.287Z] Jitter delay: 26979ms
[✓] [2026-04-27T17:18:09.244Z] USDT already approved: 115792089237316195423570985008687907853269984665640564039457584007913129.639935
[•] [2026-04-27T17:18:10.051Z] Calldata: 0xd6d344a1...0000000000000000000a
[•] [2026-04-27T17:18:10.356Z] Estimated gas: 171206
[•] [2026-04-27T17:18:10.358Z] Sending tx... nonce: 485
[✓] [2026-04-27T17:18:10.994Z] Tx sent: 0x245fb5e69d9e2e5a04bb2c9c409ee34199aa945b33baad1d63b6d9c32bda440d
[•] [2026-04-27T17:18:10.995Z] Waiting confirmation...
[✓] [2026-04-27T17:18:12.913Z] Confirmed! Block: 1346437 | Gas: 166286 | Status: SUCCESS
[•] [2026-04-27T17:18:12.914Z] Jitter delay: 17913ms
[•] [2026-04-27T17:18:30.839Z] Bridging USDC | Amount: 0.00001 | Token: 0xe819EB5be34B20f1FEC012c0DAf960397A0Fb386
[•] [2026-04-27T17:18:30.841Z] Jitter delay: 27121ms
[✓] [2026-04-27T17:18:59.969Z] USDC already approved: 115792089237316195423570985008687907853269984665640564039457584007913129.639935
[•] [2026-04-27T17:19:02.962Z] Calldata: 0xd6d344a1...0000000000000000000a
[•] [2026-04-27T17:19:03.478Z] Estimated gas: 171206
[•] [2026-04-27T17:19:03.479Z] Sending tx... nonce: 486
[✓] [2026-04-27T17:19:04.846Z] Tx sent: 0x8300ace65e243e52f90d5509695b37235969ce2f274f57191ee3f63b2a89ddc3
[•] [2026-04-27T17:19:04.846Z] Waiting confirmation...
[✓] [2026-04-27T17:19:07.322Z] Confirmed! Block: 1346448 | Gas: 166286 | Status: SUCCESS
[•] [2026-04-27T17:19:07.323Z] Jitter delay: 14124ms
[•] [2026-04-27T17:19:21.453Z] Bridging DAI | Amount: 0.00001 | Token: 0xB96A869c74Be2eD561D95a77408505371F287d16
[•] [2026-04-27T17:19:21.456Z] Jitter delay: 26182ms
[✓] [2026-04-27T17:29:27.911Z] DAI already approved: 115792089237316195423570985008687907853269984665640564039457.584007913129639935
[•] [2026-04-27T17:29:28.738Z] Calldata: 0xd6d344a1...0000000009184e72a000
[•] [2026-04-27T17:29:29.249Z] Estimated gas: 171254
[•] [2026-04-27T17:29:29.250Z] Sending tx... nonce: 487
[✓] [2026-04-27T17:29:29.945Z] Tx sent: 0x857d24d3f7481c9b28aa8c70ecf7b7ec1a8160a7a74e651c59a97ef2f40c1ac8
[•] [2026-04-27T17:29:29.946Z] Waiting confirmation...
[✓] [2026-04-27T17:29:33.583Z] Confirmed! Block: 1346573 | Gas: 166334 | Status: SUCCESS
[✓] [2026-04-27T17:29:33.585Z] Loop #4 completed
[•] [2026-04-27T17:29:33.594Z] Waiting 464s till next loop...
[•] [2026-04-27T18:05:27.253Z] ═══ Loop #5 ═══
[•] [2026-04-27T18:05:27.339Z] Bridging ETH | Amount: 0.0000001 | Token: 0x0000000000000000000000000000000000000000
[•] [2026-04-27T18:05:27.341Z] Jitter delay: 25296ms
[•] [2026-04-27T18:05:54.812Z] Calldata: 0xd6d344a1...0000000000174876e800
[•] [2026-04-27T18:05:55.105Z] Estimated gas: 131192
[•] [2026-04-27T18:05:55.106Z] Sending tx... nonce: 488
[✓] [2026-04-27T18:05:55.873Z] Tx sent: 0x6c93c994037e6543240b6db7fe4a3c269d5df79d1a45a372fba0fb70e1172e68
[•] [2026-04-27T18:05:55.873Z] Waiting confirmation...
[✓] [2026-04-27T18:05:57.759Z] Confirmed! Block: 1347010 | Gas: 126272 | Status: SUCCESS
[•] [2026-04-27T18:05:57.761Z] Jitter delay: 20287ms
[•] [2026-04-27T18:06:18.065Z] Bridging USDT | Amount: 0.00001 | Token: 0xfcc025A3E170DF62de0e25AF7CeAf1C89aBfe6E9
[•] [2026-04-27T18:06:18.066Z] Jitter delay: 14302ms
[✓] [2026-04-27T18:07:26.986Z] USDT already approved: 115792089237316195423570985008687907853269984665640564039457584007913129.639935
[•] [2026-04-27T18:07:27.869Z] Calldata: 0xd6d344a1...0000000000000000000a
[•] [2026-04-27T18:07:28.176Z] Estimated gas: 171206
[•] [2026-04-27T18:07:28.177Z] Sending tx... nonce: 489
[✓] [2026-04-27T18:07:28.861Z] Tx sent: 0x64d84b004e5f97b2448e2756360572994bc2da20473a9129cbee25f704eb4730
[•] [2026-04-27T18:07:28.862Z] Waiting confirmation...
[✓] [2026-04-27T18:07:39.174Z] Confirmed! Block: 1347029 | Gas: 166286 | Status: SUCCESS
[•] [2026-04-27T18:07:39.178Z] Jitter delay: 16795ms
[•] [2026-04-27T18:09:45.762Z] Bridging USDC | Amount: 0.00001 | Token: 0xe819EB5be34B20f1FEC012c0DAf960397A0Fb386
[•] [2026-04-27T18:09:45.765Z] Jitter delay: 21363ms
[✓] [2026-04-27T18:14:52.099Z] USDC already approved: 115792089237316195423570985008687907853269984665640564039457584007913129.639935
[•] [2026-04-27T18:14:52.958Z] Calldata: 0xd6d344a1...0000000000000000000a
[•] [2026-04-27T18:14:53.248Z] Estimated gas: 171206
[•] [2026-04-27T18:14:53.250Z] Sending tx... nonce: 490
[✓] [2026-04-27T18:14:53.931Z] Tx sent: 0xafd1d15ff09c477345f8a0dedd11c57dc73649efa637dfad3e1f4adf722f4296
[•] [2026-04-27T18:14:53.932Z] Waiting confirmation...
[✓] [2026-04-27T18:15:30.064Z] Confirmed! Block: 1347118 | Gas: 166286 | Status: SUCCESS
[•] [2026-04-27T18:15:30.069Z] Jitter delay: 16315ms
[•] [2026-04-27T18:18:06.382Z] Bridging DAI | Amount: 0.00001 | Token: 0xB96A869c74Be2eD561D95a77408505371F287d16
[•] [2026-04-27T18:18:06.397Z] Jitter delay: 14552ms
[✓] [2026-04-27T18:20:26.627Z] DAI already approved: 115792089237316195423570985008687907853269984665640564039457.584007913129639935
[•] [2026-04-27T18:20:27.385Z] Calldata: 0xd6d344a1...0000000009184e72a000
[•] [2026-04-27T18:20:27.618Z] Estimated gas: 171254
[•] [2026-04-27T18:20:27.620Z] Sending tx... nonce: 491
[✓] [2026-04-27T18:20:28.195Z] Tx sent: 0x0a4d986374d8a80be4c1c54d9d4d05a7ffca2af3254087c2350f6629d4759577
[•] [2026-04-27T18:20:28.196Z] Waiting confirmation...
[✓] [2026-04-27T18:20:34.060Z] Confirmed! Block: 1347185 | Gas: 166334 | Status: SUCCESS
[✓] [2026-04-27T18:20:34.064Z] Loop #5 completed
[•] [2026-04-27T18:20:34.076Z] Waiting 439s till next loop...
[•] [2026-04-27T18:32:45.627Z] ═══ Loop #6 ═══
[•] [2026-04-27T18:32:45.708Z] Bridging ETH | Amount: 0.0000001 | Token: 0x0000000000000000000000000000000000000000
[•] [2026-04-27T18:32:45.710Z] Jitter delay: 13308ms
[•] [2026-04-27T18:34:37.577Z] Calldata: 0xd6d344a1...0000000000174876e800
[•] [2026-04-27T18:34:37.801Z] Estimated gas: 131192
[•] [2026-04-27T18:34:37.801Z] Sending tx... nonce: 492
[✓] [2026-04-27T18:34:38.330Z] Tx sent: 0x58f851cfcc941ec7257becebad15526315a1e32f4b385066f05b9201809a8f4b
[•] [2026-04-27T18:34:38.331Z] Waiting confirmation...
[✓] [2026-04-27T18:34:44.020Z] Confirmed! Block: 1347355 | Gas: 126272 | Status: SUCCESS
[•] [2026-04-27T18:34:44.023Z] Jitter delay: 29193ms
[•] [2026-04-27T18:35:13.245Z] Bridging USDT | Amount: 0.00001 | Token: 0xfcc025A3E170DF62de0e25AF7CeAf1C89aBfe6E9
[•] [2026-04-27T18:35:13.246Z] Jitter delay: 12145ms
[✓] [2026-04-27T18:35:26.240Z] USDT already approved: 115792089237316195423570985008687907853269984665640564039457584007913129.639935
[•] [2026-04-27T18:35:26.949Z] Calldata: 0xd6d344a1...0000000000000000000a
[•] [2026-04-27T18:35:27.178Z] Estimated gas: 171206
[•] [2026-04-27T18:35:27.179Z] Sending tx... nonce: 493
[✓] [2026-04-27T18:35:27.729Z] Tx sent: 0xa1a65d2f363630c3d53344c290e0347d13029bd1a49472af800e11dd4c4670d8
[•] [2026-04-27T18:35:27.730Z] Waiting confirmation...
[✓] [2026-04-27T18:35:33.299Z] Confirmed! Block: 1347365 | Gas: 166286 | Status: SUCCESS
[•] [2026-04-27T18:35:33.300Z] Jitter delay: 6655ms
[•] [2026-04-27T18:35:39.959Z] Bridging USDC | Amount: 0.00001 | Token: 0xe819EB5be34B20f1FEC012c0DAf960397A0Fb386
[•] [2026-04-27T18:35:39.983Z] Jitter delay: 20740ms
[✓] [2026-04-27T18:36:01.571Z] USDC already approved: 115792089237316195423570985008687907853269984665640564039457584007913129.639935
[•] [2026-04-27T18:36:02.346Z] Calldata: 0xd6d344a1...0000000000000000000a
[•] [2026-04-27T18:36:02.591Z] Estimated gas: 171206
[•] [2026-04-27T18:36:02.594Z] Sending tx... nonce: 494
[✓] [2026-04-27T18:36:03.173Z] Tx sent: 0xc07350598ad7c934e9357429058f8aae2caac31fbd4587ef810f7a75a3bca3f7
[•] [2026-04-27T18:36:03.173Z] Waiting confirmation...
[✓] [2026-04-27T18:36:09.083Z] Confirmed! Block: 1347372 | Gas: 166286 | Status: SUCCESS
[•] [2026-04-27T18:36:09.085Z] Jitter delay: 23832ms
[•] [2026-04-27T18:36:32.932Z] Bridging DAI | Amount: 0.00001 | Token: 0xB96A869c74Be2eD561D95a77408505371F287d16
[•] [2026-04-27T18:36:32.933Z] Jitter delay: 26062ms
[✓] [2026-04-27T18:36:59.736Z] DAI already approved: 115792089237316195423570985008687907853269984665640564039457.584007913129639935
[•] [2026-04-27T18:37:00.428Z] Calldata: 0xd6d344a1...0000000009184e72a000
[•] [2026-04-27T18:37:00.663Z] Estimated gas: 171254
[•] [2026-04-27T18:37:00.665Z] Sending tx... nonce: 495
[✓] [2026-04-27T18:37:01.197Z] Tx sent: 0x2e45a4dcfee33d1f7683181daa69ba91621db98eb0a10f15245632c6f4ba403b
[•] [2026-04-27T18:37:01.197Z] Waiting confirmation...
[✓] [2026-04-27T18:37:02.303Z] Confirmed! Block: 1347383 | Gas: 166334 | Status: SUCCESS
[✓] [2026-04-27T18:37:02.303Z] Loop #6 completed
[•] [2026-04-27T18:37:02.303Z] Waiting 379s till next loop...
[•] [2026-04-27T18:43:22.355Z] ═══ Loop #7 ═══
[•] [2026-04-27T18:43:22.481Z] Bridging ETH | Amount: 0.0000001 | Token: 0x0000000000000000000000000000000000000000
[•] [2026-04-27T18:43:22.484Z] Jitter delay: 18185ms
[•] [2026-04-27T18:43:42.411Z] Calldata: 0xd6d344a1...0000000000174876e800
[•] [2026-04-27T18:43:42.687Z] Estimated gas: 131192
[•] [2026-04-27T18:43:42.688Z] Sending tx... nonce: 496
[✓] [2026-04-27T18:43:43.310Z] Tx sent: 0x93475e8e398438398f746a3c78dfa52a609441d9e9020c9737a5b0d6e0de1330
[•] [2026-04-27T18:43:43.310Z] Waiting confirmation...
[✓] [2026-04-27T18:43:49.107Z] Confirmed! Block: 1347464 | Gas: 126272 | Status: SUCCESS
[•] [2026-04-27T18:43:49.109Z] Jitter delay: 28013ms
[•] [2026-04-27T18:44:17.129Z] Bridging USDT | Amount: 0.00001 | Token: 0xfcc025A3E170DF62de0e25AF7CeAf1C89aBfe6E9
[•] [2026-04-27T18:44:17.130Z] Jitter delay: 11687ms
[✓] [2026-04-27T18:44:29.494Z] USDT already approved: 115792089237316195423570985008687907853269984665640564039457584007913129.639935
[•] [2026-04-27T18:44:30.500Z] Calldata: 0xd6d344a1...0000000000000000000a
[•] [2026-04-27T18:44:30.765Z] Estimated gas: 171206
[•] [2026-04-27T18:44:30.766Z] Sending tx... nonce: 497
[✓] [2026-04-27T18:44:31.252Z] Tx sent: 0xe37e23c8e3afd090ca607e73d58ba0cf927462ac58f9d7315a023e0fb1da443d
[•] [2026-04-27T18:44:31.253Z] Waiting confirmation...
[✓] [2026-04-27T18:44:32.366Z] Confirmed! Block: 1347473 | Gas: 166286 | Status: SUCCESS
[•] [2026-04-27T18:44:32.366Z] Jitter delay: 15768ms
[•] [2026-04-27T19:19:37.054Z] ═══ Teqoin Auto Bridge Bot v4 Started ═══
[•] [2026-04-27T19:19:37.106Z] Mode: WRAP | Assets: ETH, USDT, USDC, DAI | Loop: true
[✗] [2026-04-27T19:20:07.236Z] TOR connection FAILED: request to https://check.torproject.org/api/ip failed, reason: Proxy connection timed out
[✗] [2026-04-27T19:20:07.239Z] Aborting - TOR connection required
[•] [2026-04-27T19:31:14.385Z] ═══ Teqoin Auto Bridge Bot v4 Started ═══
[•] [2026-04-27T19:31:14.430Z] Mode: WRAP | Assets: ETH, USDT, USDC, DAI | Loop: true
[✓] [2026-04-27T19:31:15.715Z] TOR connected | Exit IP: 185.220.101.30
[✓] [2026-04-27T19:31:15.860Z] Wallet: 0xc176D56CCF99857A76d377Bacf21cF70107783e7
[•] [2026-04-27T19:31:15.861Z] ═══ Loop #1 ═══
[•] [2026-04-27T19:31:15.864Z] Bridging ETH | Amount: 0.0000001 | Token: 0x0000000000000000000000000000000000000000
[•] [2026-04-27T19:31:15.865Z] Jitter delay: 9039ms
[•] [2026-04-27T19:31:26.526Z] Calldata: 0xd6d344a1...0000000000174876e800
[•] [2026-04-27T19:31:27.509Z] Estimated gas: 131192
[•] [2026-04-27T19:31:27.514Z] Sending tx... nonce: 498
[✓] [2026-04-27T19:31:28.177Z] Tx sent: 0xdc0b9b8474c043d70b545230fb8f65ce2a8631d903efb8af90a521a46295dc11
[•] [2026-04-27T19:31:28.178Z] Waiting confirmation...
[✓] [2026-04-27T19:31:34.913Z] Confirmed! Block: 1348037 | Gas: 126272 | Status: SUCCESS
[•] [2026-04-27T19:31:34.919Z] Jitter delay: 15489ms
[•] [2026-04-27T19:31:50.414Z] Bridging USDT | Amount: 0.00001 | Token: 0xfcc025A3E170DF62de0e25AF7CeAf1C89aBfe6E9
[•] [2026-04-27T19:31:50.416Z] Jitter delay: 26356ms
[✓] [2026-04-27T19:32:17.747Z] USDT already approved: 115792089237316195423570985008687907853269984665640564039457584007913129.639935
[•] [2026-04-27T19:32:18.609Z] Calldata: 0xd6d344a1...0000000000000000000a
[•] [2026-04-27T19:32:18.875Z] Estimated gas: 171206
[•] [2026-04-27T19:32:18.877Z] Sending tx... nonce: 499
[✓] [2026-04-27T19:32:19.534Z] Tx sent: 0x528ed52390ea9f1b12533c51d8ac86fab29dfacfa9be47363e6c0e3bdcfe5f51
[•] [2026-04-27T19:32:19.535Z] Waiting confirmation...
[✓] [2026-04-27T19:32:25.568Z] Confirmed! Block: 1348047 | Gas: 166286 | Status: SUCCESS
[•] [2026-04-27T19:32:25.572Z] Jitter delay: 13964ms
[•] [2026-04-27T19:32:39.543Z] Bridging USDC | Amount: 0.00001 | Token: 0xe819EB5be34B20f1FEC012c0DAf960397A0Fb386
[•] [2026-04-27T19:32:39.545Z] Jitter delay: 6179ms
[✓] [2026-04-27T19:32:46.801Z] USDC already approved: 115792089237316195423570985008687907853269984665640564039457584007913129.639935
[•] [2026-04-27T19:32:47.696Z] Calldata: 0xd6d344a1...0000000000000000000a
[•] [2026-04-27T19:32:48.046Z] Estimated gas: 171206
[•] [2026-04-27T19:32:48.048Z] Sending tx... nonce: 500
[✓] [2026-04-27T19:32:48.701Z] Tx sent: 0xb3e2f87459f0abdb89e41fc62c062635e0851f42f7e594fc02bb274f6e7eb484
[•] [2026-04-27T19:32:48.702Z] Waiting confirmation...
[✓] [2026-04-27T19:32:55.000Z] Confirmed! Block: 1348053 | Gas: 166286 | Status: SUCCESS
[•] [2026-04-27T19:32:55.004Z] Jitter delay: 5963ms
[•] [2026-04-27T19:33:00.973Z] Bridging DAI | Amount: 0.00001 | Token: 0xB96A869c74Be2eD561D95a77408505371F287d16
[•] [2026-04-27T19:33:00.976Z] Jitter delay: 14751ms
[✓] [2026-04-27T19:33:16.847Z] DAI already approved: 115792089237316195423570985008687907853269984665640564039457.584007913129639935
[•] [2026-04-27T19:33:17.726Z] Calldata: 0xd6d344a1...0000000009184e72a000
[•] [2026-04-27T19:33:18.035Z] Estimated gas: 171254
[•] [2026-04-27T19:33:18.037Z] Sending tx... nonce: 501
[✓] [2026-04-27T19:33:18.820Z] Tx sent: 0x9ec4deec1b0bd56b2a059fc05c9f57a2e2089c36a35db5a92eb135862037b075
[•] [2026-04-27T19:33:18.821Z] Waiting confirmation...
[✓] [2026-04-27T19:33:25.247Z] Confirmed! Block: 1348059 | Gas: 166334 | Status: SUCCESS
[✓] [2026-04-27T19:33:25.248Z] Loop #1 completed
[•] [2026-04-27T19:33:25.249Z] Waiting 519s till next loop...
[•] [2026-04-27T19:56:50.441Z] ═══ Loop #2 ═══
[•] [2026-04-27T19:56:50.562Z] Bridging ETH | Amount: 0.0000001 | Token: 0x0000000000000000000000000000000000000000
[•] [2026-04-27T19:56:50.567Z] Jitter delay: 12817ms
[•] [2026-04-27T19:57:05.300Z] Calldata: 0xd6d344a1...0000000000174876e800
[•] [2026-04-27T19:57:05.609Z] Estimated gas: 131192
[•] [2026-04-27T19:57:05.609Z] Sending tx... nonce: 502
[✓] [2026-04-27T19:57:06.231Z] Tx sent: 0x172a5b2dffa2160bdea7a68d81916b2b22587273df8584aae181dab229814072
[•] [2026-04-27T19:57:06.232Z] Waiting confirmation...
[✓] [2026-04-27T19:57:08.047Z] Confirmed! Block: 1348344 | Gas: 126272 | Status: SUCCESS
[•] [2026-04-27T19:57:08.051Z] Jitter delay: 27552ms
[•] [2026-04-27T19:57:35.630Z] Bridging USDT | Amount: 0.00001 | Token: 0xfcc025A3E170DF62de0e25AF7CeAf1C89aBfe6E9
[•] [2026-04-27T19:57:35.633Z] Jitter delay: 14424ms
[✓] [2026-04-27T19:57:50.897Z] USDT already approved: 115792089237316195423570985008687907853269984665640564039457584007913129.639935
[•] [2026-04-27T19:57:51.878Z] Calldata: 0xd6d344a1...0000000000000000000a
[•] [2026-04-27T19:57:52.166Z] Estimated gas: 171206
[•] [2026-04-27T19:57:52.168Z] Sending tx... nonce: 503
[✓] [2026-04-27T19:57:52.863Z] Tx sent: 0xf1029b4cd33db68a1e3d840f780336560ce452c2b52f7b7bf372cbaeb0c9ea07
[•] [2026-04-27T19:57:52.864Z] Waiting confirmation...
[✓] [2026-04-27T19:57:59.059Z] Confirmed! Block: 1348354 | Gas: 166286 | Status: SUCCESS
[•] [2026-04-27T19:57:59.064Z] Jitter delay: 17373ms
[•] [2026-04-27T19:58:16.451Z] Bridging USDC | Amount: 0.00001 | Token: 0xe819EB5be34B20f1FEC012c0DAf960397A0Fb386
[•] [2026-04-27T19:58:16.453Z] Jitter delay: 24845ms
[✓] [2026-04-27T19:58:42.140Z] USDC already approved: 115792089237316195423570985008687907853269984665640564039457584007913129.639935
[•] [2026-04-27T19:58:43.065Z] Calldata: 0xd6d344a1...0000000000000000000a
[•] [2026-04-27T19:58:43.331Z] Estimated gas: 171206
[•] [2026-04-27T19:58:43.333Z] Sending tx... nonce: 504
[✓] [2026-04-27T19:58:43.905Z] Tx sent: 0x93ee38a2c455aac3655a47a5922ac92cd83ef8a3c3c0628f50121cc550b91aff
[•] [2026-04-27T19:58:43.906Z] Waiting confirmation...
[✓] [2026-04-27T19:58:49.420Z] Confirmed! Block: 1348364 | Gas: 166286 | Status: SUCCESS
[•] [2026-04-27T19:58:49.421Z] Jitter delay: 15336ms
[•] [2026-04-27T19:59:04.771Z] Bridging DAI | Amount: 0.00001 | Token: 0xB96A869c74Be2eD561D95a77408505371F287d16
[•] [2026-04-27T19:59:04.774Z] Jitter delay: 13480ms
[✓] [2026-04-27T19:59:19.134Z] DAI already approved: 115792089237316195423570985008687907853269984665640564039457.584007913129639935
[•] [2026-04-27T19:59:19.982Z] Calldata: 0xd6d344a1...0000000009184e72a000
[•] [2026-04-27T19:59:20.289Z] Estimated gas: 171254
[•] [2026-04-27T19:59:20.290Z] Sending tx... nonce: 505
[✓] [2026-04-27T19:59:20.943Z] Tx sent: 0x5b4442b4cde1c9bf4f7149d631a3c1da19417c74483c7fdde57faaca76cd558c
[•] [2026-04-27T19:59:20.944Z] Waiting confirmation...
[✓] [2026-04-27T19:59:27.017Z] Confirmed! Block: 1348371 | Gas: 166334 | Status: SUCCESS
[✓] [2026-04-27T19:59:27.022Z] Loop #2 completed
[•] [2026-04-27T19:59:27.024Z] Waiting 411s till next loop...
[•] [2026-04-27T20:08:06.393Z] ═══ Loop #3 ═══
[•] [2026-04-27T20:08:06.493Z] Bridging ETH | Amount: 0.0000001 | Token: 0x0000000000000000000000000000000000000000
[•] [2026-04-27T20:08:06.496Z] Jitter delay: 20687ms
[•] [2026-04-27T20:10:06.260Z] Calldata: 0xd6d344a1...0000000000174876e800
[•] [2026-04-27T20:10:06.542Z] Estimated gas: 131192
[•] [2026-04-27T20:10:06.543Z] Sending tx... nonce: 506
[✓] [2026-04-27T20:10:07.164Z] Tx sent: 0xffbde71026d8c48978ad311e27231680500dcd52bfd3c4e22d91f5920364ac98
[•] [2026-04-27T20:10:07.165Z] Waiting confirmation...
[✓] [2026-04-27T20:10:13.032Z] Confirmed! Block: 1348501 | Gas: 126272 | Status: SUCCESS
[•] [2026-04-27T20:10:13.034Z] Jitter delay: 21111ms
[•] [2026-04-27T20:10:38.948Z] Bridging USDT | Amount: 0.00001 | Token: 0xfcc025A3E170DF62de0e25AF7CeAf1C89aBfe6E9
[•] [2026-04-27T20:10:38.950Z] Jitter delay: 19987ms
[✓] [2026-04-27T20:12:01.063Z] USDT already approved: 115792089237316195423570985008687907853269984665640564039457584007913129.639935
[•] [2026-04-27T20:12:01.799Z] Calldata: 0xd6d344a1...0000000000000000000a
[•] [2026-04-27T20:12:02.061Z] Estimated gas: 171206
[•] [2026-04-27T20:12:02.063Z] Sending tx... nonce: 507
[✓] [2026-04-27T20:12:02.615Z] Tx sent: 0xd52647cf196a46c24331f4ea97a7237ddd056cd9ad78341d131ad7cdc7ef5dd6
[•] [2026-04-27T20:12:02.615Z] Waiting confirmation...
[✓] [2026-04-27T20:12:09.112Z] Confirmed! Block: 1348524 | Gas: 166286 | Status: SUCCESS
[•] [2026-04-27T20:12:09.116Z] Jitter delay: 5582ms
[•] [2026-04-27T20:12:23.662Z] Bridging USDC | Amount: 0.00001 | Token: 0xe819EB5be34B20f1FEC012c0DAf960397A0Fb386
[•] [2026-04-27T20:12:23.663Z] Jitter delay: 16428ms
[✓] [2026-04-27T20:25:29.703Z] USDC already approved: 115792089237316195423570985008687907853269984665640564039457584007913129.639935
[•] [2026-04-27T20:25:30.561Z] Calldata: 0xd6d344a1...0000000000000000000a
[•] [2026-04-27T20:25:30.898Z] Estimated gas: 171206
[•] [2026-04-27T20:25:30.900Z] Sending tx... nonce: 508
[✓] [2026-04-27T20:25:31.544Z] Tx sent: 0x22db3bac0fb90839d67297600692ac59c572bac82cef9187d75b91a8072b0706
[•] [2026-04-27T20:25:31.545Z] Waiting confirmation...
[✓] [2026-04-27T20:25:33.552Z] Confirmed! Block: 1348685 | Gas: 166286 | Status: SUCCESS
[•] [2026-04-27T20:25:33.554Z] Jitter delay: 23047ms
[•] [2026-04-27T20:35:31.294Z] Bridging DAI | Amount: 0.00001 | Token: 0xB96A869c74Be2eD561D95a77408505371F287d16
[•] [2026-04-27T20:35:31.296Z] Jitter delay: 13301ms
[✗] [2026-04-27T20:35:44.740Z] Allowance check failed: getaddrinfo ENOTFOUND rpc.teqoin.io
[✗] [2026-04-27T20:35:44.741Z] DAI approval FAILED: getaddrinfo ENOTFOUND rpc.teqoin.io
[✗] [2026-04-27T20:35:44.742Z] DAI FAILED: getaddrinfo ENOTFOUND rpc.teqoin.io
[✓] [2026-04-27T20:35:44.743Z] Loop #3 completed
[•] [2026-04-27T20:35:44.744Z] Waiting 480s till next loop...
[•] [2026-04-27T22:25:44.763Z] ═══ Loop #4 ═══
[•] [2026-04-27T22:25:44.895Z] Bridging ETH | Amount: 0.0000001 | Token: 0x0000000000000000000000000000000000000000
[•] [2026-04-27T22:25:44.896Z] Jitter delay: 25917ms
[•] [2026-04-27T22:30:25.601Z] Calldata: 0xd6d344a1...0000000000174876e800
[•] [2026-04-27T22:30:25.856Z] Estimated gas: 131192
[•] [2026-04-27T22:30:25.857Z] Sending tx... nonce: 509
[✓] [2026-04-27T22:30:26.481Z] Tx sent: 0xdfe0b2daee5c25f1cb75e44bfb14bd88554dbb9df6458854edef2c4516bbdbdc
[•] [2026-04-27T22:30:26.482Z] Waiting confirmation...
[✓] [2026-04-27T22:30:32.446Z] Confirmed! Block: 1350184 | Gas: 126272 | Status: SUCCESS
[•] [2026-04-27T22:30:32.450Z] Jitter delay: 5962ms
[•] [2026-04-27T22:30:38.416Z] Bridging USDT | Amount: 0.00001 | Token: 0xfcc025A3E170DF62de0e25AF7CeAf1C89aBfe6E9
[•] [2026-04-27T22:30:38.417Z] Jitter delay: 20590ms
[✓] [2026-04-27T22:30:59.845Z] USDT already approved: 115792089237316195423570985008687907853269984665640564039457584007913129.639935
[•] [2026-04-27T22:31:00.675Z] Calldata: 0xd6d344a1...0000000000000000000a
[•] [2026-04-27T22:31:00.948Z] Estimated gas: 171206
[•] [2026-04-27T22:31:00.950Z] Sending tx... nonce: 510
[✓] [2026-04-27T22:31:01.516Z] Tx sent: 0x6ac88efbb99fcc30c709578a1b18adc56090d57893487483b35d49ab53ff67fc
[•] [2026-04-27T22:31:01.517Z] Waiting confirmation...
[✓] [2026-04-27T22:31:07.354Z] Confirmed! Block: 1350191 | Gas: 166286 | Status: SUCCESS
[•] [2026-04-27T22:31:07.360Z] Jitter delay: 26523ms
[•] [2026-04-27T22:31:33.905Z] Bridging USDC | Amount: 0.00001 | Token: 0xe819EB5be34B20f1FEC012c0DAf960397A0Fb386
[•] [2026-04-27T22:31:33.907Z] Jitter delay: 6639ms
[✓] [2026-04-27T22:31:41.399Z] USDC already approved: 115792089237316195423570985008687907853269984665640564039457584007913129.639935
[•] [2026-04-27T22:31:42.159Z] Calldata: 0xd6d344a1...0000000000000000000a
[•] [2026-04-27T22:31:42.434Z] Estimated gas: 171206
[•] [2026-04-27T22:31:42.436Z] Sending tx... nonce: 511
[✓] [2026-04-27T22:31:42.975Z] Tx sent: 0x2624010bd139c18dd5605728b3c81ab96635764ba71c24777e4488f54db76db2
[•] [2026-04-27T22:31:42.975Z] Waiting confirmation...
[✓] [2026-04-27T22:32:06.785Z] Confirmed! Block: 1350200 | Gas: 166286 | Status: SUCCESS
[•] [2026-04-27T22:32:06.791Z] Jitter delay: 13308ms
[•] [2026-04-27T22:33:19.115Z] Bridging DAI | Amount: 0.00001 | Token: 0xB96A869c74Be2eD561D95a77408505371F287d16
[•] [2026-04-27T22:33:19.128Z] Jitter delay: 13202ms
[✓] [2026-04-27T22:37:18.135Z] DAI already approved: 115792089237316195423570985008687907853269984665640564039457.584007913129639935
[•] [2026-04-27T22:37:19.003Z] Calldata: 0xd6d344a1...0000000009184e72a000
[•] [2026-04-27T22:37:19.309Z] Estimated gas: 171254
[•] [2026-04-27T22:37:19.312Z] Sending tx... nonce: 512
[✓] [2026-04-27T22:37:19.967Z] Tx sent: 0x36721b966a95fed60e1473aeab74ec2985d9689e84ca434d56bf21b4d9fe3386
[•] [2026-04-27T22:37:19.967Z] Waiting confirmation...
[✓] [2026-04-27T22:37:30.225Z] Confirmed! Block: 1350267 | Gas: 166334 | Status: SUCCESS
[✓] [2026-04-27T22:37:30.232Z] Loop #4 completed
[•] [2026-04-27T22:37:30.234Z] Waiting 463s till next loop...
[•] [2026-04-28T08:12:09.116Z] ═══ Teqoin Auto Bridge Bot v4 Started ═══
[•] [2026-04-28T08:12:09.168Z] Mode: WRAP | Assets: ETH, USDT, USDC, DAI | Loop: true
[✓] [2026-04-28T08:12:10.886Z] TOR connected | Exit IP: 193.189.100.204
[✓] [2026-04-28T08:12:11.028Z] Wallet: 0xc176D56CCF99857A76d377Bacf21cF70107783e7
[•] [2026-04-28T08:12:11.029Z] ═══ Loop #1 ═══
[•] [2026-04-28T08:12:11.031Z] Bridging ETH | Amount: 0.0000001 | Token: 0x0000000000000000000000000000000000000000
[•] [2026-04-28T08:12:11.033Z] Jitter delay: 8174ms
[✗] [2026-04-28T08:12:24.270Z] ETH FAILED: request timeout
[•] [2026-04-28T08:12:24.270Z] Jitter delay: 5833ms
[•] [2026-04-28T08:12:30.108Z] Bridging USDT | Amount: 0.00001 | Token: 0xfcc025A3E170DF62de0e25AF7CeAf1C89aBfe6E9
[•] [2026-04-28T08:12:30.109Z] Jitter delay: 26478ms
[✓] [2026-04-28T08:12:57.421Z] USDT already approved: 115792089237316195423570985008687907853269984665640564039457584007913129.639935
[•] [2026-04-28T08:12:58.188Z] Calldata: 0xd6d344a1...0000000000000000000a
[•] [2026-04-28T08:12:58.426Z] Estimated gas: 171206
[•] [2026-04-28T08:12:58.427Z] Sending tx... nonce: 513
[✓] [2026-04-28T08:12:59.057Z] Tx sent: 0xe1acc478d45b3b4ab1cb045fcf8f1a80a8ff122dafb8faf9fdc6fb764355e2ce
[•] [2026-04-28T08:12:59.058Z] Waiting confirmation...
[✓] [2026-04-28T08:13:05.238Z] Confirmed! Block: 1357175 | Gas: 166286 | Status: SUCCESS
[•] [2026-04-28T08:13:05.243Z] Jitter delay: 6049ms
[•] [2026-04-28T08:13:11.295Z] Bridging USDC | Amount: 0.00001 | Token: 0xe819EB5be34B20f1FEC012c0DAf960397A0Fb386
[•] [2026-04-28T08:13:11.297Z] Jitter delay: 12838ms
[✓] [2026-04-28T08:13:25.126Z] USDC already approved: 115792089237316195423570985008687907853269984665640564039457584007913129.639935
[•] [2026-04-28T08:13:26.106Z] Calldata: 0xd6d344a1...0000000000000000000a
[•] [2026-04-28T08:13:26.441Z] Estimated gas: 171206
[•] [2026-04-28T08:13:26.443Z] Sending tx... nonce: 514
[✓] [2026-04-28T08:13:27.428Z] Tx sent: 0xad9b9d2cef17b2d060bb331c75d92bb3c16aef7fc6c95562d9c06df84e5bcae2
[•] [2026-04-28T08:13:27.429Z] Waiting confirmation...
[✓] [2026-04-28T08:13:33.560Z] Confirmed! Block: 1357180 | Gas: 166286 | Status: SUCCESS
[•] [2026-04-28T08:13:33.562Z] Jitter delay: 23612ms
[•] [2026-04-28T08:13:57.178Z] Bridging DAI | Amount: 0.00001 | Token: 0xB96A869c74Be2eD561D95a77408505371F287d16
[•] [2026-04-28T08:13:57.181Z] Jitter delay: 25355ms
[✓] [2026-04-28T08:14:23.312Z] DAI already approved: 115792089237316195423570985008687907853269984665640564039457.584007913129639935
[•] [2026-04-28T08:14:24.097Z] Calldata: 0xd6d344a1...0000000009184e72a000
[•] [2026-04-28T08:14:24.391Z] Estimated gas: 171254
[•] [2026-04-28T08:14:24.391Z] Sending tx... nonce: 515
[✓] [2026-04-28T08:14:24.957Z] Tx sent: 0x2790b00837eea7ab55683e2be5cad4e09e3db5a508572ae0936dc0723c1b455c
[•] [2026-04-28T08:14:24.957Z] Waiting confirmation...
[✓] [2026-04-28T08:14:30.793Z] Confirmed! Block: 1357192 | Gas: 166334 | Status: SUCCESS
[✓] [2026-04-28T08:14:30.793Z] Loop #1 completed
[•] [2026-04-28T08:14:30.794Z] Waiting 591s till next loop...
[•] [2026-04-28T08:24:22.891Z] ═══ Loop #2 ═══
[•] [2026-04-28T08:24:22.946Z] Bridging ETH | Amount: 0.0000001 | Token: 0x0000000000000000000000000000000000000000
[•] [2026-04-28T08:24:22.948Z] Jitter delay: 17840ms
[✗] [2026-04-28T08:24:45.957Z] ETH FAILED: request timeout
[•] [2026-04-28T08:24:45.958Z] Jitter delay: 21887ms
[•] [2026-04-28T08:25:07.850Z] Bridging USDT | Amount: 0.00001 | Token: 0xfcc025A3E170DF62de0e25AF7CeAf1C89aBfe6E9
[•] [2026-04-28T08:25:07.852Z] Jitter delay: 15797ms
[✓] [2026-04-28T08:25:24.489Z] USDT already approved: 115792089237316195423570985008687907853269984665640564039457584007913129.639935
[•] [2026-04-28T08:25:25.256Z] Calldata: 0xd6d344a1...0000000000000000000a
[•] [2026-04-28T08:25:25.599Z] Estimated gas: 171206
[•] [2026-04-28T08:25:25.601Z] Sending tx... nonce: 516
[✓] [2026-04-28T08:25:26.168Z] Tx sent: 0xe3b98c72fb065098157771f86180f32ff58428ec368732fe9635eba0a3ce3216
[•] [2026-04-28T08:25:26.169Z] Waiting confirmation...
[✓] [2026-04-28T08:25:31.960Z] Confirmed! Block: 1357324 | Gas: 166286 | Status: SUCCESS
[•] [2026-04-28T08:25:31.966Z] Jitter delay: 22169ms
[•] [2026-04-28T08:25:54.152Z] Bridging USDC | Amount: 0.00001 | Token: 0xe819EB5be34B20f1FEC012c0DAf960397A0Fb386
[•] [2026-04-28T08:25:54.153Z] Jitter delay: 22630ms
[✓] [2026-04-28T08:26:17.509Z] USDC already approved: 115792089237316195423570985008687907853269984665640564039457584007913129.639935
[•] [2026-04-28T08:26:18.359Z] Calldata: 0xd6d344a1...0000000000000000000a
[•] [2026-04-28T08:26:18.593Z] Estimated gas: 171206
[•] [2026-04-28T08:26:18.594Z] Sending tx... nonce: 517
[✓] [2026-04-28T08:26:19.334Z] Tx sent: 0x661b526a22c7eaddab827a584876acbdb911ef972249d8bb1868061bd6d8d1f8
[•] [2026-04-28T08:26:19.336Z] Waiting confirmation...
[✓] [2026-04-28T08:26:25.192Z] Confirmed! Block: 1357335 | Gas: 166286 | Status: SUCCESS
[•] [2026-04-28T08:26:25.194Z] Jitter delay: 17630ms
[•] [2026-04-28T08:26:42.838Z] Bridging DAI | Amount: 0.00001 | Token: 0xB96A869c74Be2eD561D95a77408505371F287d16
[•] [2026-04-28T08:26:42.839Z] Jitter delay: 17862ms
[✓] [2026-04-28T08:27:01.527Z] DAI already approved: 115792089237316195423570985008687907853269984665640564039457.584007913129639935
[•] [2026-04-28T08:27:02.427Z] Calldata: 0xd6d344a1...0000000009184e72a000
[•] [2026-04-28T08:27:02.721Z] Estimated gas: 171254
[•] [2026-04-28T08:27:02.723Z] Sending tx... nonce: 518
[✓] [2026-04-28T08:27:03.522Z] Tx sent: 0x0bb1d886c04063c89b19e6a2ab0668019fd945df25ae992a1bcc47fed99d59e9
[•] [2026-04-28T08:27:03.522Z] Waiting confirmation...
[✓] [2026-04-28T08:27:04.841Z] Confirmed! Block: 1357343 | Gas: 166334 | Status: SUCCESS
[✓] [2026-04-28T08:27:04.843Z] Loop #2 completed
[•] [2026-04-28T08:27:04.847Z] Waiting 365s till next loop...
[•] [2026-04-28T08:33:09.987Z] ═══ Loop #3 ═══
[•] [2026-04-28T08:33:10.030Z] Bridging ETH | Amount: 0.0000001 | Token: 0x0000000000000000000000000000000000000000
[•] [2026-04-28T08:33:10.031Z] Jitter delay: 28498ms
[•] [2026-04-28T08:33:40.204Z] Calldata: 0xd6d344a1...0000000000174876e800
[•] [2026-04-28T08:33:40.428Z] Estimated gas: 131192
[•] [2026-04-28T08:33:40.428Z] Sending tx... nonce: 519
[✓] [2026-04-28T08:33:41.063Z] Tx sent: 0xeeb0cb63a488855b4fd6a892393e7b61cd939ccdbc2d10ffe989d30150abb777
[•] [2026-04-28T08:33:41.064Z] Waiting confirmation...
[✓] [2026-04-28T08:33:46.567Z] Confirmed! Block: 1357423 | Gas: 126272 | Status: SUCCESS
[•] [2026-04-28T08:33:46.569Z] Jitter delay: 5283ms
[•] [2026-04-28T08:33:51.856Z] Bridging USDT | Amount: 0.00001 | Token: 0xfcc025A3E170DF62de0e25AF7CeAf1C89aBfe6E9
[•] [2026-04-28T08:33:51.857Z] Jitter delay: 5448ms
[✓] [2026-04-28T08:33:58.245Z] USDT already approved: 115792089237316195423570985008687907853269984665640564039457584007913129.639935
[•] [2026-04-28T08:33:59.145Z] Calldata: 0xd6d344a1...0000000000000000000a
[•] [2026-04-28T08:33:59.435Z] Estimated gas: 171206
[•] [2026-04-28T08:33:59.437Z] Sending tx... nonce: 520
[✓] [2026-04-28T08:34:00.108Z] Tx sent: 0xfc530c56cfc020b647d8d2393e8a1efa832901f1bc8824aab49786be3dc81eb2
[•] [2026-04-28T08:34:00.109Z] Waiting confirmation...
[✓] [2026-04-28T08:34:06.972Z] Confirmed! Block: 1357427 | Gas: 166286 | Status: SUCCESS
[•] [2026-04-28T08:34:06.974Z] Jitter delay: 6715ms
[•] [2026-04-28T08:34:13.693Z] Bridging USDC | Amount: 0.00001 | Token: 0xe819EB5be34B20f1FEC012c0DAf960397A0Fb386
[•] [2026-04-28T08:34:13.693Z] Jitter delay: 23867ms
[✓] [2026-04-28T08:34:38.355Z] USDC already approved: 115792089237316195423570985008687907853269984665640564039457584007913129.639935
[•] [2026-04-28T08:34:39.255Z] Calldata: 0xd6d344a1...0000000000000000000a
[•] [2026-04-28T08:34:39.470Z] Estimated gas: 171206
[•] [2026-04-28T08:34:39.471Z] Sending tx... nonce: 521
[✓] [2026-04-28T08:34:40.029Z] Tx sent: 0x1b76b159dabb65f856e68d5f75ec5092748691ebf956655d027ca5320951f2ea
[•] [2026-04-28T08:34:40.030Z] Waiting confirmation...
[✓] [2026-04-28T08:34:45.806Z] Confirmed! Block: 1357435 | Gas: 166286 | Status: SUCCESS
[•] [2026-04-28T08:34:45.807Z] Jitter delay: 7526ms
[•] [2026-04-28T08:34:53.338Z] Bridging DAI | Amount: 0.00001 | Token: 0xB96A869c74Be2eD561D95a77408505371F287d16
[•] [2026-04-28T08:34:53.342Z] Jitter delay: 7912ms
[✓] [2026-04-28T08:35:01.927Z] DAI already approved: 115792089237316195423570985008687907853269984665640564039457.584007913129639935
[•] [2026-04-28T08:35:02.667Z] Calldata: 0xd6d344a1...0000000009184e72a000
[•] [2026-04-28T08:35:02.913Z] Estimated gas: 171254
[•] [2026-04-28T08:35:02.914Z] Sending tx... nonce: 522
[✓] [2026-04-28T08:35:03.427Z] Tx sent: 0x155201d91773a07eb90a9b88503cb9915b10150f8c6782d364e896aa37999694
[•] [2026-04-28T08:35:03.428Z] Waiting confirmation...
[✓] [2026-04-28T08:35:04.555Z] Confirmed! Block: 1357439 | Gas: 166334 | Status: SUCCESS
[✓] [2026-04-28T08:35:04.555Z] Loop #3 completed
[•] [2026-04-28T08:35:04.556Z] Waiting 429s till next loop...
[•] [2026-04-28T08:42:13.993Z] ═══ Loop #4 ═══
[•] [2026-04-28T08:42:14.096Z] Bridging ETH | Amount: 0.0000001 | Token: 0x0000000000000000000000000000000000000000
[•] [2026-04-28T08:42:14.098Z] Jitter delay: 10224ms
[✗] [2026-04-28T08:42:29.541Z] ETH FAILED: request timeout
[•] [2026-04-28T08:42:29.542Z] Jitter delay: 14854ms
[•] [2026-04-28T08:42:44.405Z] Bridging USDT | Amount: 0.00001 | Token: 0xfcc025A3E170DF62de0e25AF7CeAf1C89aBfe6E9
[•] [2026-04-28T08:42:44.406Z] Jitter delay: 14052ms
[✓] [2026-04-28T08:42:59.246Z] USDT already approved: 115792089237316195423570985008687907853269984665640564039457584007913129.639935
[•] [2026-04-28T08:42:59.994Z] Calldata: 0xd6d344a1...0000000000000000000a
[•] [2026-04-28T08:43:00.236Z] Estimated gas: 171206
[•] [2026-04-28T08:43:00.237Z] Sending tx... nonce: 523
[✓] [2026-04-28T08:43:00.782Z] Tx sent: 0x0a04a4cddbba91bd63b77bf5d5f0533d40652a7fcbe2aaaad3fbc3704c115771
[•] [2026-04-28T08:43:00.783Z] Waiting confirmation...
[✓] [2026-04-28T08:43:06.483Z] Confirmed! Block: 1357535 | Gas: 166286 | Status: SUCCESS
[•] [2026-04-28T08:43:06.488Z] Jitter delay: 15367ms
[•] [2026-04-28T08:43:21.871Z] Bridging USDC | Amount: 0.00001 | Token: 0xe819EB5be34B20f1FEC012c0DAf960397A0Fb386
[•] [2026-04-28T08:43:21.872Z] Jitter delay: 20057ms
[✓] [2026-04-28T08:43:42.808Z] USDC already approved: 115792089237316195423570985008687907853269984665640564039457584007913129.639935
[•] [2026-04-28T08:43:43.657Z] Calldata: 0xd6d344a1...0000000000000000000a
[•] [2026-04-28T08:43:44.005Z] Estimated gas: 171206
[•] [2026-04-28T08:43:44.006Z] Sending tx... nonce: 524
[✓] [2026-04-28T08:43:44.582Z] Tx sent: 0x072c29d2d4ebd68406060c86389ac1abe7e4c489ac25f037ff3f3d515f1e74dc
[•] [2026-04-28T08:43:44.583Z] Waiting confirmation...
[✓] [2026-04-28T08:43:50.394Z] Confirmed! Block: 1357544 | Gas: 166286 | Status: SUCCESS
[•] [2026-04-28T08:43:50.396Z] Jitter delay: 10694ms
[•] [2026-04-28T08:44:01.097Z] Bridging DAI | Amount: 0.00001 | Token: 0xB96A869c74Be2eD561D95a77408505371F287d16
[•] [2026-04-28T08:44:01.099Z] Jitter delay: 5521ms
[✓] [2026-04-28T08:44:07.326Z] DAI already approved: 115792089237316195423570985008687907853269984665640564039457.584007913129639935
[•] [2026-04-28T08:44:08.125Z] Calldata: 0xd6d344a1...0000000009184e72a000
[•] [2026-04-28T08:44:08.360Z] Estimated gas: 171254
[•] [2026-04-28T08:44:08.361Z] Sending tx... nonce: 525
[✓] [2026-04-28T08:44:08.911Z] Tx sent: 0x56243436ba1efcfd1b7691bbcef36da6d8692cb83ff713b4c0fd8064d8ec4aa0
[•] [2026-04-28T08:44:08.911Z] Waiting confirmation...
[✓] [2026-04-28T08:44:14.832Z] Confirmed! Block: 1357549 | Gas: 166334 | Status: SUCCESS
[✓] [2026-04-28T08:44:14.838Z] Loop #4 completed
[•] [2026-04-28T08:44:14.847Z] Waiting 460s till next loop...
[•] [2026-04-28T08:51:55.139Z] ═══ Loop #5 ═══
[•] [2026-04-28T08:51:55.216Z] Bridging ETH | Amount: 0.0000001 | Token: 0x0000000000000000000000000000000000000000
[•] [2026-04-28T08:51:55.218Z] Jitter delay: 8841ms
[✗] [2026-04-28T08:52:09.258Z] ETH FAILED: request timeout
[•] [2026-04-28T08:52:09.259Z] Jitter delay: 13331ms
[•] [2026-04-28T08:52:22.598Z] Bridging USDT | Amount: 0.00001 | Token: 0xfcc025A3E170DF62de0e25AF7CeAf1C89aBfe6E9
[•] [2026-04-28T08:52:22.600Z] Jitter delay: 29823ms
[✓] [2026-04-28T08:52:53.341Z] USDT already approved: 115792089237316195423570985008687907853269984665640564039457584007913129.639935
[•] [2026-04-28T08:52:54.105Z] Calldata: 0xd6d344a1...0000000000000000000a
[•] [2026-04-28T08:52:54.360Z] Estimated gas: 171206
[•] [2026-04-28T08:52:54.362Z] Sending tx... nonce: 526
[✓] [2026-04-28T08:52:54.921Z] Tx sent: 0x0a82d6d71bb6c59fc1f4accfd4ed62faa49b8a22e549f7f0b37f237cac0d9256
[•] [2026-04-28T08:52:54.922Z] Waiting confirmation...
[✓] [2026-04-28T08:53:00.828Z] Confirmed! Block: 1357654 | Gas: 166286 | Status: SUCCESS
[•] [2026-04-28T08:53:00.830Z] Jitter delay: 15219ms
[•] [2026-04-28T08:53:16.059Z] Bridging USDC | Amount: 0.00001 | Token: 0xe819EB5be34B20f1FEC012c0DAf960397A0Fb386
[•] [2026-04-28T08:53:16.061Z] Jitter delay: 22975ms
[✓] [2026-04-28T08:53:40.108Z] USDC already approved: 115792089237316195423570985008687907853269984665640564039457584007913129.639935
[•] [2026-04-28T08:53:40.975Z] Calldata: 0xd6d344a1...0000000000000000000a
[•] [2026-04-28T08:53:41.307Z] Estimated gas: 171206
[•] [2026-04-28T08:53:41.308Z] Sending tx... nonce: 527
[✓] [2026-04-28T08:53:42.015Z] Tx sent: 0x1d3a24e3dab80e305e77173d99adc12447edfd36f0bb64a5e499b5be08fbe270
[•] [2026-04-28T08:53:42.016Z] Waiting confirmation...
[✓] [2026-04-28T08:53:48.227Z] Confirmed! Block: 1357663 | Gas: 166286 | Status: SUCCESS
[•] [2026-04-28T08:53:48.229Z] Jitter delay: 17426ms
[•] [2026-04-28T08:54:05.669Z] Bridging DAI | Amount: 0.00001 | Token: 0xB96A869c74Be2eD561D95a77408505371F287d16
[•] [2026-04-28T08:54:05.671Z] Jitter delay: 8419ms
[✓] [2026-04-28T08:54:14.794Z] DAI already approved: 115792089237316195423570985008687907853269984665640564039457.584007913129639935
[•] [2026-04-28T08:54:15.511Z] Calldata: 0xd6d344a1...0000000009184e72a000
[•] [2026-04-28T08:54:15.777Z] Estimated gas: 171254
[•] [2026-04-28T08:54:15.778Z] Sending tx... nonce: 528
[✓] [2026-04-28T08:54:16.377Z] Tx sent: 0xca2df212a39e183778ca15cb1d56ea5053b4716c489b87da6587963aa1023a09
[•] [2026-04-28T08:54:16.378Z] Waiting confirmation...
[✓] [2026-04-28T08:54:22.309Z] Confirmed! Block: 1357670 | Gas: 166334 | Status: SUCCESS
[✓] [2026-04-28T08:54:22.314Z] Loop #5 completed
[•] [2026-04-28T08:54:22.316Z] Waiting 314s till next loop...
[•] [2026-04-28T08:59:37.166Z] ═══ Loop #6 ═══
[•] [2026-04-28T08:59:37.253Z] Bridging ETH | Amount: 0.0000001 | Token: 0x0000000000000000000000000000000000000000
[•] [2026-04-28T08:59:37.254Z] Jitter delay: 27499ms
[✗] [2026-04-28T09:00:09.917Z] ETH FAILED: request timeout
[•] [2026-04-28T09:00:09.918Z] Jitter delay: 22601ms
[•] [2026-04-28T09:00:32.539Z] Bridging USDT | Amount: 0.00001 | Token: 0xfcc025A3E170DF62de0e25AF7CeAf1C89aBfe6E9
[•] [2026-04-28T09:00:32.543Z] Jitter delay: 17828ms
[✓] [2026-04-28T09:00:51.185Z] USDT already approved: 115792089237316195423570985008687907853269984665640564039457584007913129.639935
[•] [2026-04-28T09:00:51.886Z] Calldata: 0xd6d344a1...0000000000000000000a
[•] [2026-04-28T09:00:52.142Z] Estimated gas: 171206
[•] [2026-04-28T09:00:52.145Z] Sending tx... nonce: 529
[✓] [2026-04-28T09:00:52.722Z] Tx sent: 0x4ec4f81a7cc445a5c7911436811388ab0cbf918b5deb5095c50de40f15eb7fc4
[•] [2026-04-28T09:00:52.722Z] Waiting confirmation...
[✓] [2026-04-28T09:00:58.423Z] Confirmed! Block: 1357749 | Gas: 166286 | Status: SUCCESS
[•] [2026-04-28T09:00:58.427Z] Jitter delay: 27954ms
[•] [2026-04-28T09:01:26.406Z] Bridging USDC | Amount: 0.00001 | Token: 0xe819EB5be34B20f1FEC012c0DAf960397A0Fb386
[•] [2026-04-28T09:01:26.411Z] Jitter delay: 9024ms
[✓] [2026-04-28T09:01:36.358Z] USDC already approved: 115792089237316195423570985008687907853269984665640564039457584007913129.639935
[•] [2026-04-28T09:01:37.266Z] Calldata: 0xd6d344a1...0000000000000000000a
[•] [2026-04-28T09:01:37.585Z] Estimated gas: 171206
[•] [2026-04-28T09:01:37.587Z] Sending tx... nonce: 530
[✓] [2026-04-28T09:01:38.253Z] Tx sent: 0x1de565ff90dfa5b50359d8566d6a46d083b4de8f39172140ab72ad94edd66a7a
[•] [2026-04-28T09:01:38.254Z] Waiting confirmation...
[✓] [2026-04-28T09:01:40.067Z] Confirmed! Block: 1357758 | Gas: 166286 | Status: SUCCESS
[•] [2026-04-28T09:01:40.071Z] Jitter delay: 10622ms
[•] [2026-04-28T09:01:50.701Z] Bridging DAI | Amount: 0.00001 | Token: 0xB96A869c74Be2eD561D95a77408505371F287d16
[•] [2026-04-28T09:01:50.703Z] Jitter delay: 15076ms
[✓] [2026-04-28T09:02:06.885Z] DAI already approved: 115792089237316195423570985008687907853269984665640564039457.584007913129639935
[•] [2026-04-28T09:02:07.626Z] Calldata: 0xd6d344a1...0000000009184e72a000
[•] [2026-04-28T09:02:07.941Z] Estimated gas: 171254
[•] [2026-04-28T09:02:07.945Z] Sending tx... nonce: 531
[✓] [2026-04-28T09:02:08.637Z] Tx sent: 0x9741a009466a12364e01261a715151131a9c978666c1dbf6418b8b4694e5933c
[•] [2026-04-28T09:02:08.638Z] Waiting confirmation...
[✓] [2026-04-28T09:02:10.137Z] Confirmed! Block: 1357764 | Gas: 166334 | Status: SUCCESS
[✓] [2026-04-28T09:02:10.138Z] Loop #6 completed
[•] [2026-04-28T09:02:10.139Z] Waiting 446s till next loop...
[•] [2026-04-28T09:09:37.166Z] ═══ Loop #7 ═══
[•] [2026-04-28T09:09:37.244Z] Bridging ETH | Amount: 0.0000001 | Token: 0x0000000000000000000000000000000000000000
[•] [2026-04-28T09:09:37.248Z] Jitter delay: 15222ms
[✗] [2026-04-28T09:09:57.707Z] ETH FAILED: request timeout
[•] [2026-04-28T09:09:57.708Z] Jitter delay: 14483ms
[•] [2026-04-28T09:10:12.198Z] Bridging USDT | Amount: 0.00001 | Token: 0xfcc025A3E170DF62de0e25AF7CeAf1C89aBfe6E9
[•] [2026-04-28T09:10:12.199Z] Jitter delay: 10804ms
[✓] [2026-04-28T09:10:23.872Z] USDT already approved: 115792089237316195423570985008687907853269984665640564039457584007913129.639935
[•] [2026-04-28T09:10:24.871Z] Calldata: 0xd6d344a1...0000000000000000000a
[•] [2026-04-28T09:10:25.218Z] Estimated gas: 171206
[•] [2026-04-28T09:10:25.219Z] Sending tx... nonce: 532
[✓] [2026-04-28T09:10:25.775Z] Tx sent: 0xb1f5f969626b105798851735c88d9fc50027cfc37680f6664ea14a3e8f85992f
[•] [2026-04-28T09:10:25.776Z] Waiting confirmation...
[✓] [2026-04-28T09:10:31.415Z] Confirmed! Block: 1357864 | Gas: 166286 | Status: SUCCESS
[•] [2026-04-28T09:10:31.417Z] Jitter delay: 14114ms
[•] [2026-04-28T09:10:45.538Z] Bridging USDC | Amount: 0.00001 | Token: 0xe819EB5be34B20f1FEC012c0DAf960397A0Fb386
[•] [2026-04-28T09:10:45.539Z] Jitter delay: 27328ms
[✓] [2026-04-28T09:11:13.711Z] USDC already approved: 115792089237316195423570985008687907853269984665640564039457584007913129.639935
[•] [2026-04-28T09:11:14.451Z] Calldata: 0xd6d344a1...0000000000000000000a
[•] [2026-04-28T09:11:14.710Z] Estimated gas: 171206
[•] [2026-04-28T09:11:14.711Z] Sending tx... nonce: 533
[✓] [2026-04-28T09:11:15.269Z] Tx sent: 0x8ed3b343451cb97299185edb314e0bc84c11283e8c7ce61fd0f96f884f3c7cfc
[•] [2026-04-28T09:11:15.270Z] Waiting confirmation...
[✓] [2026-04-28T09:11:21.022Z] Confirmed! Block: 1357874 | Gas: 166286 | Status: SUCCESS
[•] [2026-04-28T09:11:21.024Z] Jitter delay: 16680ms
[•] [2026-04-28T09:11:37.718Z] Bridging DAI | Amount: 0.00001 | Token: 0xB96A869c74Be2eD561D95a77408505371F287d16
[•] [2026-04-28T09:11:37.719Z] Jitter delay: 10035ms
[✓] [2026-04-28T09:11:48.705Z] DAI already approved: 115792089237316195423570985008687907853269984665640564039457.584007913129639935
[•] [2026-04-28T09:11:49.649Z] Calldata: 0xd6d344a1...0000000009184e72a000
[•] [2026-04-28T09:11:49.943Z] Estimated gas: 171254
[•] [2026-04-28T09:11:49.945Z] Sending tx... nonce: 534
[✓] [2026-04-28T09:11:50.641Z] Tx sent: 0xcec34e94314861a7d3f335da8e45322a04bb731cf3290ae61f3bd2851ac87576
[•] [2026-04-28T09:11:50.642Z] Waiting confirmation...
[✓] [2026-04-28T09:11:56.862Z] Confirmed! Block: 1357881 | Gas: 166334 | Status: SUCCESS
[✓] [2026-04-28T09:11:56.866Z] Loop #7 completed
[•] [2026-04-28T09:11:56.867Z] Waiting 459s till next loop...
[•] [2026-04-28T09:19:36.167Z] ═══ Loop #8 ═══
[•] [2026-04-28T09:19:36.226Z] Bridging ETH | Amount: 0.0000001 | Token: 0x0000000000000000000000000000000000000000
[•] [2026-04-28T09:19:36.228Z] Jitter delay: 26471ms
[•] [2026-04-28T09:20:05.930Z] Calldata: 0xd6d344a1...0000000000174876e800
[•] [2026-04-28T09:20:06.225Z] Estimated gas: 131192
[•] [2026-04-28T09:20:06.225Z] Sending tx... nonce: 535
[✓] [2026-04-28T09:20:06.897Z] Tx sent: 0xe3730a82c49b74a0be5587752dc0bb49b82a6b81f8ee9e62a71ae4320b4208f2
[•] [2026-04-28T09:20:06.901Z] Waiting confirmation...
[✓] [2026-04-28T09:20:13.830Z] Confirmed! Block: 1357980 | Gas: 126272 | Status: SUCCESS
[•] [2026-04-28T09:20:13.834Z] Jitter delay: 18153ms
[•] [2026-04-28T09:20:32.002Z] Bridging USDT | Amount: 0.00001 | Token: 0xfcc025A3E170DF62de0e25AF7CeAf1C89aBfe6E9
[•] [2026-04-28T09:20:32.003Z] Jitter delay: 8498ms
[✓] [2026-04-28T09:20:41.477Z] USDT already approved: 115792089237316195423570985008687907853269984665640564039457584007913129.639935
[•] [2026-04-28T09:20:42.346Z] Calldata: 0xd6d344a1...0000000000000000000a
[•] [2026-04-28T09:20:42.696Z] Estimated gas: 171206
[•] [2026-04-28T09:20:42.697Z] Sending tx... nonce: 536
[✓] [2026-04-28T09:20:43.414Z] Tx sent: 0x1407a6c62eb6e2a961b2827b66a0fb6c18dab81bffb77315a5fd017ffdd69915
[•] [2026-04-28T09:20:43.415Z] Waiting confirmation...
[✓] [2026-04-28T09:20:45.337Z] Confirmed! Block: 1357987 | Gas: 166286 | Status: SUCCESS
[•] [2026-04-28T09:20:45.337Z] Jitter delay: 16564ms
[•] [2026-04-28T09:21:01.914Z] Bridging USDC | Amount: 0.00001 | Token: 0xe819EB5be34B20f1FEC012c0DAf960397A0Fb386
[•] [2026-04-28T09:21:01.915Z] Jitter delay: 24425ms
[✓] [2026-04-28T09:21:27.207Z] USDC already approved: 115792089237316195423570985008687907853269984665640564039457584007913129.639935
[•] [2026-04-28T09:21:27.926Z] Calldata: 0xd6d344a1...0000000000000000000a
[•] [2026-04-28T09:21:28.184Z] Estimated gas: 171206
[•] [2026-04-28T09:21:28.185Z] Sending tx... nonce: 537
[✓] [2026-04-28T09:21:28.749Z] Tx sent: 0xb318e585f18646e195e60e53792b3d1a9f9531e99b65b19bb95dea6f37f23b46
[•] [2026-04-28T09:21:28.752Z] Waiting confirmation...
[✓] [2026-04-28T09:21:29.862Z] Confirmed! Block: 1357996 | Gas: 166286 | Status: SUCCESS
[•] [2026-04-28T09:21:29.863Z] Jitter delay: 11896ms
[•] [2026-04-28T09:21:41.765Z] Bridging DAI | Amount: 0.00001 | Token: 0xB96A869c74Be2eD561D95a77408505371F287d16
[•] [2026-04-28T09:21:41.767Z] Jitter delay: 10033ms
[✓] [2026-04-28T09:21:52.573Z] DAI already approved: 115792089237316195423570985008687907853269984665640564039457.584007913129639935
[•] [2026-04-28T09:21:53.370Z] Calldata: 0xd6d344a1...0000000009184e72a000
[•] [2026-04-28T09:21:53.618Z] Estimated gas: 171254
[•] [2026-04-28T09:21:53.619Z] Sending tx... nonce: 538
[✓] [2026-04-28T09:21:54.268Z] Tx sent: 0xdb88f7973d6c0e0ceb71dc743eae39da86a65191d8088ab1b3cada35e6387c4e
[•] [2026-04-28T09:21:54.270Z] Waiting confirmation...
[✓] [2026-04-28T09:22:00.816Z] Confirmed! Block: 1358002 | Gas: 166334 | Status: SUCCESS
[✓] [2026-04-28T09:22:00.821Z] Loop #8 completed
[•] [2026-04-28T09:22:00.822Z] Waiting 524s till next loop...
[•] [2026-04-28T09:30:45.673Z] ═══ Loop #9 ═══
[•] [2026-04-28T09:30:45.695Z] Bridging ETH | Amount: 0.0000001 | Token: 0x0000000000000000000000000000000000000000
[•] [2026-04-28T09:30:45.697Z] Jitter delay: 5595ms
[•] [2026-04-28T09:30:52.905Z] Calldata: 0xd6d344a1...0000000000174876e800
[•] [2026-04-28T09:30:53.213Z] Estimated gas: 131192
[•] [2026-04-28T09:30:53.216Z] Sending tx... nonce: 539
[✓] [2026-04-28T09:30:53.777Z] Tx sent: 0x9e3df07c83e4364a6ae1951e79d0f109f46eaf9b21bd2fe0253ec052559d38fc
[•] [2026-04-28T09:30:53.778Z] Waiting confirmation...
[✓] [2026-04-28T09:30:54.977Z] Confirmed! Block: 1358109 | Gas: 126272 | Status: SUCCESS
[•] [2026-04-28T09:30:54.979Z] Jitter delay: 6198ms
[•] [2026-04-28T09:31:01.179Z] Bridging USDT | Amount: 0.00001 | Token: 0xfcc025A3E170DF62de0e25AF7CeAf1C89aBfe6E9
[•] [2026-04-28T09:31:01.181Z] Jitter delay: 13780ms
[✓] [2026-04-28T09:31:15.896Z] USDT already approved: 115792089237316195423570985008687907853269984665640564039457584007913129.639935
[•] [2026-04-28T09:31:16.742Z] Calldata: 0xd6d344a1...0000000000000000000a
[•] [2026-04-28T09:31:17.012Z] Estimated gas: 171206
[•] [2026-04-28T09:31:17.013Z] Sending tx... nonce: 540
[✓] [2026-04-28T09:31:17.653Z] Tx sent: 0xd081582cfa4565d42483f59504e272181c765d27f01d33ac7780fbbd00eb1672
[•] [2026-04-28T09:31:17.654Z] Waiting confirmation...
[✓] [2026-04-28T09:31:23.813Z] Confirmed! Block: 1358114 | Gas: 166286 | Status: SUCCESS
[•] [2026-04-28T09:31:23.816Z] Jitter delay: 15359ms
[•] [2026-04-28T09:31:39.183Z] Bridging USDC | Amount: 0.00001 | Token: 0xe819EB5be34B20f1FEC012c0DAf960397A0Fb386
[•] [2026-04-28T09:31:39.184Z] Jitter delay: 14806ms
[✓] [2026-04-28T09:31:55.773Z] USDC already approved: 115792089237316195423570985008687907853269984665640564039457584007913129.639935
[•] [2026-04-28T09:31:56.911Z] Calldata: 0xd6d344a1...0000000000000000000a
[•] [2026-04-28T09:31:57.534Z] Estimated gas: 171206
[•] [2026-04-28T09:31:57.534Z] Sending tx... nonce: 541
[✓] [2026-04-28T09:31:58.482Z] Tx sent: 0xc06e4537f981eb24764c15f2c71d660c31ed40b2a7429186370ea23ce009dd30
[•] [2026-04-28T09:31:58.482Z] Waiting confirmation...
[✓] [2026-04-28T09:32:00.335Z] Confirmed! Block: 1358122 | Gas: 166286 | Status: SUCCESS
[•] [2026-04-28T09:32:00.336Z] Jitter delay: 19602ms
[•] [2026-04-28T09:32:19.946Z] Bridging DAI | Amount: 0.00001 | Token: 0xB96A869c74Be2eD561D95a77408505371F287d16
[•] [2026-04-28T09:32:19.947Z] Jitter delay: 8635ms
[✓] [2026-04-28T09:32:29.445Z] DAI already approved: 115792089237316195423570985008687907853269984665640564039457.584007913129639935
[•] [2026-04-28T09:32:31.768Z] Calldata: 0xd6d344a1...0000000009184e72a000
[•] [2026-04-28T09:32:32.030Z] Estimated gas: 171254
[•] [2026-04-28T09:32:32.031Z] Sending tx... nonce: 542
[✓] [2026-04-28T09:32:32.635Z] Tx sent: 0xc73ae6218fcc47265063b8af16cc25a37bd54ca5e90a4dfab6dca1d6299b6f4a
[•] [2026-04-28T09:32:32.636Z] Waiting confirmation...
[✓] [2026-04-28T09:32:38.348Z] Confirmed! Block: 1358129 | Gas: 166334 | Status: SUCCESS
[✓] [2026-04-28T09:32:38.351Z] Loop #9 completed
[•] [2026-04-28T09:32:38.354Z] Waiting 345s till next loop...
[•] [2026-04-28T09:38:23.994Z] ═══ Loop #10 ═══
[•] [2026-04-28T09:38:24.071Z] Bridging ETH | Amount: 0.0000001 | Token: 0x0000000000000000000000000000000000000000
[•] [2026-04-28T09:38:24.073Z] Jitter delay: 16151ms
[•] [2026-04-28T09:38:42.069Z] Calldata: 0xd6d344a1...0000000000174876e800
[•] [2026-04-28T09:38:42.716Z] Estimated gas: 131192
[•] [2026-04-28T09:38:42.717Z] Sending tx... nonce: 543
[✓] [2026-04-28T09:38:43.835Z] Tx sent: 0xafc20fbb8fbb053165922b70da9c4d5e4da49d005507b2138c8250bbf5d1781a
[•] [2026-04-28T09:38:43.836Z] Waiting confirmation...
[✓] [2026-04-28T09:38:45.748Z] Confirmed! Block: 1358203 | Gas: 126272 | Status: SUCCESS
[•] [2026-04-28T09:38:45.750Z] Jitter delay: 22715ms
[•] [2026-04-28T09:39:08.478Z] Bridging USDT | Amount: 0.00001 | Token: 0xfcc025A3E170DF62de0e25AF7CeAf1C89aBfe6E9
[•] [2026-04-28T09:39:08.480Z] Jitter delay: 17899ms
[✓] [2026-04-28T09:39:27.461Z] USDT already approved: 115792089237316195423570985008687907853269984665640564039457584007913129.639935
[•] [2026-04-28T09:39:28.258Z] Calldata: 0xd6d344a1...0000000000000000000a
[•] [2026-04-28T09:39:28.531Z] Estimated gas: 171206
[•] [2026-04-28T09:39:28.531Z] Sending tx... nonce: 544
[✓] [2026-04-28T09:39:29.099Z] Tx sent: 0x5c7316c520c4b692531dbc0dc5f83db129cf5082831ccd92b3772c27c442c1d4
[•] [2026-04-28T09:39:29.100Z] Waiting confirmation...
[✓] [2026-04-28T09:39:35.451Z] Confirmed! Block: 1358213 | Gas: 166286 | Status: SUCCESS
[•] [2026-04-28T09:39:35.453Z] Jitter delay: 22636ms
[•] [2026-04-28T09:39:58.101Z] Bridging USDC | Amount: 0.00001 | Token: 0xe819EB5be34B20f1FEC012c0DAf960397A0Fb386
[•] [2026-04-28T09:39:58.103Z] Jitter delay: 12384ms
[✓] [2026-04-28T09:40:11.386Z] USDC already approved: 115792089237316195423570985008687907853269984665640564039457584007913129.639935
[•] [2026-04-28T09:40:12.264Z] Calldata: 0xd6d344a1...0000000000000000000a
[•] [2026-04-28T09:40:12.575Z] Estimated gas: 171206
[•] [2026-04-28T09:40:12.575Z] Sending tx... nonce: 545
[✓] [2026-04-28T09:40:13.219Z] Tx sent: 0x254ae10b2672e9e1e699309801ddba6e257f3faa8455b753b7039a2c1abff9ad
[•] [2026-04-28T09:40:13.219Z] Waiting confirmation...
[✓] [2026-04-28T09:40:14.998Z] Confirmed! Block: 1358221 | Gas: 166286 | Status: SUCCESS
[•] [2026-04-28T09:40:14.999Z] Jitter delay: 5292ms
[•] [2026-04-28T09:40:20.293Z] Bridging DAI | Amount: 0.00001 | Token: 0xB96A869c74Be2eD561D95a77408505371F287d16
[•] [2026-04-28T09:40:20.294Z] Jitter delay: 28112ms
[✓] [2026-04-28T09:40:49.182Z] DAI already approved: 115792089237316195423570985008687907853269984665640564039457.584007913129639935
[•] [2026-04-28T09:40:49.905Z] Calldata: 0xd6d344a1...0000000009184e72a000
[•] [2026-04-28T09:40:50.633Z] Estimated gas: 171254
[•] [2026-04-28T09:40:50.634Z] Sending tx... nonce: 546
[✓] [2026-04-28T09:40:51.212Z] Tx sent: 0xc7f2428d3455f92023eb0b77a35c960a27883cf2ce5afde21bc1cf3853c25b24
[•] [2026-04-28T09:40:51.213Z] Waiting confirmation...
[✓] [2026-04-28T09:40:57.183Z] Confirmed! Block: 1358229 | Gas: 166334 | Status: SUCCESS
[✓] [2026-04-28T09:40:57.188Z] Loop #10 completed
[•] [2026-04-28T09:40:57.190Z] Waiting 328s till next loop...
[•] [2026-04-28T09:46:25.843Z] ═══ Loop #11 ═══
[•] [2026-04-28T09:46:25.846Z] Bridging ETH | Amount: 0.0000001 | Token: 0x0000000000000000000000000000000000000000
[•] [2026-04-28T09:46:25.847Z] Jitter delay: 6355ms
[•] [2026-04-28T09:46:33.668Z] Calldata: 0xd6d344a1...0000000000174876e800
[•] [2026-04-28T09:46:33.932Z] Estimated gas: 131192
[•] [2026-04-28T09:46:33.933Z] Sending tx... nonce: 547
[✓] [2026-04-28T09:46:34.852Z] Tx sent: 0x1b1fb715e3e95d1e419c085cb41f09dd110bd907b353eccff7881e6e25df5cf3
[•] [2026-04-28T09:46:34.853Z] Waiting confirmation...
[✓] [2026-04-28T09:46:40.654Z] Confirmed! Block: 1358298 | Gas: 126272 | Status: SUCCESS
[•] [2026-04-28T09:46:40.658Z] Jitter delay: 5662ms
[•] [2026-04-28T09:46:46.324Z] Bridging USDT | Amount: 0.00001 | Token: 0xfcc025A3E170DF62de0e25AF7CeAf1C89aBfe6E9
[•] [2026-04-28T09:46:46.326Z] Jitter delay: 9918ms
[✓] [2026-04-28T09:46:57.746Z] USDT already approved: 115792089237316195423570985008687907853269984665640564039457584007913129.639935
[•] [2026-04-28T09:46:58.762Z] Calldata: 0xd6d344a1...0000000000000000000a
[•] [2026-04-28T09:46:59.245Z] Estimated gas: 171206
[•] [2026-04-28T09:46:59.246Z] Sending tx... nonce: 548
[✓] [2026-04-28T09:47:00.042Z] Tx sent: 0xf423a90b0d3bd03d426a7ae753612a80e0c389ce9d2e147dbeae35c1088a66de
[•] [2026-04-28T09:47:00.043Z] Waiting confirmation...
[✓] [2026-04-28T09:47:06.106Z] Confirmed! Block: 1358303 | Gas: 166286 | Status: SUCCESS
[•] [2026-04-28T09:47:06.110Z] Jitter delay: 27905ms
[•] [2026-04-28T09:47:34.040Z] Bridging USDC | Amount: 0.00001 | Token: 0xe819EB5be34B20f1FEC012c0DAf960397A0Fb386
[•] [2026-04-28T09:47:34.042Z] Jitter delay: 26488ms
[✓] [2026-04-28T09:48:01.543Z] USDC already approved: 115792089237316195423570985008687907853269984665640564039457584007913129.639935
[•] [2026-04-28T09:48:02.433Z] Calldata: 0xd6d344a1...0000000000000000000a
[•] [2026-04-28T09:48:02.733Z] Estimated gas: 171206
[•] [2026-04-28T09:48:02.735Z] Sending tx... nonce: 549
[✓] [2026-04-28T09:48:03.349Z] Tx sent: 0xa87297062450a6ca4f093599e56ab7b4dc836b291ec9033e5b677409e6467ab2
[•] [2026-04-28T09:48:03.350Z] Waiting confirmation...
[✓] [2026-04-28T09:48:05.258Z] Confirmed! Block: 1358315 | Gas: 166286 | Status: SUCCESS
[•] [2026-04-28T09:48:05.263Z] Jitter delay: 22563ms
[•] [2026-04-28T09:48:27.838Z] Bridging DAI | Amount: 0.00001 | Token: 0xB96A869c74Be2eD561D95a77408505371F287d16
[•] [2026-04-28T09:48:27.840Z] Jitter delay: 16328ms
[✓] [2026-04-28T09:48:45.214Z] DAI already approved: 115792089237316195423570985008687907853269984665640564039457.584007913129639935
[•] [2026-04-28T09:48:46.155Z] Calldata: 0xd6d344a1...0000000009184e72a000
[•] [2026-04-28T09:48:46.538Z] Estimated gas: 171254
[•] [2026-04-28T09:48:46.541Z] Sending tx... nonce: 550
[✓] [2026-04-28T09:48:47.309Z] Tx sent: 0x1c7b4fe9cd833367bf7b8415216451b45d778619404b161d595f3e71981f3c34
[•] [2026-04-28T09:48:47.310Z] Waiting confirmation...
[✓] [2026-04-28T09:48:53.700Z] Confirmed! Block: 1358324 | Gas: 166334 | Status: SUCCESS
[✓] [2026-04-28T09:48:53.704Z] Loop #11 completed
[•] [2026-04-28T09:48:53.706Z] Waiting 560s till next loop...
[•] [2026-04-28T09:58:14.547Z] ═══ Loop #12 ═══
[•] [2026-04-28T09:58:14.585Z] Bridging ETH | Amount: 0.0000001 | Token: 0x0000000000000000000000000000000000000000
[•] [2026-04-28T09:58:14.587Z] Jitter delay: 12168ms
[•] [2026-04-28T09:58:28.391Z] Calldata: 0xd6d344a1...0000000000174876e800
[•] [2026-04-28T09:58:28.649Z] Estimated gas: 131192
[•] [2026-04-28T09:58:28.650Z] Sending tx... nonce: 551
[✓] [2026-04-28T09:58:29.253Z] Tx sent: 0x05bda40336cdc8301f71c032fc9ed16383ff44a84fbac86d3742bd048db42c86
[•] [2026-04-28T09:58:29.254Z] Waiting confirmation...
[✓] [2026-04-28T09:58:35.334Z] Confirmed! Block: 1358441 | Gas: 126272 | Status: SUCCESS
[•] [2026-04-28T09:58:35.338Z] Jitter delay: 6205ms
[•] [2026-04-28T09:58:41.548Z] Bridging USDT | Amount: 0.00001 | Token: 0xfcc025A3E170DF62de0e25AF7CeAf1C89aBfe6E9
[•] [2026-04-28T09:58:41.549Z] Jitter delay: 8510ms
[✓] [2026-04-28T09:58:51.019Z] USDT already approved: 115792089237316195423570985008687907853269984665640564039457584007913129.639935
[•] [2026-04-28T09:58:51.825Z] Calldata: 0xd6d344a1...0000000000000000000a
[•] [2026-04-28T09:58:52.094Z] Estimated gas: 171206
[•] [2026-04-28T09:58:52.096Z] Sending tx... nonce: 552
[✓] [2026-04-28T09:58:52.706Z] Tx sent: 0x6d113a30854d4fb504d8d0827894ce19cd9c286acc2b76dcd877a6db9c11cf44
[•] [2026-04-28T09:58:52.706Z] Waiting confirmation...
[✓] [2026-04-28T09:58:58.905Z] Confirmed! Block: 1358445 | Gas: 166286 | Status: SUCCESS
[•] [2026-04-28T09:58:58.911Z] Jitter delay: 27723ms
[•] [2026-04-28T09:59:26.644Z] Bridging USDC | Amount: 0.00001 | Token: 0xe819EB5be34B20f1FEC012c0DAf960397A0Fb386
[•] [2026-04-28T09:59:26.647Z] Jitter delay: 27722ms
[✓] [2026-04-28T09:59:55.178Z] USDC already approved: 115792089237316195423570985008687907853269984665640564039457584007913129.639935
[•] [2026-04-28T09:59:55.906Z] Calldata: 0xd6d344a1...0000000000000000000a
[•] [2026-04-28T09:59:56.138Z] Estimated gas: 171206
[•] [2026-04-28T09:59:56.139Z] Sending tx... nonce: 553
[✓] [2026-04-28T09:59:56.695Z] Tx sent: 0x898a4461dd7e15b14bef58448939129ed812e01276138567d275e81226f3f1f1
[•] [2026-04-28T09:59:56.696Z] Waiting confirmation...
[✓] [2026-04-28T10:00:02.611Z] Confirmed! Block: 1358458 | Gas: 166286 | Status: SUCCESS
[•] [2026-04-28T10:00:02.613Z] Jitter delay: 11179ms
[•] [2026-04-28T10:00:13.799Z] Bridging DAI | Amount: 0.00001 | Token: 0xB96A869c74Be2eD561D95a77408505371F287d16
[•] [2026-04-28T10:00:13.801Z] Jitter delay: 19467ms
[✓] [2026-04-28T10:00:34.105Z] DAI already approved: 115792089237316195423570985008687907853269984665640564039457.584007913129639935
[•] [2026-04-28T10:00:34.912Z] Calldata: 0xd6d344a1...0000000009184e72a000
[•] [2026-04-28T10:00:35.170Z] Estimated gas: 171254
[•] [2026-04-28T10:00:35.173Z] Sending tx... nonce: 554
[✓] [2026-04-28T10:00:35.746Z] Tx sent: 0x70f042124bd15fa01ea04a2effb389155e0a917bfc1ad0503c109bc92c5215ad
[•] [2026-04-28T10:00:35.747Z] Waiting confirmation...
[✓] [2026-04-28T10:00:41.777Z] Confirmed! Block: 1358466 | Gas: 166334 | Status: SUCCESS
[✓] [2026-04-28T10:00:41.780Z] Loop #12 completed
[•] [2026-04-28T10:00:41.781Z] Waiting 325s till next loop...
[•] [2026-04-28T16:54:14.243Z] ═══ Teqoin Auto Bridge Bot v4 Started ═══
[•] [2026-04-28T16:54:14.280Z] Mode: WRAP | Assets: ETH, USDT, USDC, DAI | Loop: true
[✗] [2026-04-28T16:54:14.377Z] TOR connection FAILED: request to https://check.torproject.org/api/ip failed, reason: connect ECONNREFUSED 127.0.0.1:9050
[✗] [2026-04-28T16:54:14.378Z] Aborting - TOR connection required
[•] [2026-04-28T16:56:25.649Z] ═══ Teqoin Auto Bridge Bot v4 Started ═══
[•] [2026-04-28T16:56:25.696Z] Mode: WRAP | Assets: ETH, USDT, USDC, DAI | Loop: true
[✓] [2026-04-28T16:56:27.540Z] TOR connected | Exit IP: 91.92.109.126
[✓] [2026-04-28T16:56:27.701Z] Wallet: 0xc176D56CCF99857A76d377Bacf21cF70107783e7
[•] [2026-04-28T16:56:27.702Z] ═══ Loop #1 ═══
[•] [2026-04-28T16:56:27.705Z] Bridging ETH | Amount: 0.0000001 | Token: 0x0000000000000000000000000000000000000000
[•] [2026-04-28T16:56:27.706Z] Jitter delay: 17466ms
[✗] [2026-04-28T16:56:50.238Z] ETH FAILED: request timeout
[•] [2026-04-28T16:56:50.240Z] Jitter delay: 12549ms
[•] [2026-04-28T16:57:02.798Z] Bridging USDT | Amount: 0.00001 | Token: 0xfcc025A3E170DF62de0e25AF7CeAf1C89aBfe6E9
[•] [2026-04-28T16:57:02.801Z] Jitter delay: 17760ms
[✓] [2026-04-28T16:57:22.572Z] USDT already approved: 115792089237316195423570985008687907853269984665640564039457584007913129.639935
[•] [2026-04-28T16:57:23.419Z] Calldata: 0xd6d344a1...0000000000000000000a
[•] [2026-04-28T16:57:23.681Z] Estimated gas: 171206
[•] [2026-04-28T16:57:23.683Z] Sending tx... nonce: 555
[✓] [2026-04-28T16:57:24.524Z] Tx sent: 0x9b46f95c9b18febde5ffc6d11baec6885aa69235b677fb05ccd1b1b57ca681dc
[•] [2026-04-28T16:57:24.524Z] Waiting confirmation...
[✓] [2026-04-28T16:57:30.337Z] Confirmed! Block: 1363467 | Gas: 166286 | Status: SUCCESS
[•] [2026-04-28T16:57:30.339Z] Jitter delay: 10898ms
[•] [2026-04-28T16:57:41.243Z] Bridging USDC | Amount: 0.00001 | Token: 0xe819EB5be34B20f1FEC012c0DAf960397A0Fb386
[•] [2026-04-28T16:57:41.245Z] Jitter delay: 5537ms
[✓] [2026-04-28T16:57:47.698Z] USDC already approved: 115792089237316195423570985008687907853269984665640564039457584007913129.639935
[•] [2026-04-28T16:57:48.516Z] Calldata: 0xd6d344a1...0000000000000000000a
[•] [2026-04-28T16:57:48.771Z] Estimated gas: 171206
[•] [2026-04-28T16:57:48.774Z] Sending tx... nonce: 556
[✓] [2026-04-28T16:57:49.383Z] Tx sent: 0xcf05a69a3786471decd82d46321b57eb9f5db70b13cf63000e2119311d5f6223
[•] [2026-04-28T16:57:49.384Z] Waiting confirmation...
[✓] [2026-04-28T16:57:55.295Z] Confirmed! Block: 1363472 | Gas: 166286 | Status: SUCCESS
[•] [2026-04-28T16:57:55.300Z] Jitter delay: 18256ms
[•] [2026-04-28T16:58:13.564Z] Bridging DAI | Amount: 0.00001 | Token: 0xB96A869c74Be2eD561D95a77408505371F287d16
[•] [2026-04-28T16:58:13.567Z] Jitter delay: 13154ms
[✓] [2026-04-28T16:58:27.630Z] DAI already approved: 115792089237316195423570985008687907853269984665640564039457.584007913129639935
[•] [2026-04-28T16:58:28.384Z] Calldata: 0xd6d344a1...0000000009184e72a000
[•] [2026-04-28T16:58:29.122Z] Estimated gas: 171254
[•] [2026-04-28T16:58:29.125Z] Sending tx... nonce: 557
[✓] [2026-04-28T16:58:29.769Z] Tx sent: 0x49db9847b4ef410738033479ca5d4e962cc2d19ab5c2843bc0249c39750224b7
[•] [2026-04-28T16:58:29.770Z] Waiting confirmation...
[✓] [2026-04-28T16:58:35.808Z] Confirmed! Block: 1363480 | Gas: 166334 | Status: SUCCESS
[✓] [2026-04-28T16:58:35.812Z] Loop #1 completed
[•] [2026-04-28T16:58:35.813Z] Waiting 314s till next loop...
[•] [2026-04-28T17:10:51.451Z] ═══ Loop #2 ═══
[•] [2026-04-28T17:10:51.456Z] Bridging ETH | Amount: 0.0000001 | Token: 0x0000000000000000000000000000000000000000
[•] [2026-04-28T17:10:51.457Z] Jitter delay: 19049ms
[✗] [2026-04-28T17:12:23.968Z] ETH FAILED: request timeout
[•] [2026-04-28T17:12:23.971Z] Jitter delay: 18118ms
[•] [2026-04-28T17:12:55.501Z] Bridging USDT | Amount: 0.00001 | Token: 0xfcc025A3E170DF62de0e25AF7CeAf1C89aBfe6E9
[•] [2026-04-28T17:12:55.507Z] Jitter delay: 6773ms
[✓] [2026-04-28T17:13:14.952Z] USDT already approved: 115792089237316195423570985008687907853269984665640564039457584007913129.639935
[•] [2026-04-28T17:13:15.785Z] Calldata: 0xd6d344a1...0000000000000000000a
[•] [2026-04-28T17:13:16.052Z] Estimated gas: 171206
[•] [2026-04-28T17:13:16.054Z] Sending tx... nonce: 558
[✓] [2026-04-28T17:13:16.725Z] Tx sent: 0x59ce9eeb891fa9f693991317dbea2b5a51804a0598163abbcca169985adb3d91
[•] [2026-04-28T17:13:16.726Z] Waiting confirmation...
[✓] [2026-04-28T17:13:26.742Z] Confirmed! Block: 1363658 | Gas: 166286 | Status: SUCCESS
[•] [2026-04-28T17:13:26.747Z] Jitter delay: 28682ms
[•] [2026-04-28T17:15:00.740Z] Bridging USDC | Amount: 0.00001 | Token: 0xe819EB5be34B20f1FEC012c0DAf960397A0Fb386
[•] [2026-04-28T17:15:00.741Z] Jitter delay: 24259ms
[✓] [2026-04-28T17:16:03.547Z] USDC already approved: 115792089237316195423570985008687907853269984665640564039457584007913129.639935
[•] [2026-04-28T17:16:04.409Z] Calldata: 0xd6d344a1...0000000000000000000a
[•] [2026-04-28T17:16:04.718Z] Estimated gas: 171206
[•] [2026-04-28T17:16:04.720Z] Sending tx... nonce: 559
[✓] [2026-04-28T17:16:05.371Z] Tx sent: 0xd0e13d71be880168e216fe564c1a627d4b1fed4f2353cff76d1e1038f15311da
[•] [2026-04-28T17:16:05.372Z] Waiting confirmation...
[✓] [2026-04-28T17:16:07.213Z] Confirmed! Block: 1363691 | Gas: 166286 | Status: SUCCESS
[•] [2026-04-28T17:16:07.214Z] Jitter delay: 12123ms
[•] [2026-04-28T17:16:43.032Z] Bridging DAI | Amount: 0.00001 | Token: 0xB96A869c74Be2eD561D95a77408505371F287d16
[•] [2026-04-28T17:16:43.033Z] Jitter delay: 17374ms
[✓] [2026-04-28T17:17:57.135Z] DAI already approved: 115792089237316195423570985008687907853269984665640564039457.584007913129639935
[•] [2026-04-28T17:17:57.931Z] Calldata: 0xd6d344a1...0000000009184e72a000
[•] [2026-04-28T17:17:58.219Z] Estimated gas: 171254
[•] [2026-04-28T17:17:58.221Z] Sending tx... nonce: 560
[✓] [2026-04-28T17:17:58.823Z] Tx sent: 0x4c8c23b03c96d745aa9e4df4f8367e9ab901bd698ed20ada0249f14938625a8e
[•] [2026-04-28T17:17:58.825Z] Waiting confirmation...
[✓] [2026-04-28T17:18:04.651Z] Confirmed! Block: 1363714 | Gas: 166334 | Status: SUCCESS
[✓] [2026-04-28T17:18:04.655Z] Loop #2 completed
[•] [2026-04-28T17:18:04.656Z] Waiting 540s till next loop...
[•] [2026-04-28T18:03:47.720Z] ═══ Loop #3 ═══
[•] [2026-04-28T18:03:47.792Z] Bridging ETH | Amount: 0.0000001 | Token: 0x0000000000000000000000000000000000000000
[•] [2026-04-28T18:03:47.797Z] Jitter delay: 9251ms
[•] [2026-04-28T18:04:04.940Z] Calldata: 0xd6d344a1...0000000000174876e800
[•] [2026-04-28T18:04:05.278Z] Estimated gas: 131192
[•] [2026-04-28T18:04:05.280Z] Sending tx... nonce: 561
[✓] [2026-04-28T18:04:06.021Z] Tx sent: 0x343999fe172b49c7ee9d74b058cdb5b646518c619bf0d0bd618e068b3a0cdb39
[•] [2026-04-28T18:04:06.022Z] Waiting confirmation...
[✓] [2026-04-28T18:04:07.998Z] Confirmed! Block: 1364267 | Gas: 126272 | Status: SUCCESS
[•] [2026-04-28T18:04:08.000Z] Jitter delay: 28892ms
[•] [2026-04-28T18:05:36.411Z] Bridging USDT | Amount: 0.00001 | Token: 0xfcc025A3E170DF62de0e25AF7CeAf1C89aBfe6E9
[•] [2026-04-28T18:05:36.413Z] Jitter delay: 28816ms
[✓] [2026-04-28T18:06:06.307Z] USDT already approved: 115792089237316195423570985008687907853269984665640564039457584007913129.639935
[•] [2026-04-28T18:06:07.414Z] Calldata: 0xd6d344a1...0000000000000000000a
[•] [2026-04-28T18:06:07.724Z] Estimated gas: 171206
[•] [2026-04-28T18:06:07.737Z] Sending tx... nonce: 562
[✓] [2026-04-28T18:06:08.535Z] Tx sent: 0xb8ddb0862f9176c1fd9b45bb40bcd987e6dcd5f203283465ebe01eab539be5c5
[•] [2026-04-28T18:06:08.536Z] Waiting confirmation...
[✓] [2026-04-28T18:06:14.590Z] Confirmed! Block: 1364292 | Gas: 166286 | Status: SUCCESS
[•] [2026-04-28T18:06:14.592Z] Jitter delay: 23758ms
[•] [2026-04-28T18:09:16.601Z] Bridging USDC | Amount: 0.00001 | Token: 0xe819EB5be34B20f1FEC012c0DAf960397A0Fb386
[•] [2026-04-28T18:09:16.604Z] Jitter delay: 22339ms
[✗] [2026-04-28T18:13:49.701Z] Allowance check failed: request timeout (code=TIMEOUT, version=6.16.0)
[✗] [2026-04-28T18:13:49.704Z] USDC approval FAILED: request timeout
[✗] [2026-04-28T18:13:49.705Z] USDC FAILED: request timeout
[•] [2026-04-28T18:13:49.706Z] Jitter delay: 27066ms
[•] [2026-04-28T18:20:21.569Z] Bridging DAI | Amount: 0.00001 | Token: 0xB96A869c74Be2eD561D95a77408505371F287d16
[•] [2026-04-28T18:20:21.569Z] Jitter delay: 13760ms
[✗] [2026-04-28T18:29:30.025Z] Allowance check failed: request timeout (code=TIMEOUT, version=6.16.0)
[✗] [2026-04-28T18:29:30.026Z] DAI approval FAILED: request timeout
[✗] [2026-04-28T18:29:30.026Z] DAI FAILED: request timeout
[✓] [2026-04-28T18:29:30.026Z] Loop #3 completed
[•] [2026-04-28T18:29:30.029Z] Waiting 501s till next loop...
[•] [2026-04-29T17:40:12.908Z] ═══ Teqoin Auto Bridge Bot v4 Started ═══
[•] [2026-04-29T17:40:12.978Z] Mode: WRAP | Assets: ETH, USDT, USDC, DAI | Loop: true
[✓] [2026-04-29T17:40:14.220Z] TOR connected | Exit IP: 185.246.188.74
[✓] [2026-04-29T17:40:14.358Z] Wallet: 0xc176D56CCF99857A76d377Bacf21cF70107783e7
[•] [2026-04-29T17:40:14.358Z] ═══ Loop #1 ═══
[•] [2026-04-29T17:40:14.361Z] Bridging ETH | Amount: 0.0000001 | Token: 0x0000000000000000000000000000000000000000
[•] [2026-04-29T17:40:14.362Z] Jitter delay: 27076ms
[•] [2026-04-29T17:40:43.885Z] Calldata: 0xd6d344a1...0000000000174876e800
[•] [2026-04-29T17:40:44.263Z] Estimated gas: 131192
[•] [2026-04-29T17:40:44.264Z] Sending tx... nonce: 563
[✓] [2026-04-29T17:40:45.103Z] Tx sent: 0x3966470e8cb09393e45a0d92b9451ef9294c07d175be5035a93cc00c964e5a31
[•] [2026-04-29T17:40:45.104Z] Waiting confirmation...
[✓] [2026-04-29T17:40:51.887Z] Confirmed! Block: 1381259 | Gas: 126272 | Status: SUCCESS
[•] [2026-04-29T17:40:51.890Z] Jitter delay: 7801ms
[•] [2026-04-29T17:40:59.697Z] Bridging USDT | Amount: 0.00001 | Token: 0xfcc025A3E170DF62de0e25AF7CeAf1C89aBfe6E9
[•] [2026-04-29T17:40:59.699Z] Jitter delay: 6564ms
[✓] [2026-04-29T17:41:07.392Z] USDT already approved: 115792089237316195423570985008687907853269984665640564039457584007913129.639935
[•] [2026-04-29T17:41:08.481Z] Calldata: 0xd6d344a1...0000000000000000000a
[•] [2026-04-29T17:41:08.732Z] Estimated gas: 171206
[•] [2026-04-29T17:41:08.733Z] Sending tx... nonce: 564
[✓] [2026-04-29T17:41:09.278Z] Tx sent: 0x002f12fab547adfcf8cb55236541023741448c94c4186e111a4cd04d7e535e72
[•] [2026-04-29T17:41:09.279Z] Waiting confirmation...
[✓] [2026-04-29T17:41:15.648Z] Confirmed! Block: 1381264 | Gas: 166286 | Status: SUCCESS
[•] [2026-04-29T17:41:15.652Z] Jitter delay: 10992ms
[•] [2026-04-29T17:41:26.648Z] Bridging USDC | Amount: 0.00001 | Token: 0xe819EB5be34B20f1FEC012c0DAf960397A0Fb386
[•] [2026-04-29T17:41:26.650Z] Jitter delay: 17288ms
[✓] [2026-04-29T17:41:45.198Z] USDC already approved: 115792089237316195423570985008687907853269984665640564039457584007913129.639935
[•] [2026-04-29T17:41:46.475Z] Calldata: 0xd6d344a1...0000000000000000000a
[•] [2026-04-29T17:41:46.920Z] Estimated gas: 171206
[•] [2026-04-29T17:41:46.921Z] Sending tx... nonce: 565
[✓] [2026-04-29T17:41:47.705Z] Tx sent: 0x9b7d99ad94c4b2f0d6ccc57316450654b2dcca4d4ab301623b09577a65db75e2
[•] [2026-04-29T17:41:47.706Z] Waiting confirmation...
[✓] [2026-04-29T17:41:49.853Z] Confirmed! Block: 1381271 | Gas: 166286 | Status: SUCCESS
[•] [2026-04-29T17:41:49.855Z] Jitter delay: 26541ms
[•] [2026-04-29T17:42:16.406Z] Bridging DAI | Amount: 0.00001 | Token: 0xB96A869c74Be2eD561D95a77408505371F287d16
[•] [2026-04-29T17:42:16.411Z] Jitter delay: 26127ms
[✓] [2026-04-29T17:42:43.965Z] DAI already approved: 115792089237316195423570985008687907853269984665640564039457.584007913129639935
[•] [2026-04-29T17:42:45.003Z] Calldata: 0xd6d344a1...0000000009184e72a000
[•] [2026-04-29T17:42:45.330Z] Estimated gas: 171254
[•] [2026-04-29T17:42:45.332Z] Sending tx... nonce: 566
[✓] [2026-04-29T17:42:46.113Z] Tx sent: 0x7a4870ebfd148527708e8ab8578d5f09b5235fd79d89b205c8d13e350913e0ef
[•] [2026-04-29T17:42:46.114Z] Waiting confirmation...
[✓] [2026-04-29T17:42:52.838Z] Confirmed! Block: 1381283 | Gas: 166334 | Status: SUCCESS
[✓] [2026-04-29T17:42:52.845Z] Loop #1 completed
[•] [2026-04-29T17:42:52.847Z] Waiting 377s till next loop...
[•] [2026-04-29T17:49:10.111Z] ═══ Loop #2 ═══
[•] [2026-04-29T17:49:10.213Z] Bridging ETH | Amount: 0.0000001 | Token: 0x0000000000000000000000000000000000000000
[•] [2026-04-29T17:49:10.215Z] Jitter delay: 6511ms
[•] [2026-04-29T17:49:18.351Z] Calldata: 0xd6d344a1...0000000000174876e800
[•] [2026-04-29T17:49:18.573Z] Estimated gas: 131192
[•] [2026-04-29T17:49:18.575Z] Sending tx... nonce: 567
[✓] [2026-04-29T17:49:19.162Z] Tx sent: 0x5ae8881744885fc257f8cad9832e6bca54bdcc83e044008cbcd053eefe6c9ad1
[•] [2026-04-29T17:49:19.162Z] Waiting confirmation...
[✓] [2026-04-29T17:49:25.035Z] Confirmed! Block: 1381362 | Gas: 126272 | Status: SUCCESS
[•] [2026-04-29T17:49:25.047Z] Jitter delay: 25652ms
[•] [2026-04-29T17:49:50.726Z] Bridging USDT | Amount: 0.00001 | Token: 0xfcc025A3E170DF62de0e25AF7CeAf1C89aBfe6E9
[•] [2026-04-29T17:49:50.728Z] Jitter delay: 21854ms
[✓] [2026-04-29T17:50:14.258Z] USDT already approved: 115792089237316195423570985008687907853269984665640564039457584007913129.639935
[•] [2026-04-29T17:50:15.184Z] Calldata: 0xd6d344a1...0000000000000000000a
[•] [2026-04-29T17:50:15.486Z] Estimated gas: 171206
[•] [2026-04-29T17:50:15.489Z] Sending tx... nonce: 568
[✓] [2026-04-29T17:50:16.178Z] Tx sent: 0x390405e04effadb566046fdb9ce39e19dadefa08b02041711446b3c08014305f
[•] [2026-04-29T17:50:16.179Z] Waiting confirmation...
[✓] [2026-04-29T17:50:22.579Z] Confirmed! Block: 1381373 | Gas: 166286 | Status: SUCCESS
[•] [2026-04-29T17:50:22.581Z] Jitter delay: 25969ms
[•] [2026-04-29T17:50:48.565Z] Bridging USDC | Amount: 0.00001 | Token: 0xe819EB5be34B20f1FEC012c0DAf960397A0Fb386
[•] [2026-04-29T17:50:48.568Z] Jitter delay: 23394ms
[✓] [2026-04-29T17:51:12.796Z] USDC already approved: 115792089237316195423570985008687907853269984665640564039457584007913129.639935
[•] [2026-04-29T17:51:13.621Z] Calldata: 0xd6d344a1...0000000000000000000a
[•] [2026-04-29T17:51:13.899Z] Estimated gas: 171206
[•] [2026-04-29T17:51:13.900Z] Sending tx... nonce: 569
[✓] [2026-04-29T17:51:14.484Z] Tx sent: 0x7bb80be149936048ccb787b19e0b036a3298847f317f10040be1cdd41e2d6805
[•] [2026-04-29T17:51:14.485Z] Waiting confirmation...
[✓] [2026-04-29T17:51:20.403Z] Confirmed! Block: 1381385 | Gas: 166286 | Status: SUCCESS
[•] [2026-04-29T17:51:20.405Z] Jitter delay: 17245ms
[•] [2026-04-29T17:51:37.662Z] Bridging DAI | Amount: 0.00001 | Token: 0xB96A869c74Be2eD561D95a77408505371F287d16
[•] [2026-04-29T17:51:37.663Z] Jitter delay: 27217ms
[✓] [2026-04-29T17:52:05.846Z] DAI already approved: 115792089237316195423570985008687907853269984665640564039457.584007913129639935
[•] [2026-04-29T17:52:06.729Z] Calldata: 0xd6d344a1...0000000009184e72a000
[•] [2026-04-29T17:52:07.009Z] Estimated gas: 171254
[•] [2026-04-29T17:52:07.010Z] Sending tx... nonce: 570
[✓] [2026-04-29T17:52:07.626Z] Tx sent: 0xaac6af79beafe4f42266a8f1b63fd73df3f876d8ed06ea5e90e4b7242d40bd4e
[•] [2026-04-29T17:52:07.627Z] Waiting confirmation...
[✓] [2026-04-29T17:52:09.638Z] Confirmed! Block: 1381395 | Gas: 166334 | Status: SUCCESS
[✓] [2026-04-29T17:52:09.638Z] Loop #2 completed
[•] [2026-04-29T17:52:09.638Z] Waiting 323s till next loop...
[•] [2026-04-29T17:58:51.668Z] ═══ Loop #3 ═══
[•] [2026-04-29T17:58:51.749Z] Bridging ETH | Amount: 0.0000001 | Token: 0x0000000000000000000000000000000000000000
[•] [2026-04-29T17:58:51.751Z] Jitter delay: 22313ms
[•] [2026-04-29T17:59:15.764Z] Calldata: 0xd6d344a1...0000000000174876e800
[•] [2026-04-29T17:59:15.996Z] Estimated gas: 131192
[•] [2026-04-29T17:59:15.998Z] Sending tx... nonce: 571
[✓] [2026-04-29T17:59:16.642Z] Tx sent: 0x893736f073ded8ab057fb42df4859ace94797f34c215ec3c753671d44bb5ef65
[•] [2026-04-29T17:59:16.642Z] Waiting confirmation...
[✓] [2026-04-29T17:59:22.320Z] Confirmed! Block: 1381481 | Gas: 126272 | Status: SUCCESS
[•] [2026-04-29T17:59:22.328Z] Jitter delay: 17016ms
[•] [2026-04-29T17:59:39.352Z] Bridging USDT | Amount: 0.00001 | Token: 0xfcc025A3E170DF62de0e25AF7CeAf1C89aBfe6E9
[•] [2026-04-29T17:59:39.354Z] Jitter delay: 19799ms
[✓] [2026-04-29T17:59:59.870Z] USDT already approved: 115792089237316195423570985008687907853269984665640564039457584007913129.639935
[•] [2026-04-29T18:00:00.627Z] Calldata: 0xd6d344a1...0000000000000000000a
[•] [2026-04-29T18:00:00.843Z] Estimated gas: 171206
[•] [2026-04-29T18:00:00.845Z] Sending tx... nonce: 572
[✓] [2026-04-29T18:00:01.340Z] Tx sent: 0x62cf84dcac4ae93ae39758eb9d2426eeb679d8e3aacc124b883481fba99cfe0a
[•] [2026-04-29T18:00:01.341Z] Waiting confirmation...
[✓] [2026-04-29T18:00:07.088Z] Confirmed! Block: 1381490 | Gas: 166286 | Status: SUCCESS
[•] [2026-04-29T18:00:07.094Z] Jitter delay: 5205ms
[•] [2026-04-29T18:00:12.302Z] Bridging USDC | Amount: 0.00001 | Token: 0xe819EB5be34B20f1FEC012c0DAf960397A0Fb386
[•] [2026-04-29T18:00:12.304Z] Jitter delay: 5421ms
[✓] [2026-04-29T18:00:18.425Z] USDC already approved: 115792089237316195423570985008687907853269984665640564039457584007913129.639935
[•] [2026-04-29T18:00:19.135Z] Calldata: 0xd6d344a1...0000000000000000000a
[•] [2026-04-29T18:00:19.378Z] Estimated gas: 171206
[•] [2026-04-29T18:00:19.380Z] Sending tx... nonce: 573
[✓] [2026-04-29T18:00:19.883Z] Tx sent: 0x057005b88f030c73cd09312e419f3a32a06225c6a16e07e134c8ed5edce87cd7
[•] [2026-04-29T18:00:19.884Z] Waiting confirmation...
[✓] [2026-04-29T18:00:25.493Z] Confirmed! Block: 1381494 | Gas: 166286 | Status: SUCCESS
[•] [2026-04-29T18:00:25.500Z] Jitter delay: 5775ms
[•] [2026-04-29T18:00:31.280Z] Bridging DAI | Amount: 0.00001 | Token: 0xB96A869c74Be2eD561D95a77408505371F287d16
[•] [2026-04-29T18:00:31.282Z] Jitter delay: 21482ms
[✓] [2026-04-29T18:00:53.401Z] DAI already approved: 115792089237316195423570985008687907853269984665640564039457.584007913129639935
[•] [2026-04-29T18:00:54.043Z] Calldata: 0xd6d344a1...0000000009184e72a000
[•] [2026-04-29T18:00:54.276Z] Estimated gas: 171254
[•] [2026-04-29T18:00:54.276Z] Sending tx... nonce: 574
[✓] [2026-04-29T18:00:54.719Z] Tx sent: 0x5db28835cd0ee1d776f025729501505cd7f2f7cf71309d05ff4da0759a69bc7e
[•] [2026-04-29T18:00:54.720Z] Waiting confirmation...
[✓] [2026-04-29T18:01:00.325Z] Confirmed! Block: 1381501 | Gas: 166334 | Status: SUCCESS
[✓] [2026-04-29T18:01:00.328Z] Loop #3 completed
[•] [2026-04-29T18:01:00.328Z] Waiting 312s till next loop...
[•] [2026-04-29T18:06:23.544Z] ═══ Loop #4 ═══
[•] [2026-04-29T18:06:23.679Z] Bridging ETH | Amount: 0.0000001 | Token: 0x0000000000000000000000000000000000000000
[•] [2026-04-29T18:06:23.681Z] Jitter delay: 16736ms
[•] [2026-04-29T18:06:42.182Z] Calldata: 0xd6d344a1...0000000000174876e800
[•] [2026-04-29T18:06:42.426Z] Estimated gas: 131192
[•] [2026-04-29T18:06:42.429Z] Sending tx... nonce: 575
[✓] [2026-04-29T18:06:43.044Z] Tx sent: 0xb2f29137a15b1d9079bfe509ceb7e8ff0863fe730a73c2aa68b38d398734489c
[•] [2026-04-29T18:06:43.045Z] Waiting confirmation...
[✓] [2026-04-29T18:06:44.330Z] Confirmed! Block: 1381570 | Gas: 126272 | Status: SUCCESS
[•] [2026-04-29T18:06:44.331Z] Jitter delay: 12132ms
[•] [2026-04-29T18:06:56.471Z] Bridging USDT | Amount: 0.00001 | Token: 0xfcc025A3E170DF62de0e25AF7CeAf1C89aBfe6E9
[•] [2026-04-29T18:06:56.474Z] Jitter delay: 19739ms
[✓] [2026-04-29T18:07:16.934Z] USDT already approved: 115792089237316195423570985008687907853269984665640564039457584007913129.639935
[•] [2026-04-29T18:07:17.667Z] Calldata: 0xd6d344a1...0000000000000000000a
[•] [2026-04-29T18:07:17.901Z] Estimated gas: 171206
[•] [2026-04-29T18:07:17.902Z] Sending tx... nonce: 576
[✓] [2026-04-29T18:07:18.422Z] Tx sent: 0xbe31633d005ee3a299ca88aa8b200389b7a00230925c5c17f0a77ec4e3cbe5e5
[•] [2026-04-29T18:07:18.424Z] Waiting confirmation...
[✓] [2026-04-29T18:07:24.341Z] Confirmed! Block: 1381578 | Gas: 166286 | Status: SUCCESS
[•] [2026-04-29T18:07:24.344Z] Jitter delay: 10485ms
[•] [2026-04-29T18:07:34.839Z] Bridging USDC | Amount: 0.00001 | Token: 0xe819EB5be34B20f1FEC012c0DAf960397A0Fb386
[•] [2026-04-29T18:07:34.841Z] Jitter delay: 11833ms
[✓] [2026-04-29T18:07:47.322Z] USDC already approved: 115792089237316195423570985008687907853269984665640564039457584007913129.639935
[•] [2026-04-29T18:07:47.986Z] Calldata: 0xd6d344a1...0000000000000000000a
[•] [2026-04-29T18:07:48.208Z] Estimated gas: 171206
[•] [2026-04-29T18:07:48.210Z] Sending tx... nonce: 577
[✓] [2026-04-29T18:07:48.707Z] Tx sent: 0x59f2b5360f814a092d3e918c4c7643f784e9f50845f4a84204f95e6827c709c0
[•] [2026-04-29T18:07:48.708Z] Waiting confirmation...
[✓] [2026-04-29T18:07:54.652Z] Confirmed! Block: 1381584 | Gas: 166286 | Status: SUCCESS
[•] [2026-04-29T18:07:54.659Z] Jitter delay: 6189ms
[•] [2026-04-29T18:08:00.854Z] Bridging DAI | Amount: 0.00001 | Token: 0xB96A869c74Be2eD561D95a77408505371F287d16
[•] [2026-04-29T18:08:00.856Z] Jitter delay: 14549ms
[✓] [2026-04-29T18:08:16.120Z] DAI already approved: 115792089237316195423570985008687907853269984665640564039457.584007913129639935
[•] [2026-04-29T18:08:16.841Z] Calldata: 0xd6d344a1...0000000009184e72a000
[•] [2026-04-29T18:08:17.056Z] Estimated gas: 171254
[•] [2026-04-29T18:08:17.059Z] Sending tx... nonce: 578
[✓] [2026-04-29T18:08:17.575Z] Tx sent: 0x4e4a8305b131f1d110f1756045dad82d4a9144b6c9d209af98d35fc2c0f43be3
[•] [2026-04-29T18:08:17.576Z] Waiting confirmation...
[✓] [2026-04-29T18:08:18.889Z] Confirmed! Block: 1381589 | Gas: 166334 | Status: SUCCESS
[✓] [2026-04-29T18:08:18.890Z] Loop #4 completed
[•] [2026-04-29T18:08:18.902Z] Waiting 426s till next loop...
[•] [2026-04-29T18:20:38.350Z] ═══ Loop #5 ═══
[•] [2026-04-29T18:20:38.447Z] Bridging ETH | Amount: 0.0000001 | Token: 0x0000000000000000000000000000000000000000
[•] [2026-04-29T18:20:38.448Z] Jitter delay: 29790ms
[•] [2026-04-29T18:21:11.464Z] Calldata: 0xd6d344a1...0000000000174876e800
[•] [2026-04-29T18:21:11.942Z] Estimated gas: 131192
[•] [2026-04-29T18:21:11.943Z] Sending tx... nonce: 579
[✓] [2026-04-29T18:21:14.830Z] Tx sent: 0xc898b8eda90d638f503e9d2b791fb60ff578b4f63ac07b5d491e006494feeec5
[•] [2026-04-29T18:21:14.831Z] Waiting confirmation...
[✓] [2026-04-29T18:21:21.865Z] Confirmed! Block: 1381745 | Gas: 126272 | Status: SUCCESS
[•] [2026-04-29T18:21:21.867Z] Jitter delay: 29396ms
[•] [2026-04-29T18:21:51.360Z] Bridging USDT | Amount: 0.00001 | Token: 0xfcc025A3E170DF62de0e25AF7CeAf1C89aBfe6E9
[•] [2026-04-29T18:21:51.488Z] Jitter delay: 25957ms
[✓] [2026-04-29T18:22:19.348Z] USDT already approved: 115792089237316195423570985008687907853269984665640564039457584007913129.639935
[•] [2026-04-29T18:22:20.372Z] Calldata: 0xd6d344a1...0000000000000000000a
[•] [2026-04-29T18:22:20.621Z] Estimated gas: 171206
[•] [2026-04-29T18:22:20.641Z] Sending tx... nonce: 580
[✓] [2026-04-29T18:22:21.509Z] Tx sent: 0x2f5afe23d95ea75198f049d3e4777dc39229f7991024d80fa042cce51a81b916
[•] [2026-04-29T18:22:21.516Z] Waiting confirmation...
[✓] [2026-04-29T18:22:27.688Z] Confirmed! Block: 1381758 | Gas: 166286 | Status: SUCCESS
[•] [2026-04-29T18:22:27.689Z] Jitter delay: 14022ms
[•] [2026-04-29T18:22:41.719Z] Bridging USDC | Amount: 0.00001 | Token: 0xe819EB5be34B20f1FEC012c0DAf960397A0Fb386
[•] [2026-04-29T18:22:41.723Z] Jitter delay: 24402ms
[✓] [2026-04-29T18:23:06.800Z] USDC already approved: 115792089237316195423570985008687907853269984665640564039457584007913129.639935
[•] [2026-04-29T18:23:07.431Z] Calldata: 0xd6d344a1...0000000000000000000a
[•] [2026-04-29T18:23:07.905Z] Estimated gas: 171206
[•] [2026-04-29T18:23:07.906Z] Sending tx... nonce: 581
[✓] [2026-04-29T18:23:08.359Z] Tx sent: 0xc1c6d3c3e40ed4d935ba15ae6a0697a06386c6c3e48231c208590765920b3718
[•] [2026-04-29T18:23:08.361Z] Waiting confirmation...
[✓] [2026-04-29T18:23:09.192Z] Confirmed! Block: 1381767 | Gas: 166286 | Status: SUCCESS
[•] [2026-04-29T18:23:09.193Z] Jitter delay: 13264ms
[•] [2026-04-29T18:23:22.473Z] Bridging DAI | Amount: 0.00001 | Token: 0xB96A869c74Be2eD561D95a77408505371F287d16
[•] [2026-04-29T18:23:22.475Z] Jitter delay: 5425ms
[✓] [2026-04-29T18:23:28.973Z] DAI already approved: 115792089237316195423570985008687907853269984665640564039457.584007913129639935
[•] [2026-04-29T18:23:29.860Z] Calldata: 0xd6d344a1...0000000009184e72a000
[•] [2026-04-29T18:23:30.123Z] Estimated gas: 171254
[•] [2026-04-29T18:23:30.123Z] Sending tx... nonce: 582
[✓] [2026-04-29T18:23:30.641Z] Tx sent: 0x1d47ff335c7fa6e8da9ea0c03203ceb87f2a38170bfeb878ea1c3c39233245c8
[•] [2026-04-29T18:23:30.641Z] Waiting confirmation...
[✓] [2026-04-29T18:23:36.365Z] Confirmed! Block: 1381772 | Gas: 166334 | Status: SUCCESS
[✓] [2026-04-29T18:23:36.371Z] Loop #5 completed
[•] [2026-04-29T18:23:36.377Z] Waiting 447s till next loop...
[•] [2026-04-29T18:31:12.435Z] ═══ Loop #6 ═══
[•] [2026-04-29T18:31:12.528Z] Bridging ETH | Amount: 0.0000001 | Token: 0x0000000000000000000000000000000000000000
[•] [2026-04-29T18:31:12.529Z] Jitter delay: 15242ms
[•] [2026-04-29T18:31:43.092Z] Calldata: 0xd6d344a1...0000000000174876e800
[•] [2026-04-29T18:31:43.344Z] Estimated gas: 131192
[•] [2026-04-29T18:31:43.346Z] Sending tx... nonce: 583
[✓] [2026-04-29T18:31:43.970Z] Tx sent: 0x318d6a4742e54418ac872f79d6b8c45dd708fa4ce7c1a5c6b99b6fb803e1bf39
[•] [2026-04-29T18:31:43.971Z] Waiting confirmation...
[✓] [2026-04-29T18:31:50.075Z] Confirmed! Block: 1381871 | Gas: 126272 | Status: SUCCESS
[•] [2026-04-29T18:31:50.078Z] Jitter delay: 24162ms
[•] [2026-04-29T18:32:14.254Z] Bridging USDT | Amount: 0.00001 | Token: 0xfcc025A3E170DF62de0e25AF7CeAf1C89aBfe6E9
[•] [2026-04-29T18:32:14.256Z] Jitter delay: 20733ms
[✓] [2026-04-29T18:34:17.611Z] USDT already approved: 115792089237316195423570985008687907853269984665640564039457584007913129.639935
[•] [2026-04-29T18:34:18.247Z] Calldata: 0xd6d344a1...0000000000000000000a
[•] [2026-04-29T18:34:18.446Z] Estimated gas: 171206
[•] [2026-04-29T18:34:18.446Z] Sending tx... nonce: 584
[✓] [2026-04-29T18:34:18.997Z] Tx sent: 0x6fd1a665c93863834d97f759873b2e8bb97cbf2ad0bd3e2808c92df4409d59f4
[•] [2026-04-29T18:34:18.998Z] Waiting confirmation...
[✓] [2026-04-29T18:34:24.855Z] Confirmed! Block: 1381902 | Gas: 166286 | Status: SUCCESS
[•] [2026-04-29T18:34:24.858Z] Jitter delay: 7482ms
[•] [2026-04-29T18:34:32.344Z] Bridging USDC | Amount: 0.00001 | Token: 0xe819EB5be34B20f1FEC012c0DAf960397A0Fb386
[•] [2026-04-29T18:34:32.345Z] Jitter delay: 29822ms
[✓] [2026-04-29T18:35:21.276Z] USDC already approved: 115792089237316195423570985008687907853269984665640564039457584007913129.639935
[•] [2026-04-29T18:35:21.889Z] Calldata: 0xd6d344a1...0000000000000000000a
[•] [2026-04-29T18:35:22.120Z] Estimated gas: 171206
[•] [2026-04-29T18:35:22.121Z] Sending tx... nonce: 585
[✓] [2026-04-29T18:35:22.547Z] Tx sent: 0xa8c1689ad7c08e19447c9ecfe11d4d596f28885dd96e749c9541997069ec3b6e
[•] [2026-04-29T18:35:22.548Z] Waiting confirmation...
[✓] [2026-04-29T18:35:28.256Z] Confirmed! Block: 1381914 | Gas: 166286 | Status: SUCCESS
[•] [2026-04-29T18:35:28.266Z] Jitter delay: 25978ms
[•] [2026-04-29T18:35:54.279Z] Bridging DAI | Amount: 0.00001 | Token: 0xB96A869c74Be2eD561D95a77408505371F287d16
[•] [2026-04-29T18:35:54.287Z] Jitter delay: 7898ms
[✓] [2026-04-29T18:36:03.164Z] DAI already approved: 115792089237316195423570985008687907853269984665640564039457.584007913129639935
[•] [2026-04-29T18:36:03.914Z] Calldata: 0xd6d344a1...0000000009184e72a000
[•] [2026-04-29T18:36:04.143Z] Estimated gas: 171254
[•] [2026-04-29T18:36:04.144Z] Sending tx... nonce: 586
[✓] [2026-04-29T18:36:04.986Z] Tx sent: 0x2fca2e8a4814bb101963722a9697529b3e56379914e70beb0773764b251263ef
[•] [2026-04-29T18:36:04.987Z] Waiting confirmation...
[✓] [2026-04-29T18:36:11.337Z] Confirmed! Block: 1381923 | Gas: 166334 | Status: SUCCESS
[✓] [2026-04-29T18:36:11.340Z] Loop #6 completed
[•] [2026-04-29T18:36:11.341Z] Waiting 560s till next loop...
[•] [2026-04-29T18:45:32.538Z] ═══ Loop #7 ═══
[•] [2026-04-29T18:45:32.671Z] Bridging ETH | Amount: 0.0000001 | Token: 0x0000000000000000000000000000000000000000
[•] [2026-04-29T18:45:32.673Z] Jitter delay: 16709ms
[•] [2026-04-29T18:45:51.431Z] Calldata: 0xd6d344a1...0000000000174876e800
[•] [2026-04-29T18:45:51.706Z] Estimated gas: 131192
[•] [2026-04-29T18:45:51.708Z] Sending tx... nonce: 587
[✓] [2026-04-29T18:45:52.353Z] Tx sent: 0xd68df4ea3deb57b680e735df358c751e1c06021fdb101e3727128139f0f684f4
[•] [2026-04-29T18:45:52.354Z] Waiting confirmation...
[✓] [2026-04-29T18:45:58.428Z] Confirmed! Block: 1382040 | Gas: 126272 | Status: SUCCESS
[•] [2026-04-29T18:45:58.436Z] Jitter delay: 26884ms
[•] [2026-04-29T18:46:25.344Z] Bridging USDT | Amount: 0.00001 | Token: 0xfcc025A3E170DF62de0e25AF7CeAf1C89aBfe6E9
[•] [2026-04-29T18:46:25.345Z] Jitter delay: 28148ms
[✓] [2026-04-29T18:46:54.245Z] USDT already approved: 115792089237316195423570985008687907853269984665640564039457584007913129.639935
[•] [2026-04-29T18:46:55.053Z] Calldata: 0xd6d344a1...0000000000000000000a
[•] [2026-04-29T18:46:55.278Z] Estimated gas: 171206
[•] [2026-04-29T18:46:55.280Z] Sending tx... nonce: 588
[✓] [2026-04-29T18:46:55.806Z] Tx sent: 0x3b70426e56b8ac958ed6720cb7e8d751c1e61a75355674736853f44db1127631
[•] [2026-04-29T18:46:55.807Z] Waiting confirmation...
[✓] [2026-04-29T18:47:01.458Z] Confirmed! Block: 1382053 | Gas: 166286 | Status: SUCCESS
[•] [2026-04-29T18:47:01.463Z] Jitter delay: 14355ms
[•] [2026-04-29T18:47:15.830Z] Bridging USDC | Amount: 0.00001 | Token: 0xe819EB5be34B20f1FEC012c0DAf960397A0Fb386
[•] [2026-04-29T18:47:15.832Z] Jitter delay: 5121ms
[✓] [2026-04-29T18:47:21.921Z] USDC already approved: 115792089237316195423570985008687907853269984665640564039457584007913129.639935
[•] [2026-04-29T18:47:22.793Z] Calldata: 0xd6d344a1...0000000000000000000a
[•] [2026-04-29T18:47:23.109Z] Estimated gas: 171206
[•] [2026-04-29T18:47:23.111Z] Sending tx... nonce: 589
[✓] [2026-04-29T18:47:23.712Z] Tx sent: 0x961b4a90fe6f58a0d1f8124eb64eff2a5a680b360527f02c555d50e164c28744
[•] [2026-04-29T18:47:23.713Z] Waiting confirmation...
[✓] [2026-04-29T18:47:25.357Z] Confirmed! Block: 1382058 | Gas: 166286 | Status: SUCCESS
[•] [2026-04-29T18:47:25.359Z] Jitter delay: 12486ms
[•] [2026-04-29T18:47:37.853Z] Bridging DAI | Amount: 0.00001 | Token: 0xB96A869c74Be2eD561D95a77408505371F287d16
[•] [2026-04-29T18:47:37.855Z] Jitter delay: 25961ms
[✓] [2026-04-29T18:48:04.929Z] DAI already approved: 115792089237316195423570985008687907853269984665640564039457.584007913129639935
[•] [2026-04-29T18:48:05.720Z] Calldata: 0xd6d344a1...0000000009184e72a000
[•] [2026-04-29T18:48:05.990Z] Estimated gas: 171254
[•] [2026-04-29T18:48:05.991Z] Sending tx... nonce: 590
[✓] [2026-04-29T18:48:06.566Z] Tx sent: 0xc0ee3af12d5449e64fa595dead09b708710c357183cb3926489d8f17b9c929e6
[•] [2026-04-29T18:48:06.567Z] Waiting confirmation...
[✓] [2026-04-29T18:48:12.492Z] Confirmed! Block: 1382067 | Gas: 166334 | Status: SUCCESS
[✓] [2026-04-29T18:48:12.496Z] Loop #7 completed
[•] [2026-04-29T18:48:12.497Z] Waiting 370s till next loop...
[•] [2026-04-29T18:54:22.753Z] ═══ Loop #8 ═══
[•] [2026-04-29T18:54:22.817Z] Bridging ETH | Amount: 0.0000001 | Token: 0x0000000000000000000000000000000000000000
[•] [2026-04-29T18:54:22.818Z] Jitter delay: 23954ms
[•] [2026-04-29T18:54:48.126Z] Calldata: 0xd6d344a1...0000000000174876e800
[•] [2026-04-29T18:54:48.380Z] Estimated gas: 131192
[•] [2026-04-29T18:54:48.381Z] Sending tx... nonce: 591
[✓] [2026-04-29T18:54:48.904Z] Tx sent: 0xd1ff7aa59f69de56b9317b7de5edb6b9ef6b2fc253e39889b92933dec9783863
[•] [2026-04-29T18:54:48.905Z] Waiting confirmation...
[✓] [2026-04-29T18:54:49.847Z] Confirmed! Block: 1382147 | Gas: 126272 | Status: SUCCESS
[•] [2026-04-29T18:54:49.849Z] Jitter delay: 11888ms
[•] [2026-04-29T18:55:01.749Z] Bridging USDT | Amount: 0.00001 | Token: 0xfcc025A3E170DF62de0e25AF7CeAf1C89aBfe6E9
[•] [2026-04-29T18:55:01.751Z] Jitter delay: 16506ms
[✓] [2026-04-29T18:55:18.989Z] USDT already approved: 115792089237316195423570985008687907853269984665640564039457584007913129.639935
[•] [2026-04-29T18:55:19.648Z] Calldata: 0xd6d344a1...0000000000000000000a
[•] [2026-04-29T18:55:19.859Z] Estimated gas: 171206
[•] [2026-04-29T18:55:19.860Z] Sending tx... nonce: 592
[✓] [2026-04-29T18:55:20.388Z] Tx sent: 0x200305f72637b402e1e88812eacdc13249df8d1fd1ea1ce699054cc156a353b7
[•] [2026-04-29T18:55:20.389Z] Waiting confirmation...
[✓] [2026-04-29T18:55:26.026Z] Confirmed! Block: 1382154 | Gas: 166286 | Status: SUCCESS
[•] [2026-04-29T18:55:26.030Z] Jitter delay: 6685ms
[•] [2026-04-29T18:55:32.721Z] Bridging USDC | Amount: 0.00001 | Token: 0xe819EB5be34B20f1FEC012c0DAf960397A0Fb386
[•] [2026-04-29T18:55:32.723Z] Jitter delay: 7905ms
[✓] [2026-04-29T18:55:41.457Z] USDC already approved: 115792089237316195423570985008687907853269984665640564039457584007913129.639935
[•] [2026-04-29T18:55:42.448Z] Calldata: 0xd6d344a1...0000000000000000000a
[•] [2026-04-29T18:55:42.697Z] Estimated gas: 171206
[•] [2026-04-29T18:55:42.700Z] Sending tx... nonce: 593
[✓] [2026-04-29T18:55:43.290Z] Tx sent: 0xe5652eecfde9c9e6251e60c13826f5454a599d859d2e0714634d520c99d0a3e9
[•] [2026-04-29T18:55:43.291Z] Waiting confirmation...
[✓] [2026-04-29T18:55:44.687Z] Confirmed! Block: 1382158 | Gas: 166286 | Status: SUCCESS
[•] [2026-04-29T18:55:44.689Z] Jitter delay: 19272ms
[•] [2026-04-29T18:56:03.975Z] Bridging DAI | Amount: 0.00001 | Token: 0xB96A869c74Be2eD561D95a77408505371F287d16
[•] [2026-04-29T18:56:03.977Z] Jitter delay: 15247ms
[✓] [2026-04-29T18:56:20.051Z] DAI already approved: 115792089237316195423570985008687907853269984665640564039457.584007913129639935
[•] [2026-04-29T18:56:20.781Z] Calldata: 0xd6d344a1...0000000009184e72a000
[•] [2026-04-29T18:56:21.035Z] Estimated gas: 171254
[•] [2026-04-29T18:56:21.036Z] Sending tx... nonce: 594
[✓] [2026-04-29T18:56:21.692Z] Tx sent: 0x253cb2bf3b5f9f5f6370955e547570d68ec29693166f5a69e1cee275d2409cdd
[•] [2026-04-29T18:56:21.693Z] Waiting confirmation...
[✓] [2026-04-29T18:56:27.344Z] Confirmed! Block: 1382166 | Gas: 166334 | Status: SUCCESS
[✓] [2026-04-29T18:56:27.345Z] Loop #8 completed
[•] [2026-04-29T18:56:27.346Z] Waiting 419s till next loop...
[•] [2026-04-29T19:03:27.238Z] ═══ Loop #9 ═══
[•] [2026-04-29T19:03:27.252Z] Bridging ETH | Amount: 0.0000001 | Token: 0x0000000000000000000000000000000000000000
[•] [2026-04-29T19:03:27.254Z] Jitter delay: 24181ms
[•] [2026-04-29T19:03:52.745Z] Calldata: 0xd6d344a1...0000000000174876e800
[•] [2026-04-29T19:03:52.969Z] Estimated gas: 131192
[•] [2026-04-29T19:03:52.971Z] Sending tx... nonce: 595
[✓] [2026-04-29T19:03:53.494Z] Tx sent: 0xa47550258e42203dd928dd04fc9198f30a77086b115f4ce2c9069a9818ed4e73
[•] [2026-04-29T19:03:53.495Z] Waiting confirmation...
[✓] [2026-04-29T19:03:59.051Z] Confirmed! Block: 1382256 | Gas: 126272 | Status: SUCCESS
[•] [2026-04-29T19:03:59.055Z] Jitter delay: 7551ms
[•] [2026-04-29T19:04:06.613Z] Bridging USDT | Amount: 0.00001 | Token: 0xfcc025A3E170DF62de0e25AF7CeAf1C89aBfe6E9
[•] [2026-04-29T19:04:06.615Z] Jitter delay: 9385ms
[✓] [2026-04-29T19:04:16.927Z] USDT already approved: 115792089237316195423570985008687907853269984665640564039457584007913129.639935
[•] [2026-04-29T19:04:17.706Z] Calldata: 0xd6d344a1...0000000000000000000a
[•] [2026-04-29T19:04:18.200Z] Estimated gas: 171206
[•] [2026-04-29T19:04:18.201Z] Sending tx... nonce: 596
[✓] [2026-04-29T19:04:18.788Z] Tx sent: 0xdd514ce7e4fbd430f0148a1ba0d75e7a91b2212a4c63145f97a3e2808f0da921
[•] [2026-04-29T19:04:18.788Z] Waiting confirmation...
[✓] [2026-04-29T19:04:20.426Z] Confirmed! Block: 1382261 | Gas: 166286 | Status: SUCCESS
[•] [2026-04-29T19:04:20.429Z] Jitter delay: 23364ms
[•] [2026-04-29T19:04:43.812Z] Bridging USDC | Amount: 0.00001 | Token: 0xe819EB5be34B20f1FEC012c0DAf960397A0Fb386
[•] [2026-04-29T19:04:43.815Z] Jitter delay: 19622ms
[✓] [2026-04-29T19:05:04.526Z] USDC already approved: 115792089237316195423570985008687907853269984665640564039457584007913129.639935
[•] [2026-04-29T19:05:05.512Z] Calldata: 0xd6d344a1...0000000000000000000a
[•] [2026-04-29T19:05:05.774Z] Estimated gas: 171206
[•] [2026-04-29T19:05:05.775Z] Sending tx... nonce: 597
[✓] [2026-04-29T19:05:06.349Z] Tx sent: 0x43479e955d8da55a39d7a9c01c4f2a02bf6d130d50af7ab2676161400b1cb517
[•] [2026-04-29T19:05:06.350Z] Waiting confirmation...
[✓] [2026-04-29T19:05:12.619Z] Confirmed! Block: 1382271 | Gas: 166286 | Status: SUCCESS
[•] [2026-04-29T19:05:12.623Z] Jitter delay: 20821ms
[•] [2026-04-29T19:05:33.464Z] Bridging DAI | Amount: 0.00001 | Token: 0xB96A869c74Be2eD561D95a77408505371F287d16
[•] [2026-04-29T19:05:33.465Z] Jitter delay: 12116ms
[✓] [2026-04-29T19:05:46.756Z] DAI already approved: 115792089237316195423570985008687907853269984665640564039457.584007913129639935
[•] [2026-04-29T19:05:47.543Z] Calldata: 0xd6d344a1...0000000009184e72a000
[•] [2026-04-29T19:05:47.787Z] Estimated gas: 171254
[•] [2026-04-29T19:05:47.790Z] Sending tx... nonce: 598
[✓] [2026-04-29T19:05:48.308Z] Tx sent: 0x5f174d49bb0576f47eb7cdcfc7d03ef15492790762fe7088d71f91c1bf0d1e31
[•] [2026-04-29T19:05:48.308Z] Waiting confirmation...
[✓] [2026-04-29T19:05:54.017Z] Confirmed! Block: 1382279 | Gas: 166334 | Status: SUCCESS
[✓] [2026-04-29T19:05:54.020Z] Loop #9 completed
[•] [2026-04-29T19:05:54.021Z] Waiting 346s till next loop...
[•] [2026-04-29T19:11:40.159Z] ═══ Loop #10 ═══
[•] [2026-04-29T19:11:40.314Z] Bridging ETH | Amount: 0.0000001 | Token: 0x0000000000000000000000000000000000000000
[•] [2026-04-29T19:11:40.316Z] Jitter delay: 13205ms
[•] [2026-04-29T19:11:55.265Z] Calldata: 0xd6d344a1...0000000000174876e800
[•] [2026-04-29T19:11:55.520Z] Estimated gas: 131192
[•] [2026-04-29T19:11:55.523Z] Sending tx... nonce: 599
[✓] [2026-04-29T19:11:56.150Z] Tx sent: 0x6246351ad4d27465ae114f986ef9e68ca1a8982acd8c6ebb431cfce720f7e191
[•] [2026-04-29T19:11:56.151Z] Waiting confirmation...
[✓] [2026-04-29T19:12:02.012Z] Confirmed! Block: 1382353 | Gas: 126272 | Status: SUCCESS
[•] [2026-04-29T19:12:02.017Z] Jitter delay: 7202ms
[•] [2026-04-29T19:12:09.227Z] Bridging USDT | Amount: 0.00001 | Token: 0xfcc025A3E170DF62de0e25AF7CeAf1C89aBfe6E9
[•] [2026-04-29T19:12:09.229Z] Jitter delay: 26111ms
[✓] [2026-04-29T19:12:36.172Z] USDT already approved: 115792089237316195423570985008687907853269984665640564039457584007913129.639935
[•] [2026-04-29T19:12:36.910Z] Calldata: 0xd6d344a1...0000000000000000000a
[•] [2026-04-29T19:12:37.124Z] Estimated gas: 171206
[•] [2026-04-29T19:12:37.126Z] Sending tx... nonce: 600
[✓] [2026-04-29T19:12:37.612Z] Tx sent: 0x9ef797c304619e164c676fd18380cea99b54779bb69a5ed1f765ae383ab85814
[•] [2026-04-29T19:12:37.613Z] Waiting confirmation...
[✓] [2026-04-29T19:12:43.324Z] Confirmed! Block: 1382361 | Gas: 166286 | Status: SUCCESS
[•] [2026-04-29T19:12:43.329Z] Jitter delay: 20054ms
[•] [2026-04-29T19:13:03.403Z] Bridging USDC | Amount: 0.00001 | Token: 0xe819EB5be34B20f1FEC012c0DAf960397A0Fb386
[•] [2026-04-29T19:13:03.404Z] Jitter delay: 23654ms
[✓] [2026-04-29T19:13:27.945Z] USDC already approved: 115792089237316195423570985008687907853269984665640564039457584007913129.639935
[•] [2026-04-29T19:13:28.745Z] Calldata: 0xd6d344a1...0000000000000000000a
[•] [2026-04-29T19:13:28.968Z] Estimated gas: 171206
[•] [2026-04-29T19:13:28.970Z] Sending tx... nonce: 601
[✓] [2026-04-29T19:13:29.490Z] Tx sent: 0x31796f0a4914b72b6645d869a049b9882bb789ef990e3870db6a124d4ad2509c
[•] [2026-04-29T19:13:29.491Z] Waiting confirmation...
[✓] [2026-04-29T19:13:35.374Z] Confirmed! Block: 1382372 | Gas: 166286 | Status: SUCCESS
[•] [2026-04-29T19:13:35.380Z] Jitter delay: 29432ms
[•] [2026-04-29T19:14:04.839Z] Bridging DAI | Amount: 0.00001 | Token: 0xB96A869c74Be2eD561D95a77408505371F287d16
[•] [2026-04-29T19:14:04.840Z] Jitter delay: 24380ms
[✓] [2026-04-29T19:14:30.104Z] DAI already approved: 115792089237316195423570985008687907853269984665640564039457.584007913129639935
[•] [2026-04-29T19:14:30.840Z] Calldata: 0xd6d344a1...0000000009184e72a000
[•] [2026-04-29T19:14:31.063Z] Estimated gas: 171254
[•] [2026-04-29T19:14:31.064Z] Sending tx... nonce: 602
[✓] [2026-04-29T19:14:31.587Z] Tx sent: 0x58a1ecb01906f0d4a2cf7c735d678b663a62eec72fe68c761fe68936db4acde0
[•] [2026-04-29T19:14:31.588Z] Waiting confirmation...
[✓] [2026-04-29T19:14:37.241Z] Confirmed! Block: 1382384 | Gas: 166334 | Status: SUCCESS
[✓] [2026-04-29T19:14:37.245Z] Loop #10 completed
[•] [2026-04-29T19:14:37.246Z] Waiting 505s till next loop...
[•] [2026-04-29T19:23:03.212Z] ═══ Loop #11 ═══
[•] [2026-04-29T19:23:03.215Z] Bridging ETH | Amount: 0.0000001 | Token: 0x0000000000000000000000000000000000000000
[•] [2026-04-29T19:23:03.217Z] Jitter delay: 12280ms
[•] [2026-04-29T19:23:16.907Z] Calldata: 0xd6d344a1...0000000000174876e800
[•] [2026-04-29T19:23:17.120Z] Estimated gas: 131192
[•] [2026-04-29T19:23:17.121Z] Sending tx... nonce: 603
[✓] [2026-04-29T19:23:17.686Z] Tx sent: 0x215911bc24063d4cae7e0e8cac1916c08d37b852eb80f156c296ca3a47667e50
[•] [2026-04-29T19:23:17.687Z] Waiting confirmation...
[✓] [2026-04-29T19:23:23.394Z] Confirmed! Block: 1382489 | Gas: 126272 | Status: SUCCESS
[•] [2026-04-29T19:23:23.398Z] Jitter delay: 9372ms
[•] [2026-04-29T19:23:32.778Z] Bridging USDT | Amount: 0.00001 | Token: 0xfcc025A3E170DF62de0e25AF7CeAf1C89aBfe6E9
[•] [2026-04-29T19:23:32.779Z] Jitter delay: 21801ms
[✓] [2026-04-29T19:23:55.395Z] USDT already approved: 115792089237316195423570985008687907853269984665640564039457584007913129.639935
[•] [2026-04-29T19:23:56.173Z] Calldata: 0xd6d344a1...0000000000000000000a
[•] [2026-04-29T19:23:56.660Z] Estimated gas: 171206
[•] [2026-04-29T19:23:56.662Z] Sending tx... nonce: 604
[✓] [2026-04-29T19:23:57.352Z] Tx sent: 0x17f504ccae6a619857d0b02154130bb96155f198552a05d4e3a25ec62f0f1dd1
[•] [2026-04-29T19:23:57.353Z] Waiting confirmation...
[✓] [2026-04-29T19:24:03.240Z] Confirmed! Block: 1382497 | Gas: 166286 | Status: SUCCESS
[•] [2026-04-29T19:24:03.242Z] Jitter delay: 19229ms
[•] [2026-04-29T19:24:22.488Z] Bridging USDC | Amount: 0.00001 | Token: 0xe819EB5be34B20f1FEC012c0DAf960397A0Fb386
[•] [2026-04-29T19:24:22.490Z] Jitter delay: 7417ms
[✓] [2026-04-29T19:24:30.766Z] USDC already approved: 115792089237316195423570985008687907853269984665640564039457584007913129.639935
[•] [2026-04-29T19:24:31.461Z] Calldata: 0xd6d344a1...0000000000000000000a
[•] [2026-04-29T19:24:31.713Z] Estimated gas: 171206
[•] [2026-04-29T19:24:31.715Z] Sending tx... nonce: 605
[✓] [2026-04-29T19:24:32.244Z] Tx sent: 0x20deb2ef687a47a725db60361d7aa3a5b0b2b462f227474a5fdbeddc10bc5f94
[•] [2026-04-29T19:24:32.245Z] Waiting confirmation...
[✓] [2026-04-29T19:24:38.191Z] Confirmed! Block: 1382504 | Gas: 166286 | Status: SUCCESS
[•] [2026-04-29T19:24:38.194Z] Jitter delay: 27677ms
[•] [2026-04-29T19:25:05.898Z] Bridging DAI | Amount: 0.00001 | Token: 0xB96A869c74Be2eD561D95a77408505371F287d16
[•] [2026-04-29T19:25:05.899Z] Jitter delay: 12890ms
[✓] [2026-04-29T19:25:19.743Z] DAI already approved: 115792089237316195423570985008687907853269984665640564039457.584007913129639935
[•] [2026-04-29T19:25:20.547Z] Calldata: 0xd6d344a1...0000000009184e72a000
[•] [2026-04-29T19:25:20.819Z] Estimated gas: 171254
[•] [2026-04-29T19:25:20.820Z] Sending tx... nonce: 606
[✓] [2026-04-29T19:25:21.440Z] Tx sent: 0x160843de00acdbe04fd1b95a9be56824cb7c9a8ade1da24fea9384d6a3f533ad
[•] [2026-04-29T19:25:21.441Z] Waiting confirmation...
[✓] [2026-04-29T19:25:27.337Z] Confirmed! Block: 1382514 | Gas: 166334 | Status: SUCCESS
[✓] [2026-04-29T19:25:27.341Z] Loop #11 completed
[•] [2026-04-29T19:25:27.342Z] Waiting 484s till next loop...
[•] [2026-04-29T19:33:31.673Z] ═══ Loop #12 ═══
[•] [2026-04-29T19:33:31.676Z] Bridging ETH | Amount: 0.0000001 | Token: 0x0000000000000000000000000000000000000000
[•] [2026-04-29T19:33:31.677Z] Jitter delay: 5800ms
[•] [2026-04-29T19:33:38.961Z] Calldata: 0xd6d344a1...0000000000174876e800
[•] [2026-04-29T19:33:39.213Z] Estimated gas: 131192
[•] [2026-04-29T19:33:39.215Z] Sending tx... nonce: 607
[✓] [2026-04-29T19:33:39.772Z] Tx sent: 0x1c43ceb3a942504828ba83d781f7f63c551b0ebfc6a208f970371f224e14f053
[•] [2026-04-29T19:33:39.773Z] Waiting confirmation...
[✓] [2026-04-29T19:33:45.658Z] Confirmed! Block: 1382614 | Gas: 126272 | Status: SUCCESS
[•] [2026-04-29T19:33:45.660Z] Jitter delay: 13045ms
[•] [2026-04-29T19:33:58.717Z] Bridging USDT | Amount: 0.00001 | Token: 0xfcc025A3E170DF62de0e25AF7CeAf1C89aBfe6E9
[•] [2026-04-29T19:33:58.719Z] Jitter delay: 25866ms
[✓] [2026-04-29T19:34:25.464Z] USDT already approved: 115792089237316195423570985008687907853269984665640564039457584007913129.639935
[•] [2026-04-29T19:34:26.157Z] Calldata: 0xd6d344a1...0000000000000000000a
[•] [2026-04-29T19:34:26.381Z] Estimated gas: 171206
[•] [2026-04-29T19:34:26.383Z] Sending tx... nonce: 608
[✓] [2026-04-29T19:34:26.885Z] Tx sent: 0x5af343461d285cac77598f87745f473a081490177038542b3e2da5aec6d287cd
[•] [2026-04-29T19:34:26.886Z] Waiting confirmation...
[✓] [2026-04-29T19:34:32.592Z] Confirmed! Block: 1382623 | Gas: 166286 | Status: SUCCESS
[•] [2026-04-29T19:34:32.595Z] Jitter delay: 7068ms
[•] [2026-04-29T19:34:39.669Z] Bridging USDC | Amount: 0.00001 | Token: 0xe819EB5be34B20f1FEC012c0DAf960397A0Fb386
[•] [2026-04-29T19:34:39.671Z] Jitter delay: 5954ms
[✓] [2026-04-29T19:34:46.370Z] USDC already approved: 115792089237316195423570985008687907853269984665640564039457584007913129.639935
[•] [2026-04-29T19:34:47.053Z] Calldata: 0xd6d344a1...0000000000000000000a
[•] [2026-04-29T19:34:47.377Z] Estimated gas: 171206
[•] [2026-04-29T19:34:47.379Z] Sending tx... nonce: 609
[✓] [2026-04-29T19:34:47.886Z] Tx sent: 0x28f254202cd4757a0ee0e379e7207e08d080554cd00ac5d275ef8f8e1a490796
[•] [2026-04-29T19:34:47.887Z] Waiting confirmation...
[✓] [2026-04-29T19:34:53.975Z] Confirmed! Block: 1382627 | Gas: 166286 | Status: SUCCESS
[•] [2026-04-29T19:34:53.978Z] Jitter delay: 26827ms
[•] [2026-04-29T19:35:20.829Z] Bridging DAI | Amount: 0.00001 | Token: 0xB96A869c74Be2eD561D95a77408505371F287d16
[•] [2026-04-29T19:35:20.831Z] Jitter delay: 14993ms
[✓] [2026-04-29T19:35:36.701Z] DAI already approved: 115792089237316195423570985008687907853269984665640564039457.584007913129639935
[•] [2026-04-29T19:35:37.425Z] Calldata: 0xd6d344a1...0000000009184e72a000
[•] [2026-04-29T19:35:37.664Z] Estimated gas: 171254
[•] [2026-04-29T19:35:37.666Z] Sending tx... nonce: 610
[✓] [2026-04-29T19:35:38.217Z] Tx sent: 0x81b89962cc9c05bbb45bc29160ecec3fbe3b71c900c855eace6df11ab05256df
[•] [2026-04-29T19:35:38.218Z] Waiting confirmation...
[✓] [2026-04-29T19:35:43.952Z] Confirmed! Block: 1382637 | Gas: 166334 | Status: SUCCESS
[✓] [2026-04-29T19:35:43.956Z] Loop #12 completed
[•] [2026-04-29T19:35:43.957Z] Waiting 550s till next loop...
[•] [2026-04-29T19:44:54.981Z] ═══ Loop #13 ═══
[•] [2026-04-29T19:44:55.000Z] Bridging ETH | Amount: 0.0000001 | Token: 0x0000000000000000000000000000000000000000
[•] [2026-04-29T19:44:55.002Z] Jitter delay: 12744ms
[•] [2026-04-29T19:45:09.147Z] Calldata: 0xd6d344a1...0000000000174876e800
[•] [2026-04-29T19:45:09.367Z] Estimated gas: 131192
[•] [2026-04-29T19:45:09.368Z] Sending tx... nonce: 611
[✓] [2026-04-29T19:45:09.852Z] Tx sent: 0xa88de014d180f8ee5cf49a8568a46846ff8d71e64ce24af3fbbd684e7dab3e3d
[•] [2026-04-29T19:45:09.853Z] Waiting confirmation...
[✓] [2026-04-29T19:45:15.575Z] Confirmed! Block: 1382752 | Gas: 126272 | Status: SUCCESS
[•] [2026-04-29T19:45:15.581Z] Jitter delay: 14748ms
[•] [2026-04-29T19:45:30.344Z] Bridging USDT | Amount: 0.00001 | Token: 0xfcc025A3E170DF62de0e25AF7CeAf1C89aBfe6E9
[•] [2026-04-29T19:45:30.346Z] Jitter delay: 28175ms
[✓] [2026-04-29T19:45:59.253Z] USDT already approved: 115792089237316195423570985008687907853269984665640564039457584007913129.639935
[•] [2026-04-29T19:45:59.892Z] Calldata: 0xd6d344a1...0000000000000000000a
[•] [2026-04-29T19:46:00.104Z] Estimated gas: 171206
[•] [2026-04-29T19:46:00.108Z] Sending tx... nonce: 612
[✓] [2026-04-29T19:46:00.604Z] Tx sent: 0xffb59316b2f5d959ddde8875292df09c6b4a109a04f47ac608f31c29f493a38b
[•] [2026-04-29T19:46:00.605Z] Waiting confirmation...
[✓] [2026-04-29T19:46:06.267Z] Confirmed! Block: 1382762 | Gas: 166286 | Status: SUCCESS
[•] [2026-04-29T19:46:06.272Z] Jitter delay: 23519ms
[•] [2026-04-29T19:46:29.814Z] Bridging USDC | Amount: 0.00001 | Token: 0xe819EB5be34B20f1FEC012c0DAf960397A0Fb386
[•] [2026-04-29T19:46:29.821Z] Jitter delay: 17075ms
[✓] [2026-04-29T19:46:47.680Z] USDC already approved: 115792089237316195423570985008687907853269984665640564039457584007913129.639935
[•] [2026-04-29T19:46:48.334Z] Calldata: 0xd6d344a1...0000000000000000000a
[•] [2026-04-29T19:46:48.570Z] Estimated gas: 171206
[•] [2026-04-29T19:46:48.572Z] Sending tx... nonce: 613
[✓] [2026-04-29T19:46:49.088Z] Tx sent: 0xb7f09e2be5121a06f286ed6fa34aa58733701693979d3f73fb14054e1f272493
[•] [2026-04-29T19:46:49.089Z] Waiting confirmation...
[✓] [2026-04-29T19:46:49.996Z] Confirmed! Block: 1382771 | Gas: 166286 | Status: SUCCESS
[•] [2026-04-29T19:46:49.997Z] Jitter delay: 19800ms
[•] [2026-04-29T19:47:09.815Z] Bridging DAI | Amount: 0.00001 | Token: 0xB96A869c74Be2eD561D95a77408505371F287d16
[•] [2026-04-29T19:47:09.817Z] Jitter delay: 12411ms
[✓] [2026-04-29T19:47:23.196Z] DAI already approved: 115792089237316195423570985008687907853269984665640564039457.584007913129639935
[•] [2026-04-29T19:47:24.049Z] Calldata: 0xd6d344a1...0000000009184e72a000
[•] [2026-04-29T19:47:24.328Z] Estimated gas: 171254
[•] [2026-04-29T19:47:24.330Z] Sending tx... nonce: 614
[✓] [2026-04-29T19:47:24.908Z] Tx sent: 0x2c0007b86fa0ed5ee7789f4330bcfa3604eb238251f973ec948aa62b7eda0e59
[•] [2026-04-29T19:47:24.908Z] Waiting confirmation...
[✓] [2026-04-29T19:47:31.120Z] Confirmed! Block: 1382779 | Gas: 166334 | Status: SUCCESS
[✓] [2026-04-29T19:47:31.125Z] Loop #13 completed
[•] [2026-04-29T19:47:31.126Z] Waiting 447s till next loop...
[•] [2026-04-29T19:54:59.049Z] ═══ Loop #14 ═══
[•] [2026-04-29T19:54:59.052Z] Bridging ETH | Amount: 0.0000001 | Token: 0x0000000000000000000000000000000000000000
[•] [2026-04-29T19:54:59.053Z] Jitter delay: 9586ms
[•] [2026-04-29T19:55:10.000Z] Calldata: 0xd6d344a1...0000000000174876e800
[•] [2026-04-29T19:55:10.214Z] Estimated gas: 131192
[•] [2026-04-29T19:55:10.216Z] Sending tx... nonce: 615
[✓] [2026-04-29T19:55:10.744Z] Tx sent: 0xa3132e489f75ded7f952f520a8904e39d304c9b691083fac0dd20ba5f6bdc501
[•] [2026-04-29T19:55:10.745Z] Waiting confirmation...
[✓] [2026-04-29T19:55:16.321Z] Confirmed! Block: 1382872 | Gas: 126272 | Status: SUCCESS
[•] [2026-04-29T19:55:16.325Z] Jitter delay: 14741ms
[•] [2026-04-29T19:55:31.070Z] Bridging USDT | Amount: 0.00001 | Token: 0xfcc025A3E170DF62de0e25AF7CeAf1C89aBfe6E9
[•] [2026-04-29T19:55:31.071Z] Jitter delay: 8093ms
[✓] [2026-04-29T19:55:39.932Z] USDT already approved: 115792089237316195423570985008687907853269984665640564039457584007913129.639935
[•] [2026-04-29T19:55:40.664Z] Calldata: 0xd6d344a1...0000000000000000000a
[•] [2026-04-29T19:55:40.888Z] Estimated gas: 171206
[•] [2026-04-29T19:55:40.890Z] Sending tx... nonce: 616
[✓] [2026-04-29T19:55:41.420Z] Tx sent: 0xa99a91564f3aa88d730d073f5dd1bc7590df3ae498cfe04393570d449eaa0d98
[•] [2026-04-29T19:55:41.421Z] Waiting confirmation...
[✓] [2026-04-29T19:55:47.049Z] Confirmed! Block: 1382878 | Gas: 166286 | Status: SUCCESS
[•] [2026-04-29T19:55:47.053Z] Jitter delay: 20478ms
[•] [2026-04-29T19:56:07.551Z] Bridging USDC | Amount: 0.00001 | Token: 0xe819EB5be34B20f1FEC012c0DAf960397A0Fb386
[•] [2026-04-29T19:56:07.552Z] Jitter delay: 11847ms
[✓] [2026-04-29T19:56:20.217Z] USDC already approved: 115792089237316195423570985008687907853269984665640564039457584007913129.639935
[•] [2026-04-29T19:56:20.887Z] Calldata: 0xd6d344a1...0000000000000000000a
[•] [2026-04-29T19:56:21.124Z] Estimated gas: 171206
[•] [2026-04-29T19:56:21.125Z] Sending tx... nonce: 617
[✓] [2026-04-29T19:56:21.649Z] Tx sent: 0xef298c99dc41255d194a006151f2744d58e6003925d84bcf9ba2e8759eb53c80
[•] [2026-04-29T19:56:21.649Z] Waiting confirmation...
[✓] [2026-04-29T19:56:27.302Z] Confirmed! Block: 1382886 | Gas: 166286 | Status: SUCCESS
[•] [2026-04-29T19:56:27.307Z] Jitter delay: 8045ms
[•] [2026-04-29T19:56:35.357Z] Bridging DAI | Amount: 0.00001 | Token: 0xB96A869c74Be2eD561D95a77408505371F287d16
[•] [2026-04-29T19:56:35.358Z] Jitter delay: 26526ms
[✓] [2026-04-29T19:57:02.719Z] DAI already approved: 115792089237316195423570985008687907853269984665640564039457.584007913129639935
[•] [2026-04-29T19:57:03.588Z] Calldata: 0xd6d344a1...0000000009184e72a000
[•] [2026-04-29T19:57:03.850Z] Estimated gas: 171254
[•] [2026-04-29T19:57:03.852Z] Sending tx... nonce: 618
[✓] [2026-04-29T19:57:04.445Z] Tx sent: 0x22973c895f3608eca583e1d75745b9a7220be4197bad3b5fe2399ed9a16f7728
[•] [2026-04-29T19:57:04.446Z] Waiting confirmation...
[✓] [2026-04-29T19:57:11.302Z] Confirmed! Block: 1382895 | Gas: 166334 | Status: SUCCESS
[✓] [2026-04-29T19:57:11.306Z] Loop #14 completed
[•] [2026-04-29T19:57:11.307Z] Waiting 484s till next loop...
[•] [2026-04-29T20:05:15.493Z] ═══ Loop #15 ═══
[•] [2026-04-29T20:05:15.530Z] Bridging ETH | Amount: 0.0000001 | Token: 0x0000000000000000000000000000000000000000
[•] [2026-04-29T20:05:15.532Z] Jitter delay: 11713ms
[✗] [2026-04-29T20:05:32.542Z] ETH FAILED: request timeout
[•] [2026-04-29T20:05:32.543Z] Jitter delay: 11280ms
[•] [2026-04-29T20:05:43.832Z] Bridging USDT | Amount: 0.00001 | Token: 0xfcc025A3E170DF62de0e25AF7CeAf1C89aBfe6E9
[•] [2026-04-29T20:05:43.833Z] Jitter delay: 22362ms
[✓] [2026-04-29T20:06:07.049Z] USDT already approved: 115792089237316195423570985008687907853269984665640564039457584007913129.639935
[•] [2026-04-29T20:06:07.827Z] Calldata: 0xd6d344a1...0000000000000000000a
[•] [2026-04-29T20:06:08.100Z] Estimated gas: 171206
[•] [2026-04-29T20:06:08.102Z] Sending tx... nonce: 619
[✓] [2026-04-29T20:06:08.703Z] Tx sent: 0x532ceaaf193ba8049d4c2a834f8c6cfb64913903fb44c27e867bc4c982540116
[•] [2026-04-29T20:06:08.704Z] Waiting confirmation...
[✓] [2026-04-29T20:06:10.007Z] Confirmed! Block: 1383003 | Gas: 166286 | Status: SUCCESS
[•] [2026-04-29T20:06:10.008Z] Jitter delay: 18095ms
[•] [2026-04-29T20:06:28.119Z] Bridging USDC | Amount: 0.00001 | Token: 0xe819EB5be34B20f1FEC012c0DAf960397A0Fb386
[•] [2026-04-29T20:06:28.120Z] Jitter delay: 7517ms
[✓] [2026-04-29T20:06:36.608Z] USDC already approved: 115792089237316195423570985008687907853269984665640564039457584007913129.639935
[•] [2026-04-29T20:06:37.516Z] Calldata: 0xd6d344a1...0000000000000000000a
[•] [2026-04-29T20:06:37.799Z] Estimated gas: 171206
[•] [2026-04-29T20:06:37.801Z] Sending tx... nonce: 620
[✓] [2026-04-29T20:06:38.459Z] Tx sent: 0x0e808a122a1ee19c82549879566895be0cb28e83d5f3da4779dd75572598d725
[•] [2026-04-29T20:06:38.460Z] Waiting confirmation...
[✓] [2026-04-29T20:06:40.323Z] Confirmed! Block: 1383009 | Gas: 166286 | Status: SUCCESS
[•] [2026-04-29T20:06:40.326Z] Jitter delay: 6998ms
[•] [2026-04-29T20:06:47.329Z] Bridging DAI | Amount: 0.00001 | Token: 0xB96A869c74Be2eD561D95a77408505371F287d16
[•] [2026-04-29T20:06:47.331Z] Jitter delay: 6639ms
[✓] [2026-04-29T20:06:54.637Z] DAI already approved: 115792089237316195423570985008687907853269984665640564039457.584007913129639935
[•] [2026-04-29T20:06:55.450Z] Calldata: 0xd6d344a1...0000000009184e72a000
[•] [2026-04-29T20:06:55.680Z] Estimated gas: 171254
[•] [2026-04-29T20:06:55.681Z] Sending tx... nonce: 621
[✓] [2026-04-29T20:06:56.315Z] Tx sent: 0x6d51fb857ddd85fd2e3bdbcf4c0e7052a9c1b549bc96732ac2c5a1b6e1cb75b1
[•] [2026-04-29T20:06:56.316Z] Waiting confirmation...
[✓] [2026-04-29T20:07:01.963Z] Confirmed! Block: 1383013 | Gas: 166334 | Status: SUCCESS
[✓] [2026-04-29T20:07:01.973Z] Loop #15 completed
[•] [2026-04-29T20:07:01.974Z] Waiting 417s till next loop...
[•] [2026-04-29T20:13:59.400Z] ═══ Loop #16 ═══
[•] [2026-04-29T20:13:59.404Z] Bridging ETH | Amount: 0.0000001 | Token: 0x0000000000000000000000000000000000000000
[•] [2026-04-29T20:13:59.405Z] Jitter delay: 29593ms
[•] [2026-04-29T20:14:30.245Z] Calldata: 0xd6d344a1...0000000000174876e800
[•] [2026-04-29T20:14:30.476Z] Estimated gas: 131192
[•] [2026-04-29T20:14:30.478Z] Sending tx... nonce: 622
[✓] [2026-04-29T20:14:30.993Z] Tx sent: 0xae5da3ddcfb8e7ef8bcac00de1b099142216576e9e178a0dd406e20dcd12d025
[•] [2026-04-29T20:14:30.993Z] Waiting confirmation...
[✓] [2026-04-29T20:14:36.493Z] Confirmed! Block: 1383104 | Gas: 126272 | Status: SUCCESS
[•] [2026-04-29T20:14:36.496Z] Jitter delay: 5390ms
[•] [2026-04-29T20:14:41.889Z] Bridging USDT | Amount: 0.00001 | Token: 0xfcc025A3E170DF62de0e25AF7CeAf1C89aBfe6E9
[•] [2026-04-29T20:14:41.891Z] Jitter delay: 16625ms
[✓] [2026-04-29T20:14:59.283Z] USDT already approved: 115792089237316195423570985008687907853269984665640564039457584007913129.639935
[•] [2026-04-29T20:15:00.047Z] Calldata: 0xd6d344a1...0000000000000000000a
[•] [2026-04-29T20:15:00.310Z] Estimated gas: 171206
[•] [2026-04-29T20:15:00.311Z] Sending tx... nonce: 623
[✓] [2026-04-29T20:15:00.863Z] Tx sent: 0xf78096e71d0344e57fea7d3bb1e0fdcd817094e5df62ae2920245d18a857d5af
[•] [2026-04-29T20:15:00.864Z] Waiting confirmation...
[✓] [2026-04-29T20:15:06.824Z] Confirmed! Block: 1383110 | Gas: 166286 | Status: SUCCESS
[•] [2026-04-29T20:15:06.827Z] Jitter delay: 22238ms
[•] [2026-04-29T20:15:29.084Z] Bridging USDC | Amount: 0.00001 | Token: 0xe819EB5be34B20f1FEC012c0DAf960397A0Fb386
[•] [2026-04-29T20:15:29.085Z] Jitter delay: 12188ms
[✓] [2026-04-29T20:15:42.011Z] USDC already approved: 115792089237316195423570985008687907853269984665640564039457584007913129.639935
[•] [2026-04-29T20:15:42.825Z] Calldata: 0xd6d344a1...0000000000000000000a
[•] [2026-04-29T20:15:43.074Z] Estimated gas: 171206
[•] [2026-04-29T20:15:43.075Z] Sending tx... nonce: 624
[✓] [2026-04-29T20:15:43.597Z] Tx sent: 0x51f89377a3adefe52e18839665f6ab58ae58335de6f0ceaa9d469f2d03c5766e
[•] [2026-04-29T20:15:43.597Z] Waiting confirmation...
[✓] [2026-04-29T20:15:49.535Z] Confirmed! Block: 1383118 | Gas: 166286 | Status: SUCCESS
[•] [2026-04-29T20:15:49.537Z] Jitter delay: 21727ms
[•] [2026-04-29T20:16:11.268Z] Bridging DAI | Amount: 0.00001 | Token: 0xB96A869c74Be2eD561D95a77408505371F287d16
[•] [2026-04-29T20:16:11.270Z] Jitter delay: 20857ms
[✓] [2026-04-29T20:16:33.044Z] DAI already approved: 115792089237316195423570985008687907853269984665640564039457.584007913129639935
[•] [2026-04-29T20:16:33.805Z] Calldata: 0xd6d344a1...0000000009184e72a000
[•] [2026-04-29T20:16:34.126Z] Estimated gas: 171254
[•] [2026-04-29T20:16:34.127Z] Sending tx... nonce: 625
[✓] [2026-04-29T20:16:34.668Z] Tx sent: 0x877465acaf0dc03059b7c3d3f77c590965b21bac255c8c027312f325402b109a
[•] [2026-04-29T20:16:34.669Z] Waiting confirmation...
[✓] [2026-04-29T20:16:41.418Z] Confirmed! Block: 1383129 | Gas: 166334 | Status: SUCCESS
[✓] [2026-04-29T20:16:41.422Z] Loop #16 completed
[•] [2026-04-29T20:16:41.423Z] Waiting 520s till next loop...
[•] [2026-04-29T20:25:22.311Z] ═══ Loop #17 ═══
[•] [2026-04-29T20:25:22.313Z] Bridging ETH | Amount: 0.0000001 | Token: 0x0000000000000000000000000000000000000000
[•] [2026-04-29T20:25:22.315Z] Jitter delay: 28397ms
[•] [2026-04-29T20:25:52.157Z] Calldata: 0xd6d344a1...0000000000174876e800
[•] [2026-04-29T20:25:52.415Z] Estimated gas: 131192
[•] [2026-04-29T20:25:52.418Z] Sending tx... nonce: 626
[✓] [2026-04-29T20:25:52.959Z] Tx sent: 0x146c8ed6874a6d56859e33a3c0bd781e5736b80e0b6d85cf6b0540af773d8e58
[•] [2026-04-29T20:25:52.959Z] Waiting confirmation...
[✓] [2026-04-29T20:25:58.865Z] Confirmed! Block: 1383240 | Gas: 126272 | Status: SUCCESS
[•] [2026-04-29T20:25:58.868Z] Jitter delay: 15838ms
[•] [2026-04-29T20:26:14.720Z] Bridging USDT | Amount: 0.00001 | Token: 0xfcc025A3E170DF62de0e25AF7CeAf1C89aBfe6E9
[•] [2026-04-29T20:26:14.721Z] Jitter delay: 29790ms
[✓] [2026-04-29T20:26:45.366Z] USDT already approved: 115792089237316195423570985008687907853269984665640564039457584007913129.639935
[•] [2026-04-29T20:26:46.111Z] Calldata: 0xd6d344a1...0000000000000000000a
[•] [2026-04-29T20:26:46.358Z] Estimated gas: 171206
[•] [2026-04-29T20:26:46.359Z] Sending tx... nonce: 627
[✓] [2026-04-29T20:26:46.874Z] Tx sent: 0xe78490383ea84bce6558f2940e8be5184e385ad836a15a840f1bb34827d4e06c
[•] [2026-04-29T20:26:46.874Z] Waiting confirmation...
[✓] [2026-04-29T20:26:52.412Z] Confirmed! Block: 1383251 | Gas: 166286 | Status: SUCCESS
[•] [2026-04-29T20:26:52.416Z] Jitter delay: 14654ms
[•] [2026-04-29T20:27:07.079Z] Bridging USDC | Amount: 0.00001 | Token: 0xe819EB5be34B20f1FEC012c0DAf960397A0Fb386
[•] [2026-04-29T20:27:07.080Z] Jitter delay: 28740ms
[✓] [2026-04-29T20:27:36.767Z] USDC already approved: 115792089237316195423570985008687907853269984665640564039457584007913129.639935
[•] [2026-04-29T20:27:37.563Z] Calldata: 0xd6d344a1...0000000000000000000a
[•] [2026-04-29T20:27:37.803Z] Estimated gas: 171206
[•] [2026-04-29T20:27:37.804Z] Sending tx... nonce: 628
[✓] [2026-04-29T20:27:38.316Z] Tx sent: 0x0eb0f12dfe58ed096f2abb23db83ae79ff9156163c4c2c6238968d832ba862ae
[•] [2026-04-29T20:27:38.317Z] Waiting confirmation...
[✓] [2026-04-29T20:27:44.047Z] Confirmed! Block: 1383261 | Gas: 166286 | Status: SUCCESS
[•] [2026-04-29T20:27:44.050Z] Jitter delay: 19687ms
[•] [2026-04-29T20:28:03.745Z] Bridging DAI | Amount: 0.00001 | Token: 0xB96A869c74Be2eD561D95a77408505371F287d16
[•] [2026-04-29T20:28:03.746Z] Jitter delay: 17573ms
[✓] [2026-04-29T20:28:22.130Z] DAI already approved: 115792089237316195423570985008687907853269984665640564039457.584007913129639935
[•] [2026-04-29T20:28:22.764Z] Calldata: 0xd6d344a1...0000000009184e72a000
[•] [2026-04-29T20:28:22.967Z] Estimated gas: 171254
[•] [2026-04-29T20:28:22.971Z] Sending tx... nonce: 629
[✓] [2026-04-29T20:28:23.416Z] Tx sent: 0x59741c5e8388cf8782d628618ced35e00870cf2c5af462814c5a164b9827465b
[•] [2026-04-29T20:28:23.417Z] Waiting confirmation...
[✓] [2026-04-29T20:28:29.029Z] Confirmed! Block: 1383270 | Gas: 166334 | Status: SUCCESS
[✓] [2026-04-29T20:28:29.033Z] Loop #17 completed
[•] [2026-04-29T20:28:29.035Z] Waiting 328s till next loop...
[•] [2026-04-29T20:33:57.350Z] ═══ Loop #18 ═══
[•] [2026-04-29T20:33:57.363Z] Bridging ETH | Amount: 0.0000001 | Token: 0x0000000000000000000000000000000000000000
[•] [2026-04-29T20:33:57.365Z] Jitter delay: 5859ms
[•] [2026-04-29T20:34:05.102Z] Calldata: 0xd6d344a1...0000000000174876e800
[•] [2026-04-29T20:34:05.376Z] Estimated gas: 131192
[•] [2026-04-29T20:34:05.378Z] Sending tx... nonce: 630
[✓] [2026-04-29T20:34:06.154Z] Tx sent: 0xa1a1b4d4a0c628c613bf0091950cb24a26a66878c9530151fac41f4a0c3d29cb
[•] [2026-04-29T20:34:06.155Z] Waiting confirmation...
[✓] [2026-04-29T20:34:12.231Z] Confirmed! Block: 1383339 | Gas: 126272 | Status: SUCCESS
[•] [2026-04-29T20:34:12.234Z] Jitter delay: 20635ms
[•] [2026-04-29T20:34:32.889Z] Bridging USDT | Amount: 0.00001 | Token: 0xfcc025A3E170DF62de0e25AF7CeAf1C89aBfe6E9
[•] [2026-04-29T20:34:32.890Z] Jitter delay: 22874ms
[✓] [2026-04-29T20:34:56.516Z] USDT already approved: 115792089237316195423570985008687907853269984665640564039457584007913129.639935
[•] [2026-04-29T20:34:57.180Z] Calldata: 0xd6d344a1...0000000000000000000a
[•] [2026-04-29T20:34:57.408Z] Estimated gas: 171206
[•] [2026-04-29T20:34:57.409Z] Sending tx... nonce: 631
[✓] [2026-04-29T20:34:57.885Z] Tx sent: 0x97ae1a91cc602366dfe1836de13d36aa8fce62301d2bb8b2fe4150bbd50d456d
[•] [2026-04-29T20:34:57.885Z] Waiting confirmation...
[✓] [2026-04-29T20:35:03.656Z] Confirmed! Block: 1383349 | Gas: 166286 | Status: SUCCESS
[•] [2026-04-29T20:35:03.659Z] Jitter delay: 13435ms
[•] [2026-04-29T20:35:17.104Z] Bridging USDC | Amount: 0.00001 | Token: 0xe819EB5be34B20f1FEC012c0DAf960397A0Fb386
[•] [2026-04-29T20:35:17.105Z] Jitter delay: 5757ms
[✓] [2026-04-29T20:35:23.554Z] USDC already approved: 115792089237316195423570985008687907853269984665640564039457584007913129.639935
[•] [2026-04-29T20:35:24.185Z] Calldata: 0xd6d344a1...0000000000000000000a
[•] [2026-04-29T20:35:24.417Z] Estimated gas: 171206
[•] [2026-04-29T20:35:24.419Z] Sending tx... nonce: 632
[✓] [2026-04-29T20:35:24.847Z] Tx sent: 0x9c617082c9abcc848641d4589c562ed7ae0bd2edb1c728ae53c10e2984fcdcfe
[•] [2026-04-29T20:35:24.847Z] Waiting confirmation...
[✓] [2026-04-29T20:35:25.960Z] Confirmed! Block: 1383354 | Gas: 166286 | Status: SUCCESS
[•] [2026-04-29T20:35:25.961Z] Jitter delay: 6141ms
[•] [2026-04-29T20:35:32.107Z] Bridging DAI | Amount: 0.00001 | Token: 0xB96A869c74Be2eD561D95a77408505371F287d16
[•] [2026-04-29T20:35:32.108Z] Jitter delay: 5178ms
[✓] [2026-04-29T20:35:37.943Z] DAI already approved: 115792089237316195423570985008687907853269984665640564039457.584007913129639935
[•] [2026-04-29T20:35:38.595Z] Calldata: 0xd6d344a1...0000000009184e72a000
[•] [2026-04-29T20:35:38.811Z] Estimated gas: 171254
[•] [2026-04-29T20:35:38.812Z] Sending tx... nonce: 633
[✓] [2026-04-29T20:35:39.334Z] Tx sent: 0x0cca69ad8040e3c27771f9507498bc4acc2566c447168105b3bd3625379a476e
[•] [2026-04-29T20:35:39.335Z] Waiting confirmation...
[✓] [2026-04-29T20:35:44.980Z] Confirmed! Block: 1383357 | Gas: 166334 | Status: SUCCESS
[✓] [2026-04-29T20:35:44.984Z] Loop #18 completed
[•] [2026-04-29T20:35:44.985Z] Waiting 597s till next loop...
[•] [2026-04-29T20:45:42.375Z] ═══ Loop #19 ═══
[•] [2026-04-29T20:45:42.381Z] Bridging ETH | Amount: 0.0000001 | Token: 0x0000000000000000000000000000000000000000
[•] [2026-04-29T20:45:42.382Z] Jitter delay: 20754ms
[•] [2026-04-29T20:46:04.480Z] Calldata: 0xd6d344a1...0000000000174876e800
[•] [2026-04-29T20:46:04.688Z] Estimated gas: 131192
[•] [2026-04-29T20:46:04.689Z] Sending tx... nonce: 634
[✓] [2026-04-29T20:46:05.185Z] Tx sent: 0x66346bb4cc4fdde31be0659a3d6b45fc0ab279f80f736ba707a10bbfa0839885
[•] [2026-04-29T20:46:05.186Z] Waiting confirmation...
[✓] [2026-04-29T20:46:06.347Z] Confirmed! Block: 1383482 | Gas: 126272 | Status: SUCCESS
[•] [2026-04-29T20:46:06.348Z] Jitter delay: 20179ms
[•] [2026-04-29T20:46:26.544Z] Bridging USDT | Amount: 0.00001 | Token: 0xfcc025A3E170DF62de0e25AF7CeAf1C89aBfe6E9
[•] [2026-04-29T20:46:26.546Z] Jitter delay: 23407ms
[✓] [2026-04-29T20:46:50.937Z] USDT already approved: 115792089237316195423570985008687907853269984665640564039457584007913129.639935
[•] [2026-04-29T20:46:52.012Z] Calldata: 0xd6d344a1...0000000000000000000a
[•] [2026-04-29T20:46:52.495Z] Estimated gas: 171206
[•] [2026-04-29T20:46:52.497Z] Sending tx... nonce: 635
[✓] [2026-04-29T20:46:53.112Z] Tx sent: 0x5b452c658d723b6cc309d0a2ca649e8fcf76357194d207b31dbd38725bd83c14
[•] [2026-04-29T20:46:53.113Z] Waiting confirmation...
[✓] [2026-04-29T20:46:59.044Z] Confirmed! Block: 1383492 | Gas: 166286 | Status: SUCCESS
[•] [2026-04-29T20:46:59.048Z] Jitter delay: 7913ms
[•] [2026-04-29T20:47:06.967Z] Bridging USDC | Amount: 0.00001 | Token: 0xe819EB5be34B20f1FEC012c0DAf960397A0Fb386
[•] [2026-04-29T20:47:06.969Z] Jitter delay: 15036ms
[✓] [2026-04-29T20:47:22.829Z] USDC already approved: 115792089237316195423570985008687907853269984665640564039457584007913129.639935
[•] [2026-04-29T20:47:23.494Z] Calldata: 0xd6d344a1...0000000000000000000a
[•] [2026-04-29T20:47:23.708Z] Estimated gas: 171206
[•] [2026-04-29T20:47:23.709Z] Sending tx... nonce: 636
[✓] [2026-04-29T20:47:24.174Z] Tx sent: 0x48b4e7b01359641b4a529669a817719b67f86da1abc614626097ca930c4a2c2a
[•] [2026-04-29T20:47:24.175Z] Waiting confirmation...
[✓] [2026-04-29T20:47:29.942Z] Confirmed! Block: 1383498 | Gas: 166286 | Status: SUCCESS
[•] [2026-04-29T20:47:29.946Z] Jitter delay: 24804ms
[•] [2026-04-29T20:47:54.775Z] Bridging DAI | Amount: 0.00001 | Token: 0xB96A869c74Be2eD561D95a77408505371F287d16
[•] [2026-04-29T20:47:54.776Z] Jitter delay: 25302ms
[✓] [2026-04-29T20:48:20.800Z] DAI already approved: 115792089237316195423570985008687907853269984665640564039457.584007913129639935
[•] [2026-04-29T20:48:21.445Z] Calldata: 0xd6d344a1...0000000009184e72a000
[•] [2026-04-29T20:48:21.668Z] Estimated gas: 171254
[•] [2026-04-29T20:48:21.670Z] Sending tx... nonce: 637
[✓] [2026-04-29T20:48:22.146Z] Tx sent: 0x9e8bef20e4d66576595d6af7ea169de8e0348c28a81305df357aba2086aaafcd
[•] [2026-04-29T20:48:22.148Z] Waiting confirmation...
[✓] [2026-04-29T20:48:27.749Z] Confirmed! Block: 1383510 | Gas: 166334 | Status: SUCCESS
[✓] [2026-04-29T20:48:27.753Z] Loop #19 completed
[•] [2026-04-29T20:48:27.754Z] Waiting 385s till next loop...
[•] [2026-04-29T20:54:53.005Z] ═══ Loop #20 ═══
[•] [2026-04-29T20:54:53.007Z] Bridging ETH | Amount: 0.0000001 | Token: 0x0000000000000000000000000000000000000000
[•] [2026-04-29T20:54:53.008Z] Jitter delay: 8263ms
[•] [2026-04-29T20:55:02.668Z] Calldata: 0xd6d344a1...0000000000174876e800
[•] [2026-04-29T20:55:02.896Z] Estimated gas: 131192
[•] [2026-04-29T20:55:02.897Z] Sending tx... nonce: 638
[✓] [2026-04-29T20:55:03.387Z] Tx sent: 0x7b0f38cb40cb3fd7e8e71e063c08121297a19aa91153e532ac718aa42d795ff4
[•] [2026-04-29T20:55:03.388Z] Waiting confirmation...
[✓] [2026-04-29T20:55:08.983Z] Confirmed! Block: 1383590 | Gas: 126272 | Status: SUCCESS
[•] [2026-04-29T20:55:08.987Z] Jitter delay: 21923ms
[•] [2026-04-29T20:55:30.920Z] Bridging USDT | Amount: 0.00001 | Token: 0xfcc025A3E170DF62de0e25AF7CeAf1C89aBfe6E9
[•] [2026-04-29T20:55:30.922Z] Jitter delay: 12265ms
[✓] [2026-04-29T20:55:43.955Z] USDT already approved: 115792089237316195423570985008687907853269984665640564039457584007913129.639935
[•] [2026-04-29T20:55:44.672Z] Calldata: 0xd6d344a1...0000000000000000000a
[•] [2026-04-29T20:55:44.911Z] Estimated gas: 171206
[•] [2026-04-29T20:55:44.912Z] Sending tx... nonce: 639
[✓] [2026-04-29T20:55:45.443Z] Tx sent: 0xfee86348ea5ccab0ef793e7e924dcaf93c2820b577e42d353b9fd14dff4344c9
[•] [2026-04-29T20:55:45.444Z] Waiting confirmation...
[✓] [2026-04-29T20:55:46.378Z] Confirmed! Block: 1383598 | Gas: 166286 | Status: SUCCESS
[•] [2026-04-29T20:55:46.380Z] Jitter delay: 9840ms
[•] [2026-04-29T20:55:56.224Z] Bridging USDC | Amount: 0.00001 | Token: 0xe819EB5be34B20f1FEC012c0DAf960397A0Fb386
[•] [2026-04-29T20:55:56.225Z] Jitter delay: 28559ms
[✓] [2026-04-29T20:56:25.603Z] USDC already approved: 115792089237316195423570985008687907853269984665640564039457584007913129.639935
[•] [2026-04-29T20:56:26.492Z] Calldata: 0xd6d344a1...0000000000000000000a
[•] [2026-04-29T20:56:26.814Z] Estimated gas: 171206
[•] [2026-04-29T20:56:26.815Z] Sending tx... nonce: 640
[✓] [2026-04-29T20:56:27.382Z] Tx sent: 0x9d6c11e529dcb4f4b400b767f14a391096363590597b530886a1ee7385f666c3
[•] [2026-04-29T20:56:27.384Z] Waiting confirmation...
[✓] [2026-04-29T20:56:33.486Z] Confirmed! Block: 1383607 | Gas: 166286 | Status: SUCCESS
[•] [2026-04-29T20:56:33.490Z] Jitter delay: 17824ms
[•] [2026-04-29T20:56:51.328Z] Bridging DAI | Amount: 0.00001 | Token: 0xB96A869c74Be2eD561D95a77408505371F287d16
[•] [2026-04-29T20:56:51.330Z] Jitter delay: 5290ms
[✓] [2026-04-29T20:56:57.607Z] DAI already approved: 115792089237316195423570985008687907853269984665640564039457.584007913129639935
[•] [2026-04-29T20:56:58.247Z] Calldata: 0xd6d344a1...0000000009184e72a000
[•] [2026-04-29T20:56:58.465Z] Estimated gas: 171254
[•] [2026-04-29T20:56:58.467Z] Sending tx... nonce: 641
[✓] [2026-04-29T20:56:58.965Z] Tx sent: 0xec39602c881dd7807267aab6ca48a1bc886806cf4978265102f11466e3735f11
[•] [2026-04-29T20:56:58.966Z] Waiting confirmation...
[✓] [2026-04-29T20:57:04.621Z] Confirmed! Block: 1383613 | Gas: 166334 | Status: SUCCESS
[✓] [2026-04-29T20:57:04.626Z] Loop #20 completed
[•] [2026-04-29T20:57:04.627Z] Waiting 463s till next loop...
[•] [2026-04-29T21:04:48.596Z] ═══ Loop #21 ═══
[•] [2026-04-29T21:04:48.602Z] Bridging ETH | Amount: 0.0000001 | Token: 0x0000000000000000000000000000000000000000
[•] [2026-04-29T21:04:48.604Z] Jitter delay: 15460ms
[•] [2026-04-29T21:05:05.311Z] Calldata: 0xd6d344a1...0000000000174876e800
[•] [2026-04-29T21:05:05.528Z] Estimated gas: 131192
[•] [2026-04-29T21:05:05.529Z] Sending tx... nonce: 642
[✓] [2026-04-29T21:05:06.044Z] Tx sent: 0xfac4a9c4aab91652baaa031df4834bca60d7583aab751ca8b96004da20229270
[•] [2026-04-29T21:05:06.045Z] Waiting confirmation...
[✓] [2026-04-29T21:05:11.908Z] Confirmed! Block: 1383711 | Gas: 126272 | Status: SUCCESS
[•] [2026-04-29T21:05:11.912Z] Jitter delay: 27825ms
[•] [2026-04-29T21:05:39.740Z] Bridging USDT | Amount: 0.00001 | Token: 0xfcc025A3E170DF62de0e25AF7CeAf1C89aBfe6E9
[•] [2026-04-29T21:05:39.742Z] Jitter delay: 25955ms
[✓] [2026-04-29T21:06:06.633Z] USDT already approved: 115792089237316195423570985008687907853269984665640564039457584007913129.639935
[•] [2026-04-29T21:06:07.392Z] Calldata: 0xd6d344a1...0000000000000000000a
[•] [2026-04-29T21:06:07.616Z] Estimated gas: 171206
[•] [2026-04-29T21:06:07.617Z] Sending tx... nonce: 643
[✓] [2026-04-29T21:06:08.140Z] Tx sent: 0xff54ed345e944966175f5e95dda95056785994f8b9b13d6493a101d91e2c119d
[•] [2026-04-29T21:06:08.140Z] Waiting confirmation...
[✓] [2026-04-29T21:06:13.777Z] Confirmed! Block: 1383723 | Gas: 166286 | Status: SUCCESS
[•] [2026-04-29T21:06:13.782Z] Jitter delay: 26017ms
[•] [2026-04-29T21:06:39.824Z] Bridging USDC | Amount: 0.00001 | Token: 0xe819EB5be34B20f1FEC012c0DAf960397A0Fb386
[•] [2026-04-29T21:06:39.826Z] Jitter delay: 18590ms
[✓] [2026-04-29T21:06:59.389Z] USDC already approved: 115792089237316195423570985008687907853269984665640564039457584007913129.639935
[•] [2026-04-29T21:07:00.100Z] Calldata: 0xd6d344a1...0000000000000000000a
[•] [2026-04-29T21:07:00.347Z] Estimated gas: 171206
[•] [2026-04-29T21:07:00.349Z] Sending tx... nonce: 644
[✓] [2026-04-29T21:07:00.885Z] Tx sent: 0xea03343157475ebf51c3fb210c5fb736420d7348a0e3d8318620bde1897fa928
[•] [2026-04-29T21:07:00.885Z] Waiting confirmation...
[✓] [2026-04-29T21:07:07.145Z] Confirmed! Block: 1383734 | Gas: 166286 | Status: SUCCESS
[•] [2026-04-29T21:07:07.148Z] Jitter delay: 13029ms
[•] [2026-04-29T21:07:20.190Z] Bridging DAI | Amount: 0.00001 | Token: 0xB96A869c74Be2eD561D95a77408505371F287d16
[•] [2026-04-29T21:07:20.191Z] Jitter delay: 6115ms
[✓] [2026-04-29T21:07:27.070Z] DAI already approved: 115792089237316195423570985008687907853269984665640564039457.584007913129639935
[•] [2026-04-29T21:07:27.779Z] Calldata: 0xd6d344a1...0000000009184e72a000
[•] [2026-04-29T21:07:28.029Z] Estimated gas: 171254
[•] [2026-04-29T21:07:28.030Z] Sending tx... nonce: 645
[✓] [2026-04-29T21:07:28.565Z] Tx sent: 0x8b152d06fcf6fed4a55b5e441f505974c7e537deafc958f0af7256f58874b914
[•] [2026-04-29T21:07:28.566Z] Waiting confirmation...
[✓] [2026-04-29T21:07:34.271Z] Confirmed! Block: 1383739 | Gas: 166334 | Status: SUCCESS
[✓] [2026-04-29T21:07:34.275Z] Loop #21 completed
[•] [2026-04-29T21:07:34.276Z] Waiting 344s till next loop...
[•] [2026-04-29T21:13:18.627Z] ═══ Loop #22 ═══
[•] [2026-04-29T21:13:18.629Z] Bridging ETH | Amount: 0.0000001 | Token: 0x0000000000000000000000000000000000000000
[•] [2026-04-29T21:13:18.630Z] Jitter delay: 8497ms
[•] [2026-04-29T21:13:28.491Z] Calldata: 0xd6d344a1...0000000000174876e800
[•] [2026-04-29T21:13:28.707Z] Estimated gas: 131192
[•] [2026-04-29T21:13:28.709Z] Sending tx... nonce: 646
[✓] [2026-04-29T21:13:29.230Z] Tx sent: 0x5e972aa5b620fd5ccdae1c5403177b1fb6a07ec7ab5fd221bbd6477b4ee8909e
[•] [2026-04-29T21:13:29.231Z] Waiting confirmation...
[✓] [2026-04-29T21:13:34.885Z] Confirmed! Block: 1383811 | Gas: 126272 | Status: SUCCESS
[•] [2026-04-29T21:13:34.890Z] Jitter delay: 19194ms
[•] [2026-04-29T21:13:54.104Z] Bridging USDT | Amount: 0.00001 | Token: 0xfcc025A3E170DF62de0e25AF7CeAf1C89aBfe6E9
[•] [2026-04-29T21:13:54.105Z] Jitter delay: 14892ms
[✓] [2026-04-29T21:14:09.840Z] USDT already approved: 115792089237316195423570985008687907853269984665640564039457584007913129.639935
[•] [2026-04-29T21:14:10.582Z] Calldata: 0xd6d344a1...0000000000000000000a
[•] [2026-04-29T21:14:10.820Z] Estimated gas: 171206
[•] [2026-04-29T21:14:10.821Z] Sending tx... nonce: 647
[✓] [2026-04-29T21:14:11.356Z] Tx sent: 0x187139c5a12c15dfb370b16bba823727db33466f5f1b2e91785258462a0cdf88
[•] [2026-04-29T21:14:11.357Z] Waiting confirmation...
[✓] [2026-04-29T21:14:17.200Z] Confirmed! Block: 1383820 | Gas: 166286 | Status: SUCCESS
[•] [2026-04-29T21:14:17.204Z] Jitter delay: 6087ms
[•] [2026-04-29T21:14:23.295Z] Bridging USDC | Amount: 0.00001 | Token: 0xe819EB5be34B20f1FEC012c0DAf960397A0Fb386
[•] [2026-04-29T21:14:23.297Z] Jitter delay: 12965ms
[✓] [2026-04-29T21:14:37.039Z] USDC already approved: 115792089237316195423570985008687907853269984665640564039457584007913129.639935
[•] [2026-04-29T21:14:37.699Z] Calldata: 0xd6d344a1...0000000000000000000a
[•] [2026-04-29T21:14:37.921Z] Estimated gas: 171206
[•] [2026-04-29T21:14:37.923Z] Sending tx... nonce: 648
[✓] [2026-04-29T21:14:38.409Z] Tx sent: 0xdf32a39abb9e34fa5c19e3e6e704857272503160ced6825597db4c9db8068284
[•] [2026-04-29T21:14:38.410Z] Waiting confirmation...
[✓] [2026-04-29T21:14:44.022Z] Confirmed! Block: 1383825 | Gas: 166286 | Status: SUCCESS
[•] [2026-04-29T21:14:44.027Z] Jitter delay: 14899ms
[•] [2026-04-29T21:14:58.941Z] Bridging DAI | Amount: 0.00001 | Token: 0xB96A869c74Be2eD561D95a77408505371F287d16
[•] [2026-04-29T21:14:58.942Z] Jitter delay: 19257ms
[✓] [2026-04-29T21:15:18.915Z] DAI already approved: 115792089237316195423570985008687907853269984665640564039457.584007913129639935
[•] [2026-04-29T21:15:19.593Z] Calldata: 0xd6d344a1...0000000009184e72a000
[•] [2026-04-29T21:15:19.830Z] Estimated gas: 171254
[•] [2026-04-29T21:15:19.831Z] Sending tx... nonce: 649
[✓] [2026-04-29T21:15:20.326Z] Tx sent: 0xe7fd547d10b8ddfa322bdbd008b1406d1ec32b76487ec46f5b8f4fbd652e87e8
[•] [2026-04-29T21:15:20.327Z] Waiting confirmation...
[✓] [2026-04-29T21:15:21.520Z] Confirmed! Block: 1383833 | Gas: 166334 | Status: SUCCESS
[✓] [2026-04-29T21:15:21.522Z] Loop #22 completed
[•] [2026-04-29T21:15:21.523Z] Waiting 529s till next loop...
[•] [2026-04-29T21:24:11.324Z] ═══ Loop #23 ═══
[•] [2026-04-29T21:24:11.328Z] Bridging ETH | Amount: 0.0000001 | Token: 0x0000000000000000000000000000000000000000
[•] [2026-04-29T21:24:11.329Z] Jitter delay: 27614ms
[•] [2026-04-29T21:24:40.375Z] Calldata: 0xd6d344a1...0000000000174876e800
[•] [2026-04-29T21:24:40.606Z] Estimated gas: 131192
[•] [2026-04-29T21:24:40.607Z] Sending tx... nonce: 650
[✓] [2026-04-29T21:24:41.128Z] Tx sent: 0xc27e2e197cfd9f3bbe10857eafd440373f7fb9a42e51df6403df43721e0ae3dd
[•] [2026-04-29T21:24:41.129Z] Waiting confirmation...
[✓] [2026-04-29T21:24:46.979Z] Confirmed! Block: 1383946 | Gas: 126272 | Status: SUCCESS
[•] [2026-04-29T21:24:46.983Z] Jitter delay: 18579ms
[•] [2026-04-29T21:25:05.575Z] Bridging USDT | Amount: 0.00001 | Token: 0xfcc025A3E170DF62de0e25AF7CeAf1C89aBfe6E9
[•] [2026-04-29T21:25:05.577Z] Jitter delay: 15083ms
[✓] [2026-04-29T21:25:21.604Z] USDT already approved: 115792089237316195423570985008687907853269984665640564039457584007913129.639935
[•] [2026-04-29T21:25:22.408Z] Calldata: 0xd6d344a1...0000000000000000000a
[•] [2026-04-29T21:25:22.826Z] Estimated gas: 171206
[•] [2026-04-29T21:25:22.827Z] Sending tx... nonce: 651
[✓] [2026-04-29T21:25:23.422Z] Tx sent: 0x9f236690e38cc51fd9c2a343dd2c5abdcf6bf307a7dd6b589c8c50d4e05d3d0d
[•] [2026-04-29T21:25:23.424Z] Waiting confirmation...
[✓] [2026-04-29T21:25:29.539Z] Confirmed! Block: 1383954 | Gas: 166286 | Status: SUCCESS
[•] [2026-04-29T21:25:29.541Z] Jitter delay: 28929ms
[•] [2026-04-29T21:25:58.499Z] Bridging USDC | Amount: 0.00001 | Token: 0xe819EB5be34B20f1FEC012c0DAf960397A0Fb386
[•] [2026-04-29T21:25:58.500Z] Jitter delay: 25351ms
[✓] [2026-04-29T21:26:24.647Z] USDC already approved: 115792089237316195423570985008687907853269984665640564039457584007913129.639935
[•] [2026-04-29T21:26:25.301Z] Calldata: 0xd6d344a1...0000000000000000000a
[•] [2026-04-29T21:26:25.515Z] Estimated gas: 171206
[•] [2026-04-29T21:26:25.517Z] Sending tx... nonce: 652
[✓] [2026-04-29T21:26:26.027Z] Tx sent: 0x73f2dd13435ca2cc9b2d47933ff0e901116a731b084a5b5bfa52e9968b4a06d1
[•] [2026-04-29T21:26:26.028Z] Waiting confirmation...
[✓] [2026-04-29T21:26:31.912Z] Confirmed! Block: 1383967 | Gas: 166286 | Status: SUCCESS
[•] [2026-04-29T21:26:31.917Z] Jitter delay: 25939ms
[•] [2026-04-29T21:26:57.877Z] Bridging DAI | Amount: 0.00001 | Token: 0xB96A869c74Be2eD561D95a77408505371F287d16
[•] [2026-04-29T21:26:57.879Z] Jitter delay: 9919ms
[✓] [2026-04-29T21:27:08.703Z] DAI already approved: 115792089237316195423570985008687907853269984665640564039457.584007913129639935
[•] [2026-04-29T21:27:09.520Z] Calldata: 0xd6d344a1...0000000009184e72a000
[•] [2026-04-29T21:27:09.788Z] Estimated gas: 171254
[•] [2026-04-29T21:27:09.789Z] Sending tx... nonce: 653
[✓] [2026-04-29T21:27:10.382Z] Tx sent: 0xbb67fd4e89ef6f17bd88e41dfe4126c524851a319761e64ce6e18e77f3fb3770
[•] [2026-04-29T21:27:10.384Z] Waiting confirmation...
[✓] [2026-04-29T21:27:11.428Z] Confirmed! Block: 1383975 | Gas: 166334 | Status: SUCCESS
[✓] [2026-04-29T21:27:11.429Z] Loop #23 completed
[•] [2026-04-29T21:27:11.431Z] Waiting 541s till next loop...
[•] [2026-04-29T21:36:12.568Z] ═══ Loop #24 ═══
[•] [2026-04-29T21:36:12.571Z] Bridging ETH | Amount: 0.0000001 | Token: 0x0000000000000000000000000000000000000000
[•] [2026-04-29T21:36:12.572Z] Jitter delay: 5472ms
[•] [2026-04-29T21:36:19.368Z] Calldata: 0xd6d344a1...0000000000174876e800
[•] [2026-04-29T21:36:19.582Z] Estimated gas: 131192
[•] [2026-04-29T21:36:19.583Z] Sending tx... nonce: 654
[✓] [2026-04-29T21:36:20.047Z] Tx sent: 0x7c9be8f173d649c0580ba62a4b30954c8be7eed57d6e30e558bd4f0cfd483b6a
[•] [2026-04-29T21:36:20.048Z] Waiting confirmation...
[✓] [2026-04-29T21:36:21.143Z] Confirmed! Block: 1384085 | Gas: 126272 | Status: SUCCESS
[•] [2026-04-29T21:36:21.144Z] Jitter delay: 10045ms
[•] [2026-04-29T21:36:31.197Z] Bridging USDT | Amount: 0.00001 | Token: 0xfcc025A3E170DF62de0e25AF7CeAf1C89aBfe6E9
[•] [2026-04-29T21:36:31.199Z] Jitter delay: 23011ms
[✓] [2026-04-29T21:36:55.404Z] USDT already approved: 115792089237316195423570985008687907853269984665640564039457584007913129.639935
[•] [2026-04-29T21:36:56.161Z] Calldata: 0xd6d344a1...0000000000000000000a
[•] [2026-04-29T21:36:56.422Z] Estimated gas: 171206
[•] [2026-04-29T21:36:56.424Z] Sending tx... nonce: 655
[✓] [2026-04-29T21:36:56.985Z] Tx sent: 0x8db98c340f1d5dfae15165b172cf17deb741a9b6e49c83708e1a8bc374870452
[•] [2026-04-29T21:36:56.985Z] Waiting confirmation...
[✓] [2026-04-29T21:37:03.028Z] Confirmed! Block: 1384093 | Gas: 166286 | Status: SUCCESS
[•] [2026-04-29T21:37:03.031Z] Jitter delay: 8073ms
[•] [2026-04-29T21:37:11.111Z] Bridging USDC | Amount: 0.00001 | Token: 0xe819EB5be34B20f1FEC012c0DAf960397A0Fb386
[•] [2026-04-29T21:37:11.112Z] Jitter delay: 11184ms
[✓] [2026-04-29T21:37:23.010Z] USDC already approved: 115792089237316195423570985008687907853269984665640564039457584007913129.639935
[•] [2026-04-29T21:37:23.653Z] Calldata: 0xd6d344a1...0000000000000000000a
[•] [2026-04-29T21:37:23.874Z] Estimated gas: 171206
[•] [2026-04-29T21:37:23.876Z] Sending tx... nonce: 656
[✓] [2026-04-29T21:37:24.345Z] Tx sent: 0xa79911d330cfd43b22cabb9a327d819bf4b15b54c9d3ca02c0db007ad8410593
[•] [2026-04-29T21:37:24.346Z] Waiting confirmation...
[✓] [2026-04-29T21:37:30.436Z] Confirmed! Block: 1384098 | Gas: 166286 | Status: SUCCESS
[•] [2026-04-29T21:37:30.443Z] Jitter delay: 17399ms
[•] [2026-04-29T21:37:47.857Z] Bridging DAI | Amount: 0.00001 | Token: 0xB96A869c74Be2eD561D95a77408505371F287d16
[•] [2026-04-29T21:37:47.859Z] Jitter delay: 17730ms
[✓] [2026-04-29T21:38:06.301Z] DAI already approved: 115792089237316195423570985008687907853269984665640564039457.584007913129639935
[•] [2026-04-29T21:38:07.045Z] Calldata: 0xd6d344a1...0000000009184e72a000
[•] [2026-04-29T21:38:07.261Z] Estimated gas: 171254
[•] [2026-04-29T21:38:07.262Z] Sending tx... nonce: 657
[✓] [2026-04-29T21:38:07.706Z] Tx sent: 0x844fb2e8e48b2556c7a25d2b9f6e0ed993caae4858714a6976f67579515a3380
[•] [2026-04-29T21:38:07.707Z] Waiting confirmation...
[✓] [2026-04-29T21:38:13.282Z] Confirmed! Block: 1384107 | Gas: 166334 | Status: SUCCESS
[✓] [2026-04-29T21:38:13.286Z] Loop #24 completed
[•] [2026-04-29T21:38:13.287Z] Waiting 341s till next loop...
[•] [2026-04-29T21:43:54.776Z] ═══ Loop #25 ═══
[•] [2026-04-29T21:43:54.778Z] Bridging ETH | Amount: 0.0000001 | Token: 0x0000000000000000000000000000000000000000
[•] [2026-04-29T21:43:54.779Z] Jitter delay: 13609ms
[•] [2026-04-29T21:44:10.112Z] Calldata: 0xd6d344a1...0000000000174876e800
[•] [2026-04-29T21:44:10.360Z] Estimated gas: 131192
[•] [2026-04-29T21:44:10.361Z] Sending tx... nonce: 658
[✓] [2026-04-29T21:44:10.902Z] Tx sent: 0xe592850b7a6f959f56083aa084c610f45b4c0f166c10a7b94be0a49940d44f95
[•] [2026-04-29T21:44:10.904Z] Waiting confirmation...
[✓] [2026-04-29T21:44:17.290Z] Confirmed! Block: 1384180 | Gas: 126272 | Status: SUCCESS
[•] [2026-04-29T21:44:17.293Z] Jitter delay: 14148ms
[•] [2026-04-29T21:44:31.454Z] Bridging USDT | Amount: 0.00001 | Token: 0xfcc025A3E170DF62de0e25AF7CeAf1C89aBfe6E9
[•] [2026-04-29T21:44:31.455Z] Jitter delay: 22695ms
[✓] [2026-04-29T21:44:54.836Z] USDT already approved: 115792089237316195423570985008687907853269984665640564039457584007913129.639935
[•] [2026-04-29T21:44:55.489Z] Calldata: 0xd6d344a1...0000000000000000000a
[•] [2026-04-29T21:44:55.699Z] Estimated gas: 171206
[•] [2026-04-29T21:44:55.700Z] Sending tx... nonce: 659
[✓] [2026-04-29T21:44:56.186Z] Tx sent: 0x6651bb724c75c2cfde3d50f187a4ad7332ef8a4bfc224217cd80d7bad417aaf8
[•] [2026-04-29T21:44:56.187Z] Waiting confirmation...
[✓] [2026-04-29T21:45:02.077Z] Confirmed! Block: 1384189 | Gas: 166286 | Status: SUCCESS
[•] [2026-04-29T21:45:02.082Z] Jitter delay: 18274ms
[•] [2026-04-29T21:45:20.374Z] Bridging USDC | Amount: 0.00001 | Token: 0xe819EB5be34B20f1FEC012c0DAf960397A0Fb386
[•] [2026-04-29T21:45:20.376Z] Jitter delay: 18131ms
[✓] [2026-04-29T21:45:39.511Z] USDC already approved: 115792089237316195423570985008687907853269984665640564039457584007913129.639935
[•] [2026-04-29T21:45:40.249Z] Calldata: 0xd6d344a1...0000000000000000000a
[•] [2026-04-29T21:45:40.503Z] Estimated gas: 171206
[•] [2026-04-29T21:45:40.504Z] Sending tx... nonce: 660
[✓] [2026-04-29T21:45:41.084Z] Tx sent: 0xc93c36daf53d1d5147d94f5e43ac7b884b6741acf1d926c9ca58592dd2a80655
[•] [2026-04-29T21:45:41.085Z] Waiting confirmation...
[✓] [2026-04-29T21:45:47.178Z] Confirmed! Block: 1384198 | Gas: 166286 | Status: SUCCESS
[•] [2026-04-29T21:45:47.184Z] Jitter delay: 16504ms
[•] [2026-04-29T21:46:03.701Z] Bridging DAI | Amount: 0.00001 | Token: 0xB96A869c74Be2eD561D95a77408505371F287d16
[•] [2026-04-29T21:46:03.703Z] Jitter delay: 13410ms
[✓] [2026-04-29T21:46:17.915Z] DAI already approved: 115792089237316195423570985008687907853269984665640564039457.584007913129639935
[•] [2026-04-29T21:46:18.722Z] Calldata: 0xd6d344a1...0000000009184e72a000
[•] [2026-04-29T21:46:18.950Z] Estimated gas: 171254
[•] [2026-04-29T21:46:18.951Z] Sending tx... nonce: 661
[✓] [2026-04-29T21:46:19.448Z] Tx sent: 0x6a0f83ea64b5c5b7b2f5b208607f6e4f2627f79ad8bfc295cc1f6552e39c4801
[•] [2026-04-29T21:46:19.449Z] Waiting confirmation...
[✓] [2026-04-29T21:46:25.454Z] Confirmed! Block: 1384205 | Gas: 166334 | Status: SUCCESS
[✓] [2026-04-29T21:46:25.458Z] Loop #25 completed
[•] [2026-04-29T21:46:25.459Z] Waiting 382s till next loop...
[•] [2026-04-29T21:52:48.088Z] ═══ Loop #26 ═══
[•] [2026-04-29T21:52:48.091Z] Bridging ETH | Amount: 0.0000001 | Token: 0x0000000000000000000000000000000000000000
[•] [2026-04-29T21:52:48.092Z] Jitter delay: 8834ms
[•] [2026-04-29T21:52:58.417Z] Calldata: 0xd6d344a1...0000000000174876e800
[•] [2026-04-29T21:52:58.678Z] Estimated gas: 131192
[•] [2026-04-29T21:52:58.679Z] Sending tx... nonce: 662
[✓] [2026-04-29T21:52:59.249Z] Tx sent: 0x1be7cc2ff4673e5b0aa5d5907ab643370679693fc89931776c68f2e54a3d1609
[•] [2026-04-29T21:52:59.249Z] Waiting confirmation...
[✓] [2026-04-29T21:53:05.166Z] Confirmed! Block: 1384285 | Gas: 126272 | Status: SUCCESS
[•] [2026-04-29T21:53:05.170Z] Jitter delay: 27648ms
[•] [2026-04-29T21:53:32.845Z] Bridging USDT | Amount: 0.00001 | Token: 0xfcc025A3E170DF62de0e25AF7CeAf1C89aBfe6E9
[•] [2026-04-29T21:53:32.847Z] Jitter delay: 6757ms
[✓] [2026-04-29T21:53:40.416Z] USDT already approved: 115792089237316195423570985008687907853269984665640564039457584007913129.639935
[•] [2026-04-29T21:53:41.075Z] Calldata: 0xd6d344a1...0000000000000000000a
[•] [2026-04-29T21:53:41.298Z] Estimated gas: 171206
[•] [2026-04-29T21:53:41.299Z] Sending tx... nonce: 663
[✓] [2026-04-29T21:53:41.824Z] Tx sent: 0x678d472e78ae1a07a7d7992e9b064d197c2512e4ef64dda718e708fec3ed3970
[•] [2026-04-29T21:53:41.825Z] Waiting confirmation...
[✓] [2026-04-29T21:53:47.452Z] Confirmed! Block: 1384294 | Gas: 166286 | Status: SUCCESS
[•] [2026-04-29T21:53:47.456Z] Jitter delay: 19136ms
[•] [2026-04-29T21:54:06.607Z] Bridging USDC | Amount: 0.00001 | Token: 0xe819EB5be34B20f1FEC012c0DAf960397A0Fb386
[•] [2026-04-29T21:54:06.609Z] Jitter delay: 6000ms
[✓] [2026-04-29T21:54:13.434Z] USDC already approved: 115792089237316195423570985008687907853269984665640564039457584007913129.639935
[•] [2026-04-29T21:54:14.137Z] Calldata: 0xd6d344a1...0000000000000000000a
[•] [2026-04-29T21:54:14.857Z] Estimated gas: 171206
[•] [2026-04-29T21:54:14.858Z] Sending tx... nonce: 664
[✓] [2026-04-29T21:54:15.376Z] Tx sent: 0x860ce0d5bd97b65122cc45fdb941c9a0dc61ef9f2bac5b29f691aec247d36e9e
[•] [2026-04-29T21:54:15.377Z] Waiting confirmation...
[✓] [2026-04-29T21:54:16.915Z] Confirmed! Block: 1384300 | Gas: 166286 | Status: SUCCESS
[•] [2026-04-29T21:54:16.917Z] Jitter delay: 8814ms
[•] [2026-04-29T21:54:25.738Z] Bridging DAI | Amount: 0.00001 | Token: 0xB96A869c74Be2eD561D95a77408505371F287d16
[•] [2026-04-29T21:54:25.740Z] Jitter delay: 12969ms
[✓] [2026-04-29T21:54:39.500Z] DAI already approved: 115792089237316195423570985008687907853269984665640564039457.584007913129639935
[•] [2026-04-29T21:54:40.320Z] Calldata: 0xd6d344a1...0000000009184e72a000
[•] [2026-04-29T21:54:40.535Z] Estimated gas: 171254
[•] [2026-04-29T21:54:40.536Z] Sending tx... nonce: 665
[✓] [2026-04-29T21:54:40.984Z] Tx sent: 0x3ab067f012cc6543ce6548f6ed1392847f0157c33b9f9e1fe5b6c783e681dd68
[•] [2026-04-29T21:54:40.985Z] Waiting confirmation...
[✓] [2026-04-29T21:54:41.829Z] Confirmed! Block: 1384305 | Gas: 166334 | Status: SUCCESS
[✓] [2026-04-29T21:54:41.830Z] Loop #26 completed
[•] [2026-04-29T21:54:41.831Z] Waiting 318s till next loop...
[•] [2026-04-29T22:00:00.275Z] ═══ Loop #27 ═══
[•] [2026-04-29T22:00:00.280Z] Bridging ETH | Amount: 0.0000001 | Token: 0x0000000000000000000000000000000000000000
[•] [2026-04-29T22:00:00.281Z] Jitter delay: 16754ms
[•] [2026-04-29T22:00:18.400Z] Calldata: 0xd6d344a1...0000000000174876e800
[•] [2026-04-29T22:00:18.640Z] Estimated gas: 131192
[•] [2026-04-29T22:00:18.641Z] Sending tx... nonce: 666
[✓] [2026-04-29T22:00:19.191Z] Tx sent: 0xd24b73fefc5ebe0d4302d3e3349d4606acca6444d8b1fd1794eaab9ce4e42e2e
[•] [2026-04-29T22:00:19.192Z] Waiting confirmation...
[✓] [2026-04-29T22:00:24.949Z] Confirmed! Block: 1384373 | Gas: 126272 | Status: SUCCESS
[•] [2026-04-29T22:00:24.952Z] Jitter delay: 25221ms
[•] [2026-04-29T22:00:50.196Z] Bridging USDT | Amount: 0.00001 | Token: 0xfcc025A3E170DF62de0e25AF7CeAf1C89aBfe6E9
[•] [2026-04-29T22:00:50.196Z] Jitter delay: 7146ms
[✓] [2026-04-29T22:00:58.061Z] USDT already approved: 115792089237316195423570985008687907853269984665640564039457584007913129.639935
[•] [2026-04-29T22:00:58.689Z] Calldata: 0xd6d344a1...0000000000000000000a
[•] [2026-04-29T22:00:58.909Z] Estimated gas: 171206
[•] [2026-04-29T22:00:58.911Z] Sending tx... nonce: 667
[✓] [2026-04-29T22:00:59.376Z] Tx sent: 0x1a6a261a20bffa8db01e835a1fbbedad7fcd93d5d0716b62f9015e7d24d81145
[•] [2026-04-29T22:00:59.377Z] Waiting confirmation...
[✓] [2026-04-29T22:01:05.181Z] Confirmed! Block: 1384381 | Gas: 166286 | Status: SUCCESS
[•] [2026-04-29T22:01:05.184Z] Jitter delay: 7676ms
[•] [2026-04-29T22:01:12.866Z] Bridging USDC | Amount: 0.00001 | Token: 0xe819EB5be34B20f1FEC012c0DAf960397A0Fb386
[•] [2026-04-29T22:01:12.867Z] Jitter delay: 15167ms
[✓] [2026-04-29T22:01:28.888Z] USDC already approved: 115792089237316195423570985008687907853269984665640564039457584007913129.639935
[•] [2026-04-29T22:01:29.626Z] Calldata: 0xd6d344a1...0000000000000000000a
[•] [2026-04-29T22:01:29.867Z] Estimated gas: 171206
[•] [2026-04-29T22:01:29.868Z] Sending tx... nonce: 668
[✓] [2026-04-29T22:01:30.375Z] Tx sent: 0x1386d8c4cc117f1a001399d81f928aea1adcc4a543cfc1d4059486bfdb9a87d3
[•] [2026-04-29T22:01:30.375Z] Waiting confirmation...
[✓] [2026-04-29T22:01:31.624Z] Confirmed! Block: 1384387 | Gas: 166286 | Status: SUCCESS
[•] [2026-04-29T22:01:31.626Z] Jitter delay: 22432ms
[•] [2026-04-29T22:01:54.075Z] Bridging DAI | Amount: 0.00001 | Token: 0xB96A869c74Be2eD561D95a77408505371F287d16
[•] [2026-04-29T22:01:54.077Z] Jitter delay: 15549ms
[✓] [2026-04-29T22:02:10.441Z] DAI already approved: 115792089237316195423570985008687907853269984665640564039457.584007913129639935
[•] [2026-04-29T22:02:11.186Z] Calldata: 0xd6d344a1...0000000009184e72a000
[•] [2026-04-29T22:02:11.431Z] Estimated gas: 171254
[•] [2026-04-29T22:02:11.433Z] Sending tx... nonce: 669
[✓] [2026-04-29T22:02:11.951Z] Tx sent: 0x974a37b6c799ce750d89995a9d8e956965eeb010e504687ea73f09a00c46c976
[•] [2026-04-29T22:02:11.952Z] Waiting confirmation...
[✓] [2026-04-29T22:02:17.744Z] Confirmed! Block: 1384396 | Gas: 166334 | Status: SUCCESS
[✓] [2026-04-29T22:02:17.744Z] Loop #27 completed
[•] [2026-04-29T22:02:17.745Z] Waiting 311s till next loop...
[•] [2026-04-29T22:07:29.171Z] ═══ Loop #28 ═══
[•] [2026-04-29T22:07:29.174Z] Bridging ETH | Amount: 0.0000001 | Token: 0x0000000000000000000000000000000000000000
[•] [2026-04-29T22:07:29.175Z] Jitter delay: 11343ms
[•] [2026-04-29T22:07:42.131Z] Calldata: 0xd6d344a1...0000000000174876e800
[•] [2026-04-29T22:07:42.415Z] Estimated gas: 131192
[•] [2026-04-29T22:07:42.416Z] Sending tx... nonce: 670
[✓] [2026-04-29T22:07:43.028Z] Tx sent: 0xe442e590350d0764622485dbe6c825da4c7013e532dbef67bc454b266986b977
[•] [2026-04-29T22:07:43.028Z] Waiting confirmation...
[✓] [2026-04-29T22:07:49.064Z] Confirmed! Block: 1384462 | Gas: 126272 | Status: SUCCESS
[•] [2026-04-29T22:07:49.066Z] Jitter delay: 28961ms
[•] [2026-04-29T22:08:18.053Z] Bridging USDT | Amount: 0.00001 | Token: 0xfcc025A3E170DF62de0e25AF7CeAf1C89aBfe6E9
[•] [2026-04-29T22:08:18.054Z] Jitter delay: 23214ms
[✓] [2026-04-29T22:08:41.947Z] USDT already approved: 115792089237316195423570985008687907853269984665640564039457584007913129.639935
[•] [2026-04-29T22:08:42.625Z] Calldata: 0xd6d344a1...0000000000000000000a
[•] [2026-04-29T22:08:43.110Z] Estimated gas: 171206
[•] [2026-04-29T22:08:43.111Z] Sending tx... nonce: 671
[✓] [2026-04-29T22:08:43.612Z] Tx sent: 0x8c22ae5d8c0072571e8725712b688170160b592f3954dc93b6cdba30e0b9e213
[•] [2026-04-29T22:08:43.613Z] Waiting confirmation...
[✓] [2026-04-29T22:08:49.278Z] Confirmed! Block: 1384474 | Gas: 166286 | Status: SUCCESS
[•] [2026-04-29T22:08:49.284Z] Jitter delay: 9222ms
[•] [2026-04-29T22:08:58.513Z] Bridging USDC | Amount: 0.00001 | Token: 0xe819EB5be34B20f1FEC012c0DAf960397A0Fb386
[•] [2026-04-29T22:08:58.515Z] Jitter delay: 26975ms
[✓] [2026-04-29T22:09:26.354Z] USDC already approved: 115792089237316195423570985008687907853269984665640564039457584007913129.639935
[•] [2026-04-29T22:09:27.015Z] Calldata: 0xd6d344a1...0000000000000000000a
[•] [2026-04-29T22:09:27.227Z] Estimated gas: 171206
[•] [2026-04-29T22:09:27.228Z] Sending tx... nonce: 672
[✓] [2026-04-29T22:09:27.740Z] Tx sent: 0x387af14d7e6936e7b8d4d76d2a1f1ea9204a9858612811ab8fdcd8adeb6d1cad
[•] [2026-04-29T22:09:27.740Z] Waiting confirmation...
[✓] [2026-04-29T22:09:33.319Z] Confirmed! Block: 1384483 | Gas: 166286 | Status: SUCCESS
[•] [2026-04-29T22:09:33.321Z] Jitter delay: 11501ms
[•] [2026-04-29T22:09:44.831Z] Bridging DAI | Amount: 0.00001 | Token: 0xB96A869c74Be2eD561D95a77408505371F287d16
[•] [2026-04-29T22:09:44.833Z] Jitter delay: 16106ms
[✓] [2026-04-29T22:10:01.691Z] DAI already approved: 115792089237316195423570985008687907853269984665640564039457.584007913129639935
[•] [2026-04-29T22:10:02.359Z] Calldata: 0xd6d344a1...0000000009184e72a000
[•] [2026-04-29T22:10:02.560Z] Estimated gas: 171254
[•] [2026-04-29T22:10:02.561Z] Sending tx... nonce: 673
[✓] [2026-04-29T22:10:03.064Z] Tx sent: 0x17c0fc2fb0f69227a40edb5e8e98ce7269d67b4bb03331545b82b450c84c1784
[•] [2026-04-29T22:10:03.065Z] Waiting confirmation...
[✓] [2026-04-29T22:10:08.695Z] Confirmed! Block: 1384490 | Gas: 166334 | Status: SUCCESS
[✓] [2026-04-29T22:10:08.699Z] Loop #28 completed
[•] [2026-04-29T22:10:08.700Z] Waiting 525s till next loop...
[•] [2026-04-29T22:18:54.724Z] ═══ Loop #29 ═══
[•] [2026-04-29T22:18:54.753Z] Bridging ETH | Amount: 0.0000001 | Token: 0x0000000000000000000000000000000000000000
[•] [2026-04-29T22:18:54.755Z] Jitter delay: 17202ms
[•] [2026-04-29T22:19:13.452Z] Calldata: 0xd6d344a1...0000000000174876e800
[•] [2026-04-29T22:19:13.718Z] Estimated gas: 131192
[•] [2026-04-29T22:19:13.720Z] Sending tx... nonce: 674
[✓] [2026-04-29T22:19:14.289Z] Tx sent: 0x24fda28bba2240cf5a478fc3434939101e95b75e29ab121b1556b1a9722a5b07
[•] [2026-04-29T22:19:14.290Z] Waiting confirmation...
[✓] [2026-04-29T22:19:19.908Z] Confirmed! Block: 1384600 | Gas: 126272 | Status: SUCCESS
[•] [2026-04-29T22:19:19.909Z] Jitter delay: 19977ms
[•] [2026-04-29T22:19:39.904Z] Bridging USDT | Amount: 0.00001 | Token: 0xfcc025A3E170DF62de0e25AF7CeAf1C89aBfe6E9
[•] [2026-04-29T22:19:39.905Z] Jitter delay: 9187ms
[✓] [2026-04-29T22:19:49.839Z] USDT already approved: 115792089237316195423570985008687907853269984665640564039457584007913129.639935
[•] [2026-04-29T22:19:50.492Z] Calldata: 0xd6d344a1...0000000000000000000a
[•] [2026-04-29T22:19:50.751Z] Estimated gas: 171206
[•] [2026-04-29T22:19:50.752Z] Sending tx... nonce: 675
[✓] [2026-04-29T22:19:51.206Z] Tx sent: 0xe683ee74f6e11b6e296b4c936ff995059000c4d86144c1f9f7bdba4b313523af
[•] [2026-04-29T22:19:51.207Z] Waiting confirmation...
[✓] [2026-04-29T22:19:52.053Z] Confirmed! Block: 1384607 | Gas: 166286 | Status: SUCCESS
[•] [2026-04-29T22:19:52.055Z] Jitter delay: 23789ms
[•] [2026-04-29T22:20:15.851Z] Bridging USDC | Amount: 0.00001 | Token: 0xe819EB5be34B20f1FEC012c0DAf960397A0Fb386
[•] [2026-04-29T22:20:15.853Z] Jitter delay: 17485ms
[✓] [2026-04-29T22:20:34.796Z] USDC already approved: 115792089237316195423570985008687907853269984665640564039457584007913129.639935
[•] [2026-04-29T22:20:37.818Z] Calldata: 0xd6d344a1...0000000000000000000a
[•] [2026-04-29T22:20:38.762Z] Estimated gas: 171206
[•] [2026-04-29T22:20:38.764Z] Sending tx... nonce: 676
[✓] [2026-04-29T22:20:39.444Z] Tx sent: 0xdc819460dfe2a32717ea00f0629292f865de097c5a5c68eb40fddd827a17842f
[•] [2026-04-29T22:20:39.445Z] Waiting confirmation...
[✓] [2026-04-29T22:20:47.713Z] Confirmed! Block: 1384617 | Gas: 166286 | Status: SUCCESS
[•] [2026-04-29T22:20:47.715Z] Jitter delay: 14504ms
[•] [2026-04-29T22:21:02.232Z] Bridging DAI | Amount: 0.00001 | Token: 0xB96A869c74Be2eD561D95a77408505371F287d16
[•] [2026-04-29T22:21:02.233Z] Jitter delay: 9357ms
[✓] [2026-04-29T22:21:12.538Z] DAI already approved: 115792089237316195423570985008687907853269984665640564039457.584007913129639935
[•] [2026-04-29T22:21:13.256Z] Calldata: 0xd6d344a1...0000000009184e72a000
[•] [2026-04-29T22:21:13.486Z] Estimated gas: 171254
[•] [2026-04-29T22:21:13.487Z] Sending tx... nonce: 677
[✓] [2026-04-29T22:21:14.105Z] Tx sent: 0x8cb5f7e32d2c6f2a81786d2d3d5e12c09e0ca1f6cdfa915a422358206bb7c73f
[•] [2026-04-29T22:21:14.106Z] Waiting confirmation...
[✓] [2026-04-29T22:21:19.807Z] Confirmed! Block: 1384624 | Gas: 166334 | Status: SUCCESS
[✓] [2026-04-29T22:21:19.811Z] Loop #29 completed
[•] [2026-04-29T22:21:19.812Z] Waiting 343s till next loop...
[•] [2026-04-29T22:27:03.138Z] ═══ Loop #30 ═══
[•] [2026-04-29T22:27:03.140Z] Bridging ETH | Amount: 0.0000001 | Token: 0x0000000000000000000000000000000000000000
[•] [2026-04-29T22:27:03.141Z] Jitter delay: 20549ms
[•] [2026-04-29T22:27:24.920Z] Calldata: 0xd6d344a1...0000000000174876e800
[•] [2026-04-29T22:27:25.131Z] Estimated gas: 131192
[•] [2026-04-29T22:27:25.132Z] Sending tx... nonce: 678
[✓] [2026-04-29T22:27:25.626Z] Tx sent: 0x95315db147add946a096cd27f94cf47471a6cbe97eae240327fde05a1f6467d8
[•] [2026-04-29T22:27:25.627Z] Waiting confirmation...
[✓] [2026-04-29T22:27:31.262Z] Confirmed! Block: 1384698 | Gas: 126272 | Status: SUCCESS
[•] [2026-04-29T22:27:31.266Z] Jitter delay: 8525ms
[•] [2026-04-29T22:27:39.798Z] Bridging USDT | Amount: 0.00001 | Token: 0xfcc025A3E170DF62de0e25AF7CeAf1C89aBfe6E9
[•] [2026-04-29T22:27:39.799Z] Jitter delay: 29951ms
[✓] [2026-04-29T22:28:10.586Z] USDT already approved: 115792089237316195423570985008687907853269984665640564039457584007913129.639935
[•] [2026-04-29T22:28:11.296Z] Calldata: 0xd6d344a1...0000000000000000000a
[•] [2026-04-29T22:28:11.537Z] Estimated gas: 171206
[•] [2026-04-29T22:28:11.538Z] Sending tx... nonce: 679
[✓] [2026-04-29T22:28:12.044Z] Tx sent: 0x524191c6462ef8c0d2b826593cfc0c46f3eedfbc7ea2bd2086cf5729b5160ad9
[•] [2026-04-29T22:28:12.044Z] Waiting confirmation...
[✓] [2026-04-29T22:28:18.017Z] Confirmed! Block: 1384708 | Gas: 166286 | Status: SUCCESS
[•] [2026-04-29T22:28:18.021Z] Jitter delay: 19024ms
[•] [2026-04-29T22:28:37.061Z] Bridging USDC | Amount: 0.00001 | Token: 0xe819EB5be34B20f1FEC012c0DAf960397A0Fb386
[•] [2026-04-29T22:28:37.063Z] Jitter delay: 7737ms
[✓] [2026-04-29T22:28:45.807Z] USDC already approved: 115792089237316195423570985008687907853269984665640564039457584007913129.639935
[•] [2026-04-29T22:28:46.495Z] Calldata: 0xd6d344a1...0000000000000000000a
[•] [2026-04-29T22:28:46.705Z] Estimated gas: 171206
[•] [2026-04-29T22:28:46.707Z] Sending tx... nonce: 680
[✓] [2026-04-29T22:28:47.191Z] Tx sent: 0xa95d3b4e9bbd5a18aadfad205aea9167713bb175a353cf5cab27bd773616d7e6
[•] [2026-04-29T22:28:47.191Z] Waiting confirmation...
[✓] [2026-04-29T22:28:52.832Z] Confirmed! Block: 1384715 | Gas: 166286 | Status: SUCCESS
[•] [2026-04-29T22:28:52.837Z] Jitter delay: 6588ms
[•] [2026-04-29T22:28:59.429Z] Bridging DAI | Amount: 0.00001 | Token: 0xB96A869c74Be2eD561D95a77408505371F287d16
[•] [2026-04-29T22:28:59.430Z] Jitter delay: 26664ms
[✓] [2026-04-29T22:29:26.987Z] DAI already approved: 115792089237316195423570985008687907853269984665640564039457.584007913129639935
[•] [2026-04-29T22:29:27.643Z] Calldata: 0xd6d344a1...0000000009184e72a000
[•] [2026-04-29T22:29:27.861Z] Estimated gas: 171254
[•] [2026-04-29T22:29:27.862Z] Sending tx... nonce: 681
[✓] [2026-04-29T22:29:28.340Z] Tx sent: 0x4e4db74f8232c4f40a85ec0919082167a0d35f325c3433510213fba94cc8d0cd
[•] [2026-04-29T22:29:28.341Z] Waiting confirmation...
[✓] [2026-04-29T22:29:34.357Z] Confirmed! Block: 1384723 | Gas: 166334 | Status: SUCCESS
[✓] [2026-04-29T22:29:34.360Z] Loop #30 completed
[•] [2026-04-29T22:29:34.361Z] Waiting 484s till next loop...
[•] [2026-04-30T03:37:12.695Z] ═══ Teqoin Auto Bridge Bot v4 Started ═══
[•] [2026-04-30T03:37:12.737Z] Mode: WRAP | Assets: ETH, USDT, USDC, DAI | Loop: true
[✓] [2026-04-30T03:37:14.148Z] TOR connected | Exit IP: 185.220.101.25
[✓] [2026-04-30T03:37:14.327Z] Wallet: 0xc176D56CCF99857A76d377Bacf21cF70107783e7
[•] [2026-04-30T03:37:14.328Z] ═══ Loop #1 ═══
[•] [2026-04-30T03:37:14.332Z] Bridging ETH | Amount: 0.0000001 | Token: 0x0000000000000000000000000000000000000000
[•] [2026-04-30T03:37:14.334Z] Jitter delay: 17503ms
[•] [2026-04-30T03:37:33.396Z] Calldata: 0xd6d344a1...0000000000174876e800
[•] [2026-04-30T03:37:33.637Z] Estimated gas: 131192
[•] [2026-04-30T03:37:33.638Z] Sending tx... nonce: 683
[✓] [2026-04-30T03:37:34.232Z] Tx sent: 0x5555f45c9666c8a14a786e0d6073137e77606952cf912438cebe5296a81b1c63
[•] [2026-04-30T03:37:34.233Z] Waiting confirmation...
[✓] [2026-04-30T03:37:40.099Z] Confirmed! Block: 1388418 | Gas: 126272 | Status: SUCCESS
[•] [2026-04-30T03:37:40.127Z] Jitter delay: 10312ms
[•] [2026-04-30T03:37:50.447Z] Bridging USDT | Amount: 0.00001 | Token: 0xfcc025A3E170DF62de0e25AF7CeAf1C89aBfe6E9
[•] [2026-04-30T03:37:50.453Z] Jitter delay: 27228ms
[✓] [2026-04-30T03:38:18.552Z] USDT already approved: 115792089237316195423570985008687907853269984665640564039457584007913129.639935
[•] [2026-04-30T03:38:19.178Z] Calldata: 0xd6d344a1...0000000000000000000a
[•] [2026-04-30T03:38:19.393Z] Estimated gas: 171206
[•] [2026-04-30T03:38:19.396Z] Sending tx... nonce: 684
[✓] [2026-04-30T03:38:19.864Z] Tx sent: 0xe4afebe5e22f6b28b33fd13bd1f24c7d6451055244838711d855d66f7fc500a8
[•] [2026-04-30T03:38:19.865Z] Waiting confirmation...
[✓] [2026-04-30T03:38:25.382Z] Confirmed! Block: 1388427 | Gas: 166286 | Status: SUCCESS
[•] [2026-04-30T03:38:25.386Z] Jitter delay: 27408ms
[•] [2026-04-30T03:38:52.832Z] Bridging USDC | Amount: 0.00001 | Token: 0xe819EB5be34B20f1FEC012c0DAf960397A0Fb386
[•] [2026-04-30T03:38:52.856Z] Jitter delay: 29867ms
[✓] [2026-04-30T03:39:24.410Z] USDC already approved: 115792089237316195423570985008687907853269984665640564039457584007913129.639935
[•] [2026-04-30T03:39:25.210Z] Calldata: 0xd6d344a1...0000000000000000000a
[•] [2026-04-30T03:39:25.450Z] Estimated gas: 171206
[•] [2026-04-30T03:39:25.451Z] Sending tx... nonce: 685
[✓] [2026-04-30T03:39:26.173Z] Tx sent: 0xb3a2a6237a133eeb5cd05862fc76d435772d0fcaae0eedc9487229b868ca498f
[•] [2026-04-30T03:39:26.175Z] Waiting confirmation...
[✓] [2026-04-30T03:39:27.937Z] Confirmed! Block: 1388440 | Gas: 166286 | Status: SUCCESS
[•] [2026-04-30T03:39:27.938Z] Jitter delay: 28304ms
[•] [2026-04-30T03:39:56.247Z] Bridging DAI | Amount: 0.00001 | Token: 0xB96A869c74Be2eD561D95a77408505371F287d16
[•] [2026-04-30T03:39:56.261Z] Jitter delay: 28632ms
[✓] [2026-04-30T03:40:25.772Z] DAI already approved: 115792089237316195423570985008687907853269984665640564039457.584007913129639935
[•] [2026-04-30T03:40:26.495Z] Calldata: 0xd6d344a1...0000000009184e72a000
[•] [2026-04-30T03:40:26.753Z] Estimated gas: 171254
[•] [2026-04-30T03:40:26.754Z] Sending tx... nonce: 686
[✓] [2026-04-30T03:40:27.275Z] Tx sent: 0x185c879b679b7d7a4ff1dd9f18e3b3919a4d0d7ed0a1eba33734957ed8e95a84
[•] [2026-04-30T03:40:27.276Z] Waiting confirmation...
[✓] [2026-04-30T03:40:33.254Z] Confirmed! Block: 1388453 | Gas: 166334 | Status: SUCCESS
[✓] [2026-04-30T03:40:33.257Z] Loop #1 completed
[•] [2026-04-30T03:40:33.257Z] Waiting 474s till next loop...
[•] [2026-04-30T03:48:27.713Z] ═══ Loop #2 ═══
[•] [2026-04-30T03:48:27.855Z] Bridging ETH | Amount: 0.0000001 | Token: 0x0000000000000000000000000000000000000000
[•] [2026-04-30T03:48:27.860Z] Jitter delay: 10792ms
[•] [2026-04-30T03:48:40.260Z] Calldata: 0xd6d344a1...0000000000174876e800
[•] [2026-04-30T03:48:40.477Z] Estimated gas: 131192
[•] [2026-04-30T03:48:40.479Z] Sending tx... nonce: 687
[✓] [2026-04-30T03:48:41.170Z] Tx sent: 0x13fcedec7c179f16c16b7a0a55082c1063e4366ab794a3bc6ceba609c3848e57
[•] [2026-04-30T03:48:41.171Z] Waiting confirmation...
[✓] [2026-04-30T03:48:42.228Z] Confirmed! Block: 1388551 | Gas: 126272 | Status: SUCCESS
[•] [2026-04-30T03:48:42.231Z] Jitter delay: 22873ms
[•] [2026-04-30T03:49:05.127Z] Bridging USDT | Amount: 0.00001 | Token: 0xfcc025A3E170DF62de0e25AF7CeAf1C89aBfe6E9
[•] [2026-04-30T03:49:05.131Z] Jitter delay: 7142ms
[✓] [2026-04-30T03:49:14.500Z] USDT already approved: 115792089237316195423570985008687907853269984665640564039457584007913129.639935
[•] [2026-04-30T03:49:15.232Z] Calldata: 0xd6d344a1...0000000000000000000a
[•] [2026-04-30T03:49:15.432Z] Estimated gas: 171206
[•] [2026-04-30T03:49:15.434Z] Sending tx... nonce: 688
[✓] [2026-04-30T03:49:15.999Z] Tx sent: 0xfd0cb612945dff472bdcc6a5c1043f6001a0390edd3f11df0ebd4ae3e377c3e4
[•] [2026-04-30T03:49:16.002Z] Waiting confirmation...
[✓] [2026-04-30T03:49:17.429Z] Confirmed! Block: 1388558 | Gas: 166286 | Status: SUCCESS
[•] [2026-04-30T03:49:17.431Z] Jitter delay: 11223ms
[•] [2026-04-30T03:49:28.661Z] Bridging USDC | Amount: 0.00001 | Token: 0xe819EB5be34B20f1FEC012c0DAf960397A0Fb386
[•] [2026-04-30T03:49:28.663Z] Jitter delay: 16235ms
[✓] [2026-04-30T03:49:45.614Z] USDC already approved: 115792089237316195423570985008687907853269984665640564039457584007913129.639935
[•] [2026-04-30T03:49:46.335Z] Calldata: 0xd6d344a1...0000000000000000000a
[•] [2026-04-30T03:49:46.573Z] Estimated gas: 171206
[•] [2026-04-30T03:49:46.575Z] Sending tx... nonce: 689
[✓] [2026-04-30T03:49:47.130Z] Tx sent: 0x30a92deaf12f9a1aa7dfc978e5b74855bee5c6f3acb94ce9b85ff168be4f5f1a
[•] [2026-04-30T03:49:47.130Z] Waiting confirmation...
[✓] [2026-04-30T03:49:52.853Z] Confirmed! Block: 1388565 | Gas: 166286 | Status: SUCCESS
[•] [2026-04-30T03:49:52.857Z] Jitter delay: 10033ms
[•] [2026-04-30T03:50:02.893Z] Bridging DAI | Amount: 0.00001 | Token: 0xB96A869c74Be2eD561D95a77408505371F287d16
[•] [2026-04-30T03:50:02.894Z] Jitter delay: 20992ms
[✓] [2026-04-30T03:50:24.506Z] DAI already approved: 115792089237316195423570985008687907853269984665640564039457.584007913129639935
[•] [2026-04-30T03:50:25.116Z] Calldata: 0xd6d344a1...0000000009184e72a000
[•] [2026-04-30T03:50:25.334Z] Estimated gas: 171254
[•] [2026-04-30T03:50:25.335Z] Sending tx... nonce: 690
[✓] [2026-04-30T03:50:25.778Z] Tx sent: 0xa4b8c6dae65e48f76eb5435deee40899ce370e84f6a3217dab06f6148b9f7f11
[•] [2026-04-30T03:50:25.779Z] Waiting confirmation...
[✓] [2026-04-30T03:50:27.046Z] Confirmed! Block: 1388572 | Gas: 166334 | Status: SUCCESS
[✓] [2026-04-30T03:50:27.046Z] Loop #2 completed
[•] [2026-04-30T03:50:27.049Z] Waiting 463s till next loop...
[•] [2026-04-30T03:59:46.105Z] ═══ Loop #3 ═══
[•] [2026-04-30T03:59:46.189Z] Bridging ETH | Amount: 0.0000001 | Token: 0x0000000000000000000000000000000000000000
[•] [2026-04-30T03:59:46.196Z] Jitter delay: 20222ms
[•] [2026-04-30T04:00:33.011Z] Calldata: 0xd6d344a1...0000000000174876e800
[•] [2026-04-30T04:00:33.259Z] Estimated gas: 131192
[•] [2026-04-30T04:00:33.261Z] Sending tx... nonce: 691
[✓] [2026-04-30T04:00:33.935Z] Tx sent: 0xc31d0172b0d8b979ea1bda037093b6f2b788d198c9d5267ac0adc11258544e35
[•] [2026-04-30T04:00:33.936Z] Waiting confirmation...
[✓] [2026-04-30T04:00:39.766Z] Confirmed! Block: 1388694 | Gas: 126272 | Status: SUCCESS
[•] [2026-04-30T04:00:39.772Z] Jitter delay: 18892ms
[•] [2026-04-30T04:00:58.683Z] Bridging USDT | Amount: 0.00001 | Token: 0xfcc025A3E170DF62de0e25AF7CeAf1C89aBfe6E9
[•] [2026-04-30T04:00:58.684Z] Jitter delay: 12088ms
[✓] [2026-04-30T04:01:17.616Z] USDT already approved: 115792089237316195423570985008687907853269984665640564039457584007913129.639935
[•] [2026-04-30T04:01:18.348Z] Calldata: 0xd6d344a1...0000000000000000000a
[•] [2026-04-30T04:01:18.615Z] Estimated gas: 171206
[•] [2026-04-30T04:01:18.618Z] Sending tx... nonce: 692
[✓] [2026-04-30T04:01:19.189Z] Tx sent: 0xf96aa39279c62678f6958ad46be977d3bdbc7035b1c93ccf7752d4eb628acb67
[•] [2026-04-30T04:01:19.189Z] Waiting confirmation...
[✓] [2026-04-30T04:01:26.324Z] Confirmed! Block: 1388703 | Gas: 166286 | Status: SUCCESS
[•] [2026-04-30T04:01:26.328Z] Jitter delay: 14688ms
[•] [2026-04-30T04:01:50.848Z] Bridging USDC | Amount: 0.00001 | Token: 0xe819EB5be34B20f1FEC012c0DAf960397A0Fb386
[•] [2026-04-30T04:01:50.850Z] Jitter delay: 23585ms
[✓] [2026-04-30T04:02:48.247Z] USDC already approved: 115792089237316195423570985008687907853269984665640564039457584007913129.639935
[•] [2026-04-30T04:02:48.887Z] Calldata: 0xd6d344a1...0000000000000000000a
[•] [2026-04-30T04:02:49.096Z] Estimated gas: 171206
[•] [2026-04-30T04:02:49.097Z] Sending tx... nonce: 693
[✓] [2026-04-30T04:02:49.549Z] Tx sent: 0x5b6bd6997262dc6ba60f49663920e10486e086fdba1fb53d2a8689051b90b84c
[•] [2026-04-30T04:02:49.550Z] Waiting confirmation...
[✓] [2026-04-30T04:02:59.842Z] Confirmed! Block: 1388721 | Gas: 166286 | Status: SUCCESS
[•] [2026-04-30T04:02:59.856Z] Jitter delay: 13823ms
[•] [2026-04-30T04:03:16.534Z] Bridging DAI | Amount: 0.00001 | Token: 0xB96A869c74Be2eD561D95a77408505371F287d16
[•] [2026-04-30T04:03:16.536Z] Jitter delay: 27414ms
[✓] [2026-04-30T04:04:26.603Z] DAI already approved: 115792089237316195423570985008687907853269984665640564039457.584007913129639935
[•] [2026-04-30T04:04:27.477Z] Calldata: 0xd6d344a1...0000000009184e72a000
[•] [2026-04-30T04:04:27.826Z] Estimated gas: 171254
[•] [2026-04-30T04:04:27.827Z] Sending tx... nonce: 694
[✓] [2026-04-30T04:04:28.445Z] Tx sent: 0x3fd7cbd002f32763a0b4cebaa2cd9b75582795bbb9ee0d99f43a2d6d634b4ed5
[•] [2026-04-30T04:04:28.446Z] Waiting confirmation...
[✓] [2026-04-30T04:04:37.222Z] Confirmed! Block: 1388741 | Gas: 166334 | Status: SUCCESS
[✓] [2026-04-30T04:04:37.228Z] Loop #3 completed
[•] [2026-04-30T04:04:37.243Z] Waiting 463s till next loop...
[•] [2026-04-30T04:30:30.737Z] ═══ Loop #4 ═══
[•] [2026-04-30T04:30:30.765Z] Bridging ETH | Amount: 0.0000001 | Token: 0x0000000000000000000000000000000000000000
[•] [2026-04-30T04:30:30.766Z] Jitter delay: 8205ms
[•] [2026-04-30T04:31:02.614Z] Calldata: 0xd6d344a1...0000000000174876e800
[•] [2026-04-30T04:31:02.875Z] Estimated gas: 131192
[•] [2026-04-30T04:31:02.876Z] Sending tx... nonce: 695
[✓] [2026-04-30T04:31:03.462Z] Tx sent: 0x3234ca3d312e7bc52d79b0bfc2e9b634956dc0909b22ba532f63851ec0dda513
[•] [2026-04-30T04:31:03.462Z] Waiting confirmation...
[✓] [2026-04-30T04:31:09.311Z] Confirmed! Block: 1389060 | Gas: 126272 | Status: SUCCESS
[•] [2026-04-30T04:31:09.316Z] Jitter delay: 25199ms
[•] [2026-04-30T04:32:37.083Z] Bridging USDT | Amount: 0.00001 | Token: 0xfcc025A3E170DF62de0e25AF7CeAf1C89aBfe6E9
[•] [2026-04-30T04:32:37.086Z] Jitter delay: 15887ms
[✓] [2026-04-30T04:35:29.191Z] USDT already approved: 115792089237316195423570985008687907853269984665640564039457584007913129.639935
[•] [2026-04-30T04:35:29.960Z] Calldata: 0xd6d344a1...0000000000000000000a
[•] [2026-04-30T04:35:30.214Z] Estimated gas: 171206
[•] [2026-04-30T04:35:30.215Z] Sending tx... nonce: 696
[✓] [2026-04-30T04:35:30.849Z] Tx sent: 0x58755d82678e38bb7796c58cb85d6b3fdccbfe4aaf641a21eae80d2f629c2661
[•] [2026-04-30T04:35:30.849Z] Waiting confirmation...
[✓] [2026-04-30T04:35:36.424Z] Confirmed! Block: 1389113 | Gas: 166286 | Status: SUCCESS
[•] [2026-04-30T04:35:36.425Z] Jitter delay: 8139ms
[•] [2026-04-30T04:36:47.042Z] Bridging USDC | Amount: 0.00001 | Token: 0xe819EB5be34B20f1FEC012c0DAf960397A0Fb386
[•] [2026-04-30T04:36:47.043Z] Jitter delay: 7090ms
[✓] [2026-04-30T04:37:12.033Z] USDC already approved: 115792089237316195423570985008687907853269984665640564039457584007913129.639935
[•] [2026-04-30T04:37:12.663Z] Calldata: 0xd6d344a1...0000000000000000000a
[•] [2026-04-30T04:37:12.909Z] Estimated gas: 171206
[•] [2026-04-30T04:37:12.910Z] Sending tx... nonce: 697
[✓] [2026-04-30T04:37:13.439Z] Tx sent: 0x4196eca4367f0a45830cf3c26d2c7ff5e8f1ddfe1773d382da7a47444a6700aa
[•] [2026-04-30T04:37:13.440Z] Waiting confirmation...
[✓] [2026-04-30T04:38:50.589Z] Confirmed! Block: 1389134 | Gas: 166286 | Status: SUCCESS
[•] [2026-04-30T04:38:50.591Z] Jitter delay: 5362ms
[•] [2026-04-30T04:38:55.955Z] Bridging DAI | Amount: 0.00001 | Token: 0xB96A869c74Be2eD561D95a77408505371F287d16
[•] [2026-04-30T04:38:55.957Z] Jitter delay: 22846ms
[✓] [2026-04-30T04:40:22.905Z] DAI already approved: 115792089237316195423570985008687907853269984665640564039457.584007913129639935
[•] [2026-04-30T04:40:23.546Z] Calldata: 0xd6d344a1...0000000009184e72a000
[•] [2026-04-30T04:40:23.762Z] Estimated gas: 171254
[•] [2026-04-30T04:40:23.763Z] Sending tx... nonce: 698
[✓] [2026-04-30T04:40:24.278Z] Tx sent: 0x8219bb8698cf44854418ea1ee9dbaa8d4f231235ecd4408c833ac4161874a966
[•] [2026-04-30T04:40:24.278Z] Waiting confirmation...
[✓] [2026-04-30T04:42:36.541Z] Confirmed! Block: 1389172 | Gas: 166334 | Status: SUCCESS
[✓] [2026-04-30T04:42:36.544Z] Loop #4 completed
[•] [2026-04-30T04:42:36.545Z] Waiting 332s till next loop...
[•] [2026-04-30T05:05:31.696Z] ═══ Loop #5 ═══
[•] [2026-04-30T05:05:31.810Z] Bridging ETH | Amount: 0.0000001 | Token: 0x0000000000000000000000000000000000000000
[•] [2026-04-30T05:05:31.813Z] Jitter delay: 12824ms
[•] [2026-04-30T05:05:46.091Z] Calldata: 0xd6d344a1...0000000000174876e800
[•] [2026-04-30T05:05:46.295Z] Estimated gas: 131192
[•] [2026-04-30T05:05:46.298Z] Sending tx... nonce: 699
[✓] [2026-04-30T05:05:46.818Z] Tx sent: 0x657e6fbfe28f36dd904fe7e9d10796391b58c434bf4fcddc89dc717c2d3f8700
[•] [2026-04-30T05:05:46.819Z] Waiting confirmation...
[✓] [2026-04-30T05:05:52.333Z] Confirmed! Block: 1389476 | Gas: 126272 | Status: SUCCESS
[•] [2026-04-30T05:05:52.337Z] Jitter delay: 29138ms
[•] [2026-04-30T05:06:21.610Z] Bridging USDT | Amount: 0.00001 | Token: 0xfcc025A3E170DF62de0e25AF7CeAf1C89aBfe6E9
[•] [2026-04-30T05:06:21.667Z] Jitter delay: 21007ms
[✓] [2026-04-30T05:06:43.508Z] USDT already approved: 115792089237316195423570985008687907853269984665640564039457584007913129.639935
[•] [2026-04-30T05:06:44.366Z] Calldata: 0xd6d344a1...0000000000000000000a
[•] [2026-04-30T05:06:44.639Z] Estimated gas: 171206
[•] [2026-04-30T05:06:44.641Z] Sending tx... nonce: 700
[✓] [2026-04-30T05:06:45.218Z] Tx sent: 0xaeab7913f55c4c78c4ba530018bd638f0d20c23a62cb0d220a3b95ae09b763a4
[•] [2026-04-30T05:06:45.218Z] Waiting confirmation...
[✓] [2026-04-30T05:06:51.073Z] Confirmed! Block: 1389488 | Gas: 166286 | Status: SUCCESS
[•] [2026-04-30T05:06:51.077Z] Jitter delay: 13354ms
[•] [2026-04-30T05:07:04.441Z] Bridging USDC | Amount: 0.00001 | Token: 0xe819EB5be34B20f1FEC012c0DAf960397A0Fb386
[•] [2026-04-30T05:07:04.442Z] Jitter delay: 9093ms
[✓] [2026-04-30T05:07:14.253Z] USDC already approved: 115792089237316195423570985008687907853269984665640564039457584007913129.639935
[•] [2026-04-30T05:07:14.931Z] Calldata: 0xd6d344a1...0000000000000000000a
[•] [2026-04-30T05:07:15.135Z] Estimated gas: 171206
[•] [2026-04-30T05:07:15.136Z] Sending tx... nonce: 701
[✓] [2026-04-30T05:07:15.626Z] Tx sent: 0x59de06ffcebda192dd2822fc384d2b015274ce024694149b933a6b8166de61e3
[•] [2026-04-30T05:07:15.627Z] Waiting confirmation...
[✓] [2026-04-30T05:07:22.025Z] Confirmed! Block: 1389494 | Gas: 166286 | Status: SUCCESS
[•] [2026-04-30T05:07:22.030Z] Jitter delay: 28220ms
[•] [2026-04-30T05:07:50.278Z] Bridging DAI | Amount: 0.00001 | Token: 0xB96A869c74Be2eD561D95a77408505371F287d16
[•] [2026-04-30T05:07:50.279Z] Jitter delay: 20559ms
[✓] [2026-04-30T05:08:11.574Z] DAI already approved: 115792089237316195423570985008687907853269984665640564039457.584007913129639935
[•] [2026-04-30T05:08:12.192Z] Calldata: 0xd6d344a1...0000000009184e72a000
[•] [2026-04-30T05:08:12.407Z] Estimated gas: 171254
[•] [2026-04-30T05:08:12.408Z] Sending tx... nonce: 702
[✓] [2026-04-30T05:08:12.886Z] Tx sent: 0x871f4bcf692561970268da85bfa9fcc9c4965e11d88fa8d9c7bd847c5bc24c90
[•] [2026-04-30T05:08:12.887Z] Waiting confirmation...
[✓] [2026-04-30T05:08:14.264Z] Confirmed! Block: 1389505 | Gas: 166334 | Status: SUCCESS
[✓] [2026-04-30T05:08:14.265Z] Loop #5 completed
[•] [2026-04-30T05:08:14.276Z] Waiting 408s till next loop...
[•] [2026-04-30T05:15:02.562Z] ═══ Loop #6 ═══
[•] [2026-04-30T05:15:02.718Z] Bridging ETH | Amount: 0.0000001 | Token: 0x0000000000000000000000000000000000000000
[•] [2026-04-30T05:15:02.720Z] Jitter delay: 26014ms
[•] [2026-04-30T05:15:30.295Z] Calldata: 0xd6d344a1...0000000000174876e800
[•] [2026-04-30T05:15:30.570Z] Estimated gas: 131192
[•] [2026-04-30T05:15:30.572Z] Sending tx... nonce: 703
[✓] [2026-04-30T05:15:31.166Z] Tx sent: 0x19c918f67f6bc0c1495eff678aa521ba6264d2662d4756ba2b30a5abbf7b6306
[•] [2026-04-30T05:15:31.166Z] Waiting confirmation...
[✓] [2026-04-30T05:15:36.961Z] Confirmed! Block: 1389593 | Gas: 126272 | Status: SUCCESS
[•] [2026-04-30T05:15:36.966Z] Jitter delay: 22924ms
[•] [2026-04-30T05:15:59.900Z] Bridging USDT | Amount: 0.00001 | Token: 0xfcc025A3E170DF62de0e25AF7CeAf1C89aBfe6E9
[•] [2026-04-30T05:15:59.902Z] Jitter delay: 20958ms
[✓] [2026-04-30T05:16:21.707Z] USDT already approved: 115792089237316195423570985008687907853269984665640564039457584007913129.639935
[•] [2026-04-30T05:16:22.372Z] Calldata: 0xd6d344a1...0000000000000000000a
[•] [2026-04-30T05:16:22.603Z] Estimated gas: 171206
[•] [2026-04-30T05:16:22.612Z] Sending tx... nonce: 704
[✓] [2026-04-30T05:16:23.076Z] Tx sent: 0x7472290b1644dbafa1fd627ace918bdbc1df8dfa8d1ab58c8d8982af0bbebe4a
[•] [2026-04-30T05:16:23.076Z] Waiting confirmation...
[✓] [2026-04-30T05:16:24.262Z] Confirmed! Block: 1389603 | Gas: 166286 | Status: SUCCESS
[•] [2026-04-30T05:16:24.263Z] Jitter delay: 15647ms
[•] [2026-04-30T05:16:39.922Z] Bridging USDC | Amount: 0.00001 | Token: 0xe819EB5be34B20f1FEC012c0DAf960397A0Fb386
[•] [2026-04-30T05:16:39.924Z] Jitter delay: 25606ms
[✓] [2026-04-30T05:17:06.206Z] USDC already approved: 115792089237316195423570985008687907853269984665640564039457584007913129.639935
[•] [2026-04-30T05:17:06.938Z] Calldata: 0xd6d344a1...0000000000000000000a
[•] [2026-04-30T05:17:07.148Z] Estimated gas: 171206
[•] [2026-04-30T05:17:07.149Z] Sending tx... nonce: 705
[✓] [2026-04-30T05:17:07.627Z] Tx sent: 0xb5a870d65b969f4b28f190e5b2d94b07d11dc61dab50ea95f190b61c5f78956c
[•] [2026-04-30T05:17:07.629Z] Waiting confirmation...
[✓] [2026-04-30T05:17:13.102Z] Confirmed! Block: 1389612 | Gas: 166286 | Status: SUCCESS
[•] [2026-04-30T05:17:13.103Z] Jitter delay: 12331ms
[•] [2026-04-30T05:17:25.438Z] Bridging DAI | Amount: 0.00001 | Token: 0xB96A869c74Be2eD561D95a77408505371F287d16
[•] [2026-04-30T05:17:25.439Z] Jitter delay: 12021ms
[✓] [2026-04-30T05:17:38.324Z] DAI already approved: 115792089237316195423570985008687907853269984665640564039457.584007913129639935
[•] [2026-04-30T05:17:39.270Z] Calldata: 0xd6d344a1...0000000009184e72a000
[•] [2026-04-30T05:17:39.727Z] Estimated gas: 171254
[•] [2026-04-30T05:17:39.727Z] Sending tx... nonce: 706
[✓] [2026-04-30T05:17:40.389Z] Tx sent: 0xad6790fac959808dd455eb748bd26d5dd7b70649521a933aacbffb701f5340d7
[•] [2026-04-30T05:17:40.390Z] Waiting confirmation...
[✓] [2026-04-30T05:17:46.681Z] Confirmed! Block: 1389619 | Gas: 166334 | Status: SUCCESS
[✓] [2026-04-30T05:17:46.687Z] Loop #6 completed
[•] [2026-04-30T05:17:46.687Z] Waiting 518s till next loop...
[•] [2026-04-30T05:26:25.392Z] ═══ Loop #7 ═══
[•] [2026-04-30T05:26:25.523Z] Bridging ETH | Amount: 0.0000001 | Token: 0x0000000000000000000000000000000000000000
[•] [2026-04-30T05:26:25.526Z] Jitter delay: 21904ms
[•] [2026-04-30T05:26:49.148Z] Calldata: 0xd6d344a1...0000000000174876e800
[•] [2026-04-30T05:26:49.382Z] Estimated gas: 131192
[•] [2026-04-30T05:26:49.384Z] Sending tx... nonce: 707
[✓] [2026-04-30T05:26:49.983Z] Tx sent: 0x6bb20276accbc889b3c9c40f93c2bd953b819a3825012c84cd56a051bf3b81f0
[•] [2026-04-30T05:26:49.983Z] Waiting confirmation...
[✓] [2026-04-30T05:26:55.610Z] Confirmed! Block: 1389729 | Gas: 126272 | Status: SUCCESS
[•] [2026-04-30T05:26:55.613Z] Jitter delay: 14427ms
[•] [2026-04-30T05:27:10.050Z] Bridging USDT | Amount: 0.00001 | Token: 0xfcc025A3E170DF62de0e25AF7CeAf1C89aBfe6E9
[•] [2026-04-30T05:27:10.051Z] Jitter delay: 20717ms
[✓] [2026-04-30T05:27:31.546Z] USDT already approved: 115792089237316195423570985008687907853269984665640564039457584007913129.639935
[•] [2026-04-30T05:27:33.107Z] Calldata: 0xd6d344a1...0000000000000000000a
[•] [2026-04-30T05:27:33.311Z] Estimated gas: 171206
[•] [2026-04-30T05:27:33.312Z] Sending tx... nonce: 708
[✓] [2026-04-30T05:27:33.759Z] Tx sent: 0xe7d0ca06e7a7c1ca27f16e2151a622f907bad1cac103016a6a69c417245b874f
[•] [2026-04-30T05:27:33.759Z] Waiting confirmation...
[✓] [2026-04-30T05:27:39.567Z] Confirmed! Block: 1389738 | Gas: 166286 | Status: SUCCESS
[•] [2026-04-30T05:27:39.571Z] Jitter delay: 14429ms
[•] [2026-04-30T05:27:54.018Z] Bridging USDC | Amount: 0.00001 | Token: 0xe819EB5be34B20f1FEC012c0DAf960397A0Fb386
[•] [2026-04-30T05:27:54.020Z] Jitter delay: 20590ms
[✓] [2026-04-30T05:28:15.333Z] USDC already approved: 115792089237316195423570985008687907853269984665640564039457584007913129.639935
[•] [2026-04-30T05:28:16.019Z] Calldata: 0xd6d344a1...0000000000000000000a
[•] [2026-04-30T05:28:16.216Z] Estimated gas: 171206
[•] [2026-04-30T05:28:16.220Z] Sending tx... nonce: 709
[✓] [2026-04-30T05:28:16.839Z] Tx sent: 0x6e1777f72792846261715696331b5586ca724f420552a049e4138e558a80d2e0
[•] [2026-04-30T05:28:16.839Z] Waiting confirmation...
[✓] [2026-04-30T05:28:22.372Z] Confirmed! Block: 1389746 | Gas: 166286 | Status: SUCCESS
[•] [2026-04-30T05:28:22.376Z] Jitter delay: 25299ms
[•] [2026-04-30T05:28:47.717Z] Bridging DAI | Amount: 0.00001 | Token: 0xB96A869c74Be2eD561D95a77408505371F287d16
[•] [2026-04-30T05:28:47.746Z] Jitter delay: 16988ms
[✓] [2026-04-30T05:29:05.441Z] DAI already approved: 115792089237316195423570985008687907853269984665640564039457.584007913129639935
[•] [2026-04-30T05:29:06.102Z] Calldata: 0xd6d344a1...0000000009184e72a000
[•] [2026-04-30T05:29:06.310Z] Estimated gas: 171254
[•] [2026-04-30T05:29:06.311Z] Sending tx... nonce: 710
[✓] [2026-04-30T05:29:06.829Z] Tx sent: 0x575aaea0270d872fc05b92dab9d2377f81b5d9854b491aff748d321f51fc4e0d
[•] [2026-04-30T05:29:06.830Z] Waiting confirmation...
[✓] [2026-04-30T05:29:12.285Z] Confirmed! Block: 1389756 | Gas: 166334 | Status: SUCCESS
[✓] [2026-04-30T05:29:12.289Z] Loop #7 completed
[•] [2026-04-30T05:29:12.290Z] Waiting 466s till next loop...
[•] [2026-04-30T05:36:58.773Z] ═══ Loop #8 ═══
[•] [2026-04-30T05:36:58.843Z] Bridging ETH | Amount: 0.0000001 | Token: 0x0000000000000000000000000000000000000000
[•] [2026-04-30T05:36:58.844Z] Jitter delay: 25272ms
[•] [2026-04-30T05:37:26.168Z] Calldata: 0xd6d344a1...0000000000174876e800
[•] [2026-04-30T05:37:26.440Z] Estimated gas: 131192
[•] [2026-04-30T05:37:26.441Z] Sending tx... nonce: 711
[✓] [2026-04-30T05:37:27.044Z] Tx sent: 0x45e90064fb6fdae0b8046c1cd5a12dbdd77af94d795ccc878a8fb661621919f6
[•] [2026-04-30T05:37:27.045Z] Waiting confirmation...
[✓] [2026-04-30T05:37:32.934Z] Confirmed! Block: 1389856 | Gas: 126272 | Status: SUCCESS
[•] [2026-04-30T05:37:32.936Z] Jitter delay: 6026ms
[•] [2026-04-30T05:37:38.966Z] Bridging USDT | Amount: 0.00001 | Token: 0xfcc025A3E170DF62de0e25AF7CeAf1C89aBfe6E9
[•] [2026-04-30T05:37:38.970Z] Jitter delay: 13725ms
[✓] [2026-04-30T05:37:53.569Z] USDT already approved: 115792089237316195423570985008687907853269984665640564039457584007913129.639935
[•] [2026-04-30T05:37:54.324Z] Calldata: 0xd6d344a1...0000000000000000000a
[•] [2026-04-30T05:37:54.586Z] Estimated gas: 171206
[•] [2026-04-30T05:37:54.587Z] Sending tx... nonce: 712
[✓] [2026-04-30T05:37:55.163Z] Tx sent: 0x11ae1bf519b83f833e4c688b6c911b057bdbcba8a71032cd100e131de83f0514
[•] [2026-04-30T05:37:55.164Z] Waiting confirmation...
[✓] [2026-04-30T05:38:01.041Z] Confirmed! Block: 1389862 | Gas: 166286 | Status: SUCCESS
[•] [2026-04-30T05:38:01.043Z] Jitter delay: 17834ms
[•] [2026-04-30T05:38:18.890Z] Bridging USDC | Amount: 0.00001 | Token: 0xe819EB5be34B20f1FEC012c0DAf960397A0Fb386
[•] [2026-04-30T05:38:18.893Z] Jitter delay: 17002ms
[✓] [2026-04-30T05:38:36.788Z] USDC already approved: 115792089237316195423570985008687907853269984665640564039457584007913129.639935
[•] [2026-04-30T05:38:37.522Z] Calldata: 0xd6d344a1...0000000000000000000a
[•] [2026-04-30T05:38:37.780Z] Estimated gas: 171206
[•] [2026-04-30T05:38:37.782Z] Sending tx... nonce: 713
[✓] [2026-04-30T05:38:38.383Z] Tx sent: 0xba6cf11982ddd4edd95c172868a3274aa3c33fe4e1bf2612019e1c274442870e
[•] [2026-04-30T05:38:38.383Z] Waiting confirmation...
[✓] [2026-04-30T05:38:39.423Z] Confirmed! Block: 1389870 | Gas: 166286 | Status: SUCCESS
[•] [2026-04-30T05:38:39.423Z] Jitter delay: 15142ms
[•] [2026-04-30T05:38:54.573Z] Bridging DAI | Amount: 0.00001 | Token: 0xB96A869c74Be2eD561D95a77408505371F287d16
[•] [2026-04-30T05:38:54.574Z] Jitter delay: 7265ms
[✓] [2026-04-30T05:39:02.563Z] DAI already approved: 115792089237316195423570985008687907853269984665640564039457.584007913129639935
[•] [2026-04-30T05:39:03.363Z] Calldata: 0xd6d344a1...0000000009184e72a000
[•] [2026-04-30T05:39:03.609Z] Estimated gas: 171254
[•] [2026-04-30T05:39:03.610Z] Sending tx... nonce: 714
[✓] [2026-04-30T05:39:04.217Z] Tx sent: 0xa7bd9a51588264b1fb028b027b03dfa4342ed14c9cb9edcb77d68ed6578718d1
[•] [2026-04-30T05:39:04.218Z] Waiting confirmation...
[✓] [2026-04-30T05:39:10.095Z] Confirmed! Block: 1389876 | Gas: 166334 | Status: SUCCESS
[✓] [2026-04-30T05:39:10.099Z] Loop #8 completed
[•] [2026-04-30T05:39:10.101Z] Waiting 597s till next loop...
[•] [2026-04-30T05:49:07.958Z] ═══ Loop #9 ═══
[•] [2026-04-30T05:49:08.084Z] Bridging ETH | Amount: 0.0000001 | Token: 0x0000000000000000000000000000000000000000
[•] [2026-04-30T05:49:08.086Z] Jitter delay: 11170ms
[•] [2026-04-30T05:49:21.760Z] Calldata: 0xd6d344a1...0000000000174876e800
[•] [2026-04-30T05:49:21.995Z] Estimated gas: 131192
[•] [2026-04-30T05:49:21.997Z] Sending tx... nonce: 715
[✓] [2026-04-30T05:49:22.567Z] Tx sent: 0x6fd65d0c824634243a9db939342ced7f7085135e154bad739c1af001f4421600
[•] [2026-04-30T05:49:22.568Z] Waiting confirmation...
[✓] [2026-04-30T05:49:28.183Z] Confirmed! Block: 1389999 | Gas: 126272 | Status: SUCCESS
[•] [2026-04-30T05:49:28.185Z] Jitter delay: 11351ms
[•] [2026-04-30T05:49:39.545Z] Bridging USDT | Amount: 0.00001 | Token: 0xfcc025A3E170DF62de0e25AF7CeAf1C89aBfe6E9
[•] [2026-04-30T05:49:39.547Z] Jitter delay: 5288ms
[✓] [2026-04-30T05:49:45.485Z] USDT already approved: 115792089237316195423570985008687907853269984665640564039457584007913129.639935
[•] [2026-04-30T05:49:46.284Z] Calldata: 0xd6d344a1...0000000000000000000a
[•] [2026-04-30T05:49:46.506Z] Estimated gas: 171206
[•] [2026-04-30T05:49:46.508Z] Sending tx... nonce: 716
[✓] [2026-04-30T05:49:47.162Z] Tx sent: 0xe02d89e18a5e6f6e88f9a152ded969e328b675fe3e921941d6ab29c88f35d4e8
[•] [2026-04-30T05:49:47.163Z] Waiting confirmation...
[✓] [2026-04-30T05:49:52.803Z] Confirmed! Block: 1390004 | Gas: 166286 | Status: SUCCESS
[•] [2026-04-30T05:49:52.808Z] Jitter delay: 14101ms
[•] [2026-04-30T05:50:06.913Z] Bridging USDC | Amount: 0.00001 | Token: 0xe819EB5be34B20f1FEC012c0DAf960397A0Fb386
[•] [2026-04-30T05:50:06.913Z] Jitter delay: 11969ms
[✓] [2026-04-30T05:50:19.760Z] USDC already approved: 115792089237316195423570985008687907853269984665640564039457584007913129.639935
[•] [2026-04-30T05:50:20.657Z] Calldata: 0xd6d344a1...0000000000000000000a
[•] [2026-04-30T05:50:20.905Z] Estimated gas: 171206
[•] [2026-04-30T05:50:20.906Z] Sending tx... nonce: 717
[✓] [2026-04-30T05:50:21.430Z] Tx sent: 0x9b0f74b50e6e5860a9d948850ebba41ef43a8c9cb9a097cde0d37a34b83cb43d
[•] [2026-04-30T05:50:21.430Z] Waiting confirmation...
[✓] [2026-04-30T05:50:27.201Z] Confirmed! Block: 1390011 | Gas: 166286 | Status: SUCCESS
[•] [2026-04-30T05:50:27.202Z] Jitter delay: 17374ms
[•] [2026-04-30T05:50:44.589Z] Bridging DAI | Amount: 0.00001 | Token: 0xB96A869c74Be2eD561D95a77408505371F287d16
[•] [2026-04-30T05:50:44.591Z] Jitter delay: 21410ms
[✓] [2026-04-30T05:51:06.590Z] DAI already approved: 115792089237316195423570985008687907853269984665640564039457.584007913129639935
[•] [2026-04-30T05:51:07.239Z] Calldata: 0xd6d344a1...0000000009184e72a000
[•] [2026-04-30T05:51:07.447Z] Estimated gas: 171254
[•] [2026-04-30T05:51:07.448Z] Sending tx... nonce: 718
[✓] [2026-04-30T05:51:07.940Z] Tx sent: 0x73bbc3b4eda17053b74dbc6f8ae36428401d7a441ce6d01373eb9ce8e085f215
[•] [2026-04-30T05:51:07.941Z] Waiting confirmation...
[✓] [2026-04-30T05:51:09.091Z] Confirmed! Block: 1390020 | Gas: 166334 | Status: SUCCESS
[✓] [2026-04-30T05:51:09.093Z] Loop #9 completed
[•] [2026-04-30T05:51:09.094Z] Waiting 492s till next loop...
[•] [2026-04-30T05:59:21.838Z] ═══ Loop #10 ═══
[•] [2026-04-30T05:59:21.954Z] Bridging ETH | Amount: 0.0000001 | Token: 0x0000000000000000000000000000000000000000
[•] [2026-04-30T05:59:21.955Z] Jitter delay: 6867ms
[•] [2026-04-30T05:59:30.443Z] Calldata: 0xd6d344a1...0000000000174876e800
[•] [2026-04-30T05:59:30.713Z] Estimated gas: 131192
[•] [2026-04-30T05:59:30.714Z] Sending tx... nonce: 719
[✓] [2026-04-30T05:59:31.222Z] Tx sent: 0xf788360f2d3bd6c585827c1f5568a06849410c5dd3affe7204e313ffb1b89f36
[•] [2026-04-30T05:59:31.223Z] Waiting confirmation...
[✓] [2026-04-30T05:59:37.696Z] Confirmed! Block: 1390121 | Gas: 126272 | Status: SUCCESS
[•] [2026-04-30T05:59:37.704Z] Jitter delay: 19581ms
[•] [2026-04-30T05:59:57.301Z] Bridging USDT | Amount: 0.00001 | Token: 0xfcc025A3E170DF62de0e25AF7CeAf1C89aBfe6E9
[•] [2026-04-30T05:59:57.301Z] Jitter delay: 8138ms
[✗] [2026-04-30T06:00:10.536Z] Allowance check failed: request timeout (code=TIMEOUT, version=6.16.0)
[✗] [2026-04-30T06:00:10.539Z] USDT approval FAILED: request timeout
[✗] [2026-04-30T06:00:10.539Z] USDT FAILED: request timeout
[•] [2026-04-30T06:00:10.540Z] Jitter delay: 19465ms
[•] [2026-04-30T06:00:30.024Z] Bridging USDC | Amount: 0.00001 | Token: 0xe819EB5be34B20f1FEC012c0DAf960397A0Fb386
[•] [2026-04-30T06:00:30.041Z] Jitter delay: 10428ms
[✗] [2026-04-30T06:00:45.566Z] Allowance check failed: request timeout (code=TIMEOUT, version=6.16.0)
[✗] [2026-04-30T06:00:45.569Z] USDC approval FAILED: request timeout
[✗] [2026-04-30T06:00:45.570Z] USDC FAILED: request timeout
[•] [2026-04-30T06:00:45.574Z] Jitter delay: 9744ms
[•] [2026-04-30T06:00:55.325Z] Bridging DAI | Amount: 0.00001 | Token: 0xB96A869c74Be2eD561D95a77408505371F287d16
[•] [2026-04-30T06:00:55.326Z] Jitter delay: 22977ms
[✓] [2026-04-30T06:01:19.503Z] DAI already approved: 115792089237316195423570985008687907853269984665640564039457.584007913129639935
[•] [2026-04-30T06:01:20.675Z] Calldata: 0xd6d344a1...0000000009184e72a000
[•] [2026-04-30T06:01:21.059Z] Estimated gas: 171254
[•] [2026-04-30T06:01:21.061Z] Sending tx... nonce: 720
[✓] [2026-04-30T06:01:21.677Z] Tx sent: 0x5bc69651e7963edec94ee23a093b95594ec8d4d8aa7142185d0d29f00c2f638e
[•] [2026-04-30T06:01:21.678Z] Waiting confirmation...
[✓] [2026-04-30T06:01:27.994Z] Confirmed! Block: 1390143 | Gas: 166334 | Status: SUCCESS
[✓] [2026-04-30T06:01:27.999Z] Loop #10 completed
[•] [2026-04-30T06:01:28.000Z] Waiting 506s till next loop...
[•] [2026-04-30T06:09:55.031Z] ═══ Loop #11 ═══
[•] [2026-04-30T06:09:55.162Z] Bridging ETH | Amount: 0.0000001 | Token: 0x0000000000000000000000000000000000000000
[•] [2026-04-30T06:09:55.164Z] Jitter delay: 22289ms
[•] [2026-04-30T06:10:19.272Z] Calldata: 0xd6d344a1...0000000000174876e800
[•] [2026-04-30T06:10:19.510Z] Estimated gas: 131192
[•] [2026-04-30T06:10:19.511Z] Sending tx... nonce: 721
[✓] [2026-04-30T06:10:20.125Z] Tx sent: 0x845b67647c2a60eb88be6a0720aea619f24c5311b85ec9046e359c3061b5006e
[•] [2026-04-30T06:10:20.126Z] Waiting confirmation...
[✓] [2026-04-30T06:10:25.856Z] Confirmed! Block: 1390251 | Gas: 126272 | Status: SUCCESS
[•] [2026-04-30T06:10:25.860Z] Jitter delay: 11676ms
[•] [2026-04-30T06:10:37.548Z] Bridging USDT | Amount: 0.00001 | Token: 0xfcc025A3E170DF62de0e25AF7CeAf1C89aBfe6E9
[•] [2026-04-30T06:10:37.554Z] Jitter delay: 24613ms
[✓] [2026-04-30T06:11:03.117Z] USDT already approved: 115792089237316195423570985008687907853269984665640564039457584007913129.639935
[•] [2026-04-30T06:11:03.915Z] Calldata: 0xd6d344a1...0000000000000000000a
[•] [2026-04-30T06:11:04.295Z] Estimated gas: 171206
[•] [2026-04-30T06:11:04.297Z] Sending tx... nonce: 722
[✓] [2026-04-30T06:11:04.899Z] Tx sent: 0x57db1f8d9fa8eb8deed0b24e5f65828ed54c20c3831a0e937d82689d76947c00
[•] [2026-04-30T06:11:04.900Z] Waiting confirmation...
[✓] [2026-04-30T06:11:10.799Z] Confirmed! Block: 1390260 | Gas: 166286 | Status: SUCCESS
[•] [2026-04-30T06:11:10.802Z] Jitter delay: 28850ms
[•] [2026-04-30T06:11:39.680Z] Bridging USDC | Amount: 0.00001 | Token: 0xe819EB5be34B20f1FEC012c0DAf960397A0Fb386
[•] [2026-04-30T06:11:39.697Z] Jitter delay: 18194ms
[✓] [2026-04-30T06:11:58.774Z] USDC already approved: 115792089237316195423570985008687907853269984665640564039457584007913129.639935
[•] [2026-04-30T06:11:59.542Z] Calldata: 0xd6d344a1...0000000000000000000a
[•] [2026-04-30T06:11:59.791Z] Estimated gas: 171206
[•] [2026-04-30T06:11:59.792Z] Sending tx... nonce: 723
[✓] [2026-04-30T06:12:00.359Z] Tx sent: 0x170f7decbb70794fa833708df276130bb010ce43ef572a8cc31cc329fa7d1b81
[•] [2026-04-30T06:12:00.360Z] Waiting confirmation...
[✓] [2026-04-30T06:12:05.890Z] Confirmed! Block: 1390271 | Gas: 166286 | Status: SUCCESS
[•] [2026-04-30T06:12:05.892Z] Jitter delay: 8508ms
[•] [2026-04-30T06:12:14.405Z] Bridging DAI | Amount: 0.00001 | Token: 0xB96A869c74Be2eD561D95a77408505371F287d16
[•] [2026-04-30T06:12:14.406Z] Jitter delay: 9694ms
[✓] [2026-04-30T06:12:25.163Z] DAI already approved: 115792089237316195423570985008687907853269984665640564039457.584007913129639935
[•] [2026-04-30T06:12:26.034Z] Calldata: 0xd6d344a1...0000000009184e72a000
[•] [2026-04-30T06:12:26.318Z] Estimated gas: 171254
[•] [2026-04-30T06:12:26.318Z] Sending tx... nonce: 724
[✓] [2026-04-30T06:12:26.935Z] Tx sent: 0xf0c0a8b418e74a93e9d03022d9fb8dfc8e8c4d7eed58ba672c2cb9b938eb2933
[•] [2026-04-30T06:12:26.936Z] Waiting confirmation...
[✓] [2026-04-30T06:12:32.928Z] Confirmed! Block: 1390276 | Gas: 166334 | Status: SUCCESS
[✓] [2026-04-30T06:12:32.936Z] Loop #11 completed
[•] [2026-04-30T06:12:32.937Z] Waiting 501s till next loop...
[•] [2026-04-30T06:20:54.941Z] ═══ Loop #12 ═══
[•] [2026-04-30T06:20:55.064Z] Bridging ETH | Amount: 0.0000001 | Token: 0x0000000000000000000000000000000000000000
[•] [2026-04-30T06:20:55.066Z] Jitter delay: 18070ms
[•] [2026-04-30T06:21:14.618Z] Calldata: 0xd6d344a1...0000000000174876e800
[•] [2026-04-30T06:21:14.825Z] Estimated gas: 131192
[•] [2026-04-30T06:21:14.826Z] Sending tx... nonce: 725
[✓] [2026-04-30T06:21:15.327Z] Tx sent: 0xd64cd2a97d4c30223f571897647d13abcf91a20bd29afac396b9eb42cd0e599c
[•] [2026-04-30T06:21:15.327Z] Waiting confirmation...
[✓] [2026-04-30T06:21:20.793Z] Confirmed! Block: 1390382 | Gas: 126272 | Status: SUCCESS
[•] [2026-04-30T06:21:20.795Z] Jitter delay: 9868ms
[•] [2026-04-30T06:21:30.670Z] Bridging USDT | Amount: 0.00001 | Token: 0xfcc025A3E170DF62de0e25AF7CeAf1C89aBfe6E9
[•] [2026-04-30T06:21:30.671Z] Jitter delay: 5918ms
[✓] [2026-04-30T06:21:37.175Z] USDT already approved: 115792089237316195423570985008687907853269984665640564039457584007913129.639935
[•] [2026-04-30T06:21:37.868Z] Calldata: 0xd6d344a1...0000000000000000000a
[•] [2026-04-30T06:21:38.088Z] Estimated gas: 171206
[•] [2026-04-30T06:21:38.089Z] Sending tx... nonce: 726
[✓] [2026-04-30T06:21:38.563Z] Tx sent: 0xd83fb286d9de32a40a4afda08f0f918965d4b605046f4ea6a23bf6643d08738b
[•] [2026-04-30T06:21:38.564Z] Waiting confirmation...
[✓] [2026-04-30T06:21:48.389Z] Confirmed! Block: 1390387 | Gas: 166286 | Status: SUCCESS
[•] [2026-04-30T06:21:48.393Z] Jitter delay: 8020ms
[•] [2026-04-30T06:21:56.418Z] Bridging USDC | Amount: 0.00001 | Token: 0xe819EB5be34B20f1FEC012c0DAf960397A0Fb386
[•] [2026-04-30T06:21:56.419Z] Jitter delay: 22241ms
[✓] [2026-04-30T06:22:19.507Z] USDC already approved: 115792089237316195423570985008687907853269984665640564039457584007913129.639935
[•] [2026-04-30T06:22:20.222Z] Calldata: 0xd6d344a1...0000000000000000000a
[•] [2026-04-30T06:22:20.460Z] Estimated gas: 171206
[•] [2026-04-30T06:22:20.461Z] Sending tx... nonce: 727
[✓] [2026-04-30T06:22:21.001Z] Tx sent: 0x00ea97589c0643d6bc479066ca2f130864260ff358704a1070b141e2895990ae
[•] [2026-04-30T06:22:21.002Z] Waiting confirmation...
[✓] [2026-04-30T06:22:26.859Z] Confirmed! Block: 1390395 | Gas: 166286 | Status: SUCCESS
[•] [2026-04-30T06:22:26.863Z] Jitter delay: 11869ms
[•] [2026-04-30T06:22:38.736Z] Bridging DAI | Amount: 0.00001 | Token: 0xB96A869c74Be2eD561D95a77408505371F287d16
[•] [2026-04-30T06:22:38.737Z] Jitter delay: 27990ms
[✓] [2026-04-30T06:23:07.438Z] DAI already approved: 115792089237316195423570985008687907853269984665640564039457.584007913129639935
[•] [2026-04-30T06:23:08.080Z] Calldata: 0xd6d344a1...0000000009184e72a000
[•] [2026-04-30T06:23:08.306Z] Estimated gas: 171254
[•] [2026-04-30T06:23:08.307Z] Sending tx... nonce: 728
[✓] [2026-04-30T06:23:08.821Z] Tx sent: 0x8eb096e2db8e71baf14b669bbfda6ec21d201910efdf75a14c21cbccbdc7624c
[•] [2026-04-30T06:23:08.822Z] Waiting confirmation...
[✓] [2026-04-30T06:23:14.845Z] Confirmed! Block: 1390405 | Gas: 166334 | Status: SUCCESS
[✓] [2026-04-30T06:23:14.847Z] Loop #12 completed
[•] [2026-04-30T06:23:14.848Z] Waiting 570s till next loop...
[•] [2026-04-30T06:32:45.569Z] ═══ Loop #13 ═══
[•] [2026-04-30T06:32:46.474Z] Bridging ETH | Amount: 0.0000001 | Token: 0x0000000000000000000000000000000000000000
[•] [2026-04-30T06:32:46.534Z] Jitter delay: 13769ms
[•] [2026-04-30T06:33:02.334Z] Calldata: 0xd6d344a1...0000000000174876e800
[•] [2026-04-30T06:33:02.557Z] Estimated gas: 131192
[•] [2026-04-30T06:33:02.557Z] Sending tx... nonce: 729
[✓] [2026-04-30T06:33:03.197Z] Tx sent: 0xf2fc958b6530f299284836252c69dca5895062f6d5d84911d2bce1ef76aa16ae
[•] [2026-04-30T06:33:03.198Z] Waiting confirmation...
[✓] [2026-04-30T06:33:04.291Z] Confirmed! Block: 1390523 | Gas: 126272 | Status: SUCCESS
[•] [2026-04-30T06:33:04.292Z] Jitter delay: 16823ms
[•] [2026-04-30T06:33:21.130Z] Bridging USDT | Amount: 0.00001 | Token: 0xfcc025A3E170DF62de0e25AF7CeAf1C89aBfe6E9
[•] [2026-04-30T06:33:21.136Z] Jitter delay: 18744ms
[✓] [2026-04-30T06:33:40.685Z] USDT already approved: 115792089237316195423570985008687907853269984665640564039457584007913129.639935
[•] [2026-04-30T06:33:41.304Z] Calldata: 0xd6d344a1...0000000000000000000a
[•] [2026-04-30T06:33:41.516Z] Estimated gas: 171206
[•] [2026-04-30T06:33:41.517Z] Sending tx... nonce: 730
[✓] [2026-04-30T06:33:42.009Z] Tx sent: 0xc49f80976d4fee5433c4506231ff05c897cf34b55c19b122ee7b77f32df15690
[•] [2026-04-30T06:33:42.010Z] Waiting confirmation...
[✓] [2026-04-30T06:33:47.677Z] Confirmed! Block: 1390531 | Gas: 166286 | Status: SUCCESS
[•] [2026-04-30T06:33:47.683Z] Jitter delay: 12135ms
[•] [2026-04-30T06:33:59.825Z] Bridging USDC | Amount: 0.00001 | Token: 0xe819EB5be34B20f1FEC012c0DAf960397A0Fb386
[•] [2026-04-30T06:33:59.828Z] Jitter delay: 20807ms
[✓] [2026-04-30T06:34:21.488Z] USDC already approved: 115792089237316195423570985008687907853269984665640564039457584007913129.639935
[•] [2026-04-30T06:34:22.211Z] Calldata: 0xd6d344a1...0000000000000000000a
[•] [2026-04-30T06:34:22.478Z] Estimated gas: 171206
[•] [2026-04-30T06:34:22.480Z] Sending tx... nonce: 731
[✓] [2026-04-30T06:34:24.047Z] Tx sent: 0x4322852f3a8c549d18621e77678ff9e6d6dcfc8bb212ae67e2595ffb4def9e55
[•] [2026-04-30T06:34:24.048Z] Waiting confirmation...
[✓] [2026-04-30T06:34:24.268Z] Confirmed! Block: 1390539 | Gas: 166286 | Status: SUCCESS
[•] [2026-04-30T06:34:24.269Z] Jitter delay: 22620ms
[•] [2026-04-30T06:34:46.915Z] Bridging DAI | Amount: 0.00001 | Token: 0xB96A869c74Be2eD561D95a77408505371F287d16
[•] [2026-04-30T06:34:46.920Z] Jitter delay: 18610ms
[✓] [2026-04-30T06:35:06.259Z] DAI already approved: 115792089237316195423570985008687907853269984665640564039457.584007913129639935
[•] [2026-04-30T06:35:07.136Z] Calldata: 0xd6d344a1...0000000009184e72a000
[•] [2026-04-30T06:35:07.355Z] Estimated gas: 171254
[•] [2026-04-30T06:35:07.356Z] Sending tx... nonce: 732
[✓] [2026-04-30T06:35:07.914Z] Tx sent: 0xc8893e399b6a8a237908410e017bdceeac66d0bf088ccc8a2c63e8202709995d
[•] [2026-04-30T06:35:07.914Z] Waiting confirmation...
[✓] [2026-04-30T06:35:13.475Z] Confirmed! Block: 1390548 | Gas: 166334 | Status: SUCCESS
[✓] [2026-04-30T06:35:13.479Z] Loop #13 completed
[•] [2026-04-30T06:35:13.480Z] Waiting 535s till next loop...
[•] [2026-04-30T06:44:08.699Z] ═══ Loop #14 ═══
[•] [2026-04-30T06:44:08.785Z] Bridging ETH | Amount: 0.0000001 | Token: 0x0000000000000000000000000000000000000000
[•] [2026-04-30T06:44:08.787Z] Jitter delay: 18694ms
[•] [2026-04-30T06:44:29.186Z] Calldata: 0xd6d344a1...0000000000174876e800
[•] [2026-04-30T06:44:29.426Z] Estimated gas: 131192
[•] [2026-04-30T06:44:29.427Z] Sending tx... nonce: 733
[✓] [2026-04-30T06:44:30.022Z] Tx sent: 0x030b1863dc2eb40a29ab265bc6531969c3ddda6a07dfe51ac9556f4b55b47b6d
[•] [2026-04-30T06:44:30.023Z] Waiting confirmation...
[✓] [2026-04-30T06:44:35.656Z] Confirmed! Block: 1390661 | Gas: 126272 | Status: SUCCESS
[•] [2026-04-30T06:44:35.661Z] Jitter delay: 10562ms
[•] [2026-04-30T06:44:46.229Z] Bridging USDT | Amount: 0.00001 | Token: 0xfcc025A3E170DF62de0e25AF7CeAf1C89aBfe6E9
[•] [2026-04-30T06:44:46.231Z] Jitter delay: 9094ms
[✓] [2026-04-30T06:44:56.046Z] USDT already approved: 115792089237316195423570985008687907853269984665640564039457584007913129.639935
[•] [2026-04-30T06:44:56.713Z] Calldata: 0xd6d344a1...0000000000000000000a
[•] [2026-04-30T06:44:56.928Z] Estimated gas: 171206
[•] [2026-04-30T06:44:56.928Z] Sending tx... nonce: 734
[✓] [2026-04-30T06:44:57.421Z] Tx sent: 0x60be949851a124ed2f1020a02936a562f880ca14b9c06256080c378619156e85
[•] [2026-04-30T06:44:57.422Z] Waiting confirmation...
[✓] [2026-04-30T06:45:03.070Z] Confirmed! Block: 1390666 | Gas: 166286 | Status: SUCCESS
[•] [2026-04-30T06:45:03.074Z] Jitter delay: 8574ms
[•] [2026-04-30T06:45:11.653Z] Bridging USDC | Amount: 0.00001 | Token: 0xe819EB5be34B20f1FEC012c0DAf960397A0Fb386
[•] [2026-04-30T06:45:11.654Z] Jitter delay: 25284ms
[✓] [2026-04-30T06:45:37.650Z] USDC already approved: 115792089237316195423570985008687907853269984665640564039457584007913129.639935
[•] [2026-04-30T06:45:38.319Z] Calldata: 0xd6d344a1...0000000000000000000a
[•] [2026-04-30T06:45:38.533Z] Estimated gas: 171206
[•] [2026-04-30T06:45:38.534Z] Sending tx... nonce: 735
[✓] [2026-04-30T06:45:39.015Z] Tx sent: 0xb6c4b6c922848b326d377b823f38ea1da6f963bb07b4ce1b22184dd08b9086d9
[•] [2026-04-30T06:45:39.015Z] Waiting confirmation...
[✓] [2026-04-30T06:45:44.925Z] Confirmed! Block: 1390675 | Gas: 166286 | Status: SUCCESS
[•] [2026-04-30T06:45:44.928Z] Jitter delay: 27198ms
[•] [2026-04-30T06:46:12.147Z] Bridging DAI | Amount: 0.00001 | Token: 0xB96A869c74Be2eD561D95a77408505371F287d16
[•] [2026-04-30T06:46:12.149Z] Jitter delay: 23136ms
[✓] [2026-04-30T06:46:36.130Z] DAI already approved: 115792089237316195423570985008687907853269984665640564039457.584007913129639935
[•] [2026-04-30T06:46:36.925Z] Calldata: 0xd6d344a1...0000000009184e72a000
[•] [2026-04-30T06:46:37.175Z] Estimated gas: 171254
[•] [2026-04-30T06:46:37.176Z] Sending tx... nonce: 736
[✓] [2026-04-30T06:46:37.728Z] Tx sent: 0xf5ba57aacfa8daf99392f00b679e49fb5e40932eb7f740532b86fab967466607
[•] [2026-04-30T06:46:37.729Z] Waiting confirmation...
[✓] [2026-04-30T06:46:43.588Z] Confirmed! Block: 1390686 | Gas: 166334 | Status: SUCCESS
[✓] [2026-04-30T06:46:43.591Z] Loop #14 completed
[•] [2026-04-30T06:46:43.592Z] Waiting 392s till next loop...
[•] [2026-04-30T06:53:16.534Z] ═══ Loop #15 ═══
[•] [2026-04-30T06:53:16.574Z] Bridging ETH | Amount: 0.0000001 | Token: 0x0000000000000000000000000000000000000000
[•] [2026-04-30T06:53:16.575Z] Jitter delay: 6821ms
[•] [2026-04-30T06:53:24.963Z] Calldata: 0xd6d344a1...0000000000174876e800
[•] [2026-04-30T06:53:25.219Z] Estimated gas: 131192
[•] [2026-04-30T06:53:25.219Z] Sending tx... nonce: 737
[✓] [2026-04-30T06:53:25.801Z] Tx sent: 0x4d3303f491d9e950aa25b5687575ba09c905d9c6695f188187f181215816e98f
[•] [2026-04-30T06:53:25.802Z] Waiting confirmation...
[✓] [2026-04-30T06:53:31.468Z] Confirmed! Block: 1390768 | Gas: 126272 | Status: SUCCESS
[•] [2026-04-30T06:53:31.473Z] Jitter delay: 20867ms
[•] [2026-04-30T06:53:52.357Z] Bridging USDT | Amount: 0.00001 | Token: 0xfcc025A3E170DF62de0e25AF7CeAf1C89aBfe6E9
[•] [2026-04-30T06:53:52.358Z] Jitter delay: 22110ms
[✓] [2026-04-30T06:54:15.225Z] USDT already approved: 115792089237316195423570985008687907853269984665640564039457584007913129.639935
[•] [2026-04-30T06:54:15.985Z] Calldata: 0xd6d344a1...0000000000000000000a
[•] [2026-04-30T06:54:16.247Z] Estimated gas: 171206
[•] [2026-04-30T06:54:16.249Z] Sending tx... nonce: 738
[✓] [2026-04-30T06:54:16.804Z] Tx sent: 0x9dc6519bd68de5769e3ed53139d5a548e4ecab8634a7cc574d02d5718039c06f
[•] [2026-04-30T06:54:16.805Z] Waiting confirmation...
[✓] [2026-04-30T06:54:22.544Z] Confirmed! Block: 1390778 | Gas: 166286 | Status: SUCCESS
[•] [2026-04-30T06:54:22.545Z] Jitter delay: 8645ms
[•] [2026-04-30T06:54:31.193Z] Bridging USDC | Amount: 0.00001 | Token: 0xe819EB5be34B20f1FEC012c0DAf960397A0Fb386
[•] [2026-04-30T06:54:31.195Z] Jitter delay: 11092ms
[✓] [2026-04-30T06:54:43.113Z] USDC already approved: 115792089237316195423570985008687907853269984665640564039457584007913129.639935
[•] [2026-04-30T06:54:43.892Z] Calldata: 0xd6d344a1...0000000000000000000a
[•] [2026-04-30T06:54:44.152Z] Estimated gas: 171206
[•] [2026-04-30T06:54:44.153Z] Sending tx... nonce: 739
[✓] [2026-04-30T06:54:44.762Z] Tx sent: 0x8cded5fde5fef04d3903e3b20f421c48d8a63d7d3d8cca8e1ca7d9528f464a0a
[•] [2026-04-30T06:54:44.763Z] Waiting confirmation...
[✓] [2026-04-30T06:54:50.638Z] Confirmed! Block: 1390784 | Gas: 166286 | Status: SUCCESS
[•] [2026-04-30T06:54:50.647Z] Jitter delay: 19795ms
[•] [2026-04-30T06:55:10.451Z] Bridging DAI | Amount: 0.00001 | Token: 0xB96A869c74Be2eD561D95a77408505371F287d16
[•] [2026-04-30T06:55:10.455Z] Jitter delay: 5886ms
[✓] [2026-04-30T06:55:17.030Z] DAI already approved: 115792089237316195423570985008687907853269984665640564039457.584007913129639935
[•] [2026-04-30T06:55:17.697Z] Calldata: 0xd6d344a1...0000000009184e72a000
[•] [2026-04-30T06:55:17.935Z] Estimated gas: 171254
[•] [2026-04-30T06:55:17.937Z] Sending tx... nonce: 740
[✓] [2026-04-30T06:55:18.448Z] Tx sent: 0x9297684e5dc4f4855f0d4b1bc6a1c739701b330a4a383583e9380f5374d1ae59
[•] [2026-04-30T06:55:18.449Z] Waiting confirmation...
[✓] [2026-04-30T06:55:19.632Z] Confirmed! Block: 1390790 | Gas: 166334 | Status: SUCCESS
[✓] [2026-04-30T06:55:19.634Z] Loop #15 completed
[•] [2026-04-30T06:55:19.635Z] Waiting 546s till next loop...
[•] [2026-04-30T07:08:17.398Z] ═══ Loop #16 ═══
[•] [2026-04-30T07:08:17.526Z] Bridging ETH | Amount: 0.0000001 | Token: 0x0000000000000000000000000000000000000000
[•] [2026-04-30T07:08:17.529Z] Jitter delay: 28399ms
[•] [2026-04-30T07:08:47.743Z] Calldata: 0xd6d344a1...0000000000174876e800
[•] [2026-04-30T07:08:48.007Z] Estimated gas: 131192
[•] [2026-04-30T07:08:48.008Z] Sending tx... nonce: 741
[✓] [2026-04-30T07:08:48.710Z] Tx sent: 0xa7e8376fae33956a0ebd73cf0b6d262252aeaf84ccdd389e2a4242256adcb26f
[•] [2026-04-30T07:08:48.710Z] Waiting confirmation...
[✓] [2026-04-30T07:08:54.619Z] Confirmed! Block: 1390952 | Gas: 126272 | Status: SUCCESS
[•] [2026-04-30T07:08:54.624Z] Jitter delay: 23119ms
[•] [2026-04-30T07:09:17.763Z] Bridging USDT | Amount: 0.00001 | Token: 0xfcc025A3E170DF62de0e25AF7CeAf1C89aBfe6E9
[•] [2026-04-30T07:09:17.767Z] Jitter delay: 29722ms
[✓] [2026-04-30T07:09:48.402Z] USDT already approved: 115792089237316195423570985008687907853269984665640564039457584007913129.639935
[•] [2026-04-30T07:09:49.114Z] Calldata: 0xd6d344a1...0000000000000000000a
[•] [2026-04-30T07:09:49.345Z] Estimated gas: 171206
[•] [2026-04-30T07:09:49.346Z] Sending tx... nonce: 742
[✓] [2026-04-30T07:09:49.835Z] Tx sent: 0xe5f9196a53e772d5b158bec54e5e36e258d80a46b8c9f92f39d6df3a0f1787c3
[•] [2026-04-30T07:09:49.835Z] Waiting confirmation...
[✓] [2026-04-30T07:09:55.703Z] Confirmed! Block: 1390964 | Gas: 166286 | Status: SUCCESS
[•] [2026-04-30T07:09:55.705Z] Jitter delay: 25675ms
[•] [2026-04-30T07:10:21.402Z] Bridging USDC | Amount: 0.00001 | Token: 0xe819EB5be34B20f1FEC012c0DAf960397A0Fb386
[•] [2026-04-30T07:10:21.404Z] Jitter delay: 17734ms
[✓] [2026-04-30T07:10:39.868Z] USDC already approved: 115792089237316195423570985008687907853269984665640564039457584007913129.639935
[•] [2026-04-30T07:10:40.538Z] Calldata: 0xd6d344a1...0000000000000000000a
[•] [2026-04-30T07:10:40.793Z] Estimated gas: 171206
[•] [2026-04-30T07:10:40.795Z] Sending tx... nonce: 743
[✓] [2026-04-30T07:10:41.350Z] Tx sent: 0x96754f31ab5f01247ff4e7e85828dab7070d3e1c2ece13ba707ad1bef887fca8
[•] [2026-04-30T07:10:41.350Z] Waiting confirmation...
[✓] [2026-04-30T07:10:48.313Z] Confirmed! Block: 1390975 | Gas: 166286 | Status: SUCCESS
[•] [2026-04-30T07:10:48.316Z] Jitter delay: 27583ms
[•] [2026-04-30T07:11:15.928Z] Bridging DAI | Amount: 0.00001 | Token: 0xB96A869c74Be2eD561D95a77408505371F287d16
[•] [2026-04-30T07:11:15.932Z] Jitter delay: 7163ms
[✓] [2026-04-30T07:11:23.931Z] DAI already approved: 115792089237316195423570985008687907853269984665640564039457.584007913129639935
[•] [2026-04-30T07:11:24.774Z] Calldata: 0xd6d344a1...0000000009184e72a000
[•] [2026-04-30T07:11:25.036Z] Estimated gas: 171254
[•] [2026-04-30T07:11:25.037Z] Sending tx... nonce: 744
[✓] [2026-04-30T07:11:25.903Z] Tx sent: 0xc8d7e00c3b70fe7b54c67ce6761ae7989411aefa338a8bce3bdf072b5a6df919
[•] [2026-04-30T07:11:25.904Z] Waiting confirmation...
[✓] [2026-04-30T07:11:27.208Z] Confirmed! Block: 1390983 | Gas: 166334 | Status: SUCCESS
[✓] [2026-04-30T07:11:27.209Z] Loop #16 completed
[•] [2026-04-30T07:11:27.209Z] Waiting 349s till next loop...
[•] [2026-04-30T07:17:16.896Z] ═══ Loop #17 ═══
[•] [2026-04-30T07:17:16.960Z] Bridging ETH | Amount: 0.0000001 | Token: 0x0000000000000000000000000000000000000000
[•] [2026-04-30T07:17:16.963Z] Jitter delay: 18180ms
[•] [2026-04-30T07:17:36.643Z] Calldata: 0xd6d344a1...0000000000174876e800
[•] [2026-04-30T07:17:36.904Z] Estimated gas: 131192
[•] [2026-04-30T07:17:36.904Z] Sending tx... nonce: 745
[✓] [2026-04-30T07:17:37.475Z] Tx sent: 0x10028435019a73134cea0bc2071311e9a638edec5c909ba6ab4579790aa7f76f
[•] [2026-04-30T07:17:37.475Z] Waiting confirmation...
[✓] [2026-04-30T07:17:43.346Z] Confirmed! Block: 1391058 | Gas: 126272 | Status: SUCCESS
[•] [2026-04-30T07:17:43.351Z] Jitter delay: 15164ms
[•] [2026-04-30T07:17:58.528Z] Bridging USDT | Amount: 0.00001 | Token: 0xfcc025A3E170DF62de0e25AF7CeAf1C89aBfe6E9
[•] [2026-04-30T07:17:58.530Z] Jitter delay: 17286ms
[✓] [2026-04-30T07:18:16.534Z] USDT already approved: 115792089237316195423570985008687907853269984665640564039457584007913129.639935
[•] [2026-04-30T07:18:17.276Z] Calldata: 0xd6d344a1...0000000000000000000a
[•] [2026-04-30T07:18:17.549Z] Estimated gas: 171206
[•] [2026-04-30T07:18:17.550Z] Sending tx... nonce: 746
[✓] [2026-04-30T07:18:18.116Z] Tx sent: 0xa475e6696992812d3bb75e001c997b8a1da4fbc0592580aca6ac65b3c13caf8d
[•] [2026-04-30T07:18:18.117Z] Waiting confirmation...
[✓] [2026-04-30T07:18:23.973Z] Confirmed! Block: 1391066 | Gas: 166286 | Status: SUCCESS
[•] [2026-04-30T07:18:23.978Z] Jitter delay: 17473ms
[•] [2026-04-30T07:18:41.472Z] Bridging USDC | Amount: 0.00001 | Token: 0xe819EB5be34B20f1FEC012c0DAf960397A0Fb386
[•] [2026-04-30T07:18:41.478Z] Jitter delay: 16760ms
[✓] [2026-04-30T07:18:58.917Z] USDC already approved: 115792089237316195423570985008687907853269984665640564039457584007913129.639935
[•] [2026-04-30T07:18:59.613Z] Calldata: 0xd6d344a1...0000000000000000000a
[•] [2026-04-30T07:18:59.837Z] Estimated gas: 171206
[•] [2026-04-30T07:18:59.838Z] Sending tx... nonce: 747
[✓] [2026-04-30T07:19:00.319Z] Tx sent: 0xb43d14a7bedfb6d3847039e2dffe7915ec87774ecb0dfdbcc79e365503a4e13d
[•] [2026-04-30T07:19:00.319Z] Waiting confirmation...
[✓] [2026-04-30T07:19:05.975Z] Confirmed! Block: 1391074 | Gas: 166286 | Status: SUCCESS
[•] [2026-04-30T07:19:05.982Z] Jitter delay: 22441ms
[•] [2026-04-30T07:19:28.430Z] Bridging DAI | Amount: 0.00001 | Token: 0xB96A869c74Be2eD561D95a77408505371F287d16
[•] [2026-04-30T07:19:28.430Z] Jitter delay: 6214ms
[✓] [2026-04-30T07:19:35.241Z] DAI already approved: 115792089237316195423570985008687907853269984665640564039457.584007913129639935
[•] [2026-04-30T07:19:35.871Z] Calldata: 0xd6d344a1...0000000009184e72a000
[•] [2026-04-30T07:19:36.081Z] Estimated gas: 171254
[•] [2026-04-30T07:19:36.082Z] Sending tx... nonce: 748
[✓] [2026-04-30T07:19:36.564Z] Tx sent: 0x026cd993e058c426f669ceb729b97fcbeb5716106c75ff654264d28666751c2f
[•] [2026-04-30T07:19:36.564Z] Waiting confirmation...
[✓] [2026-04-30T07:19:42.291Z] Confirmed! Block: 1391082 | Gas: 166334 | Status: SUCCESS
[✓] [2026-04-30T07:19:42.299Z] Loop #17 completed
[•] [2026-04-30T07:19:42.300Z] Waiting 456s till next loop...
[•] [2026-04-30T07:27:18.468Z] ═══ Loop #18 ═══
[•] [2026-04-30T07:27:18.498Z] Bridging ETH | Amount: 0.0000001 | Token: 0x0000000000000000000000000000000000000000
[•] [2026-04-30T07:27:18.499Z] Jitter delay: 20782ms
[•] [2026-04-30T07:27:40.646Z] Calldata: 0xd6d344a1...0000000000174876e800
[•] [2026-04-30T07:27:40.864Z] Estimated gas: 131192
[•] [2026-04-30T07:27:40.866Z] Sending tx... nonce: 749
[✓] [2026-04-30T07:27:41.391Z] Tx sent: 0x5fa83d42eb15574b0108089ca71ee1c1938c1d7277958816ca08f57fd24e2f2e
[•] [2026-04-30T07:27:41.391Z] Waiting confirmation...
[✓] [2026-04-30T07:27:51.137Z] Confirmed! Block: 1391179 | Gas: 126272 | Status: SUCCESS
[•] [2026-04-30T07:27:51.141Z] Jitter delay: 21722ms
[•] [2026-04-30T07:28:12.878Z] Bridging USDT | Amount: 0.00001 | Token: 0xfcc025A3E170DF62de0e25AF7CeAf1C89aBfe6E9
[•] [2026-04-30T07:28:12.880Z] Jitter delay: 12356ms
[✓] [2026-04-30T07:28:25.848Z] USDT already approved: 115792089237316195423570985008687907853269984665640564039457584007913129.639935
[•] [2026-04-30T07:28:26.468Z] Calldata: 0xd6d344a1...0000000000000000000a
[•] [2026-04-30T07:28:26.691Z] Estimated gas: 171206
[•] [2026-04-30T07:28:26.693Z] Sending tx... nonce: 750
[✓] [2026-04-30T07:28:27.191Z] Tx sent: 0xecf205525faabd1395aec88570950c4ffc16e1264d17f0d38e765b7291be0549
[•] [2026-04-30T07:28:27.191Z] Waiting confirmation...
[✓] [2026-04-30T07:28:32.689Z] Confirmed! Block: 1391188 | Gas: 166286 | Status: SUCCESS
[•] [2026-04-30T07:28:32.695Z] Jitter delay: 15738ms
[•] [2026-04-30T07:28:48.446Z] Bridging USDC | Amount: 0.00001 | Token: 0xe819EB5be34B20f1FEC012c0DAf960397A0Fb386
[•] [2026-04-30T07:28:48.447Z] Jitter delay: 12805ms
[✓] [2026-04-30T07:29:02.162Z] USDC already approved: 115792089237316195423570985008687907853269984665640564039457584007913129.639935
[•] [2026-04-30T07:29:03.025Z] Calldata: 0xd6d344a1...0000000000000000000a
[•] [2026-04-30T07:29:03.337Z] Estimated gas: 171206
[•] [2026-04-30T07:29:03.338Z] Sending tx... nonce: 751
[✓] [2026-04-30T07:29:04.239Z] Tx sent: 0x1f50ba405a5a8a75c3d2a9f4257bc7855bbf5aeff0fe4f9ef33d286019a2ad88
[•] [2026-04-30T07:29:04.240Z] Waiting confirmation...
[✓] [2026-04-30T07:29:11.706Z] Confirmed! Block: 1391195 | Gas: 166286 | Status: SUCCESS
[•] [2026-04-30T07:29:11.708Z] Jitter delay: 12277ms
[•] [2026-04-30T07:29:23.997Z] Bridging DAI | Amount: 0.00001 | Token: 0xB96A869c74Be2eD561D95a77408505371F287d16
[•] [2026-04-30T07:29:24.023Z] Jitter delay: 16604ms
[✓] [2026-04-30T07:29:41.530Z] DAI already approved: 115792089237316195423570985008687907853269984665640564039457.584007913129639935
[•] [2026-04-30T07:29:42.210Z] Calldata: 0xd6d344a1...0000000009184e72a000
[•] [2026-04-30T07:29:42.442Z] Estimated gas: 171254
[•] [2026-04-30T07:29:42.443Z] Sending tx... nonce: 752
[✓] [2026-04-30T07:29:42.975Z] Tx sent: 0xa77c9fd3b902c489a5c6a59bbb2b56759b3cdb845cadbebee6fe9cb27287875a
[•] [2026-04-30T07:29:42.976Z] Waiting confirmation...
[✓] [2026-04-30T07:29:48.529Z] Confirmed! Block: 1391203 | Gas: 166334 | Status: SUCCESS
[✓] [2026-04-30T07:29:48.534Z] Loop #18 completed
[•] [2026-04-30T07:29:48.535Z] Waiting 437s till next loop...
[•] [2026-04-30T07:37:06.540Z] ═══ Loop #19 ═══
[•] [2026-04-30T07:37:06.665Z] Bridging ETH | Amount: 0.0000001 | Token: 0x0000000000000000000000000000000000000000
[•] [2026-04-30T07:37:06.666Z] Jitter delay: 5580ms
[•] [2026-04-30T07:37:14.069Z] Calldata: 0xd6d344a1...0000000000174876e800
[•] [2026-04-30T07:37:14.460Z] Estimated gas: 131192
[•] [2026-04-30T07:37:14.461Z] Sending tx... nonce: 753
[✓] [2026-04-30T07:37:15.065Z] Tx sent: 0x34d6ada1c71c3a7bcf66aef1a996d2838dd0dceb015c19d858f42208da0aaa1c
[•] [2026-04-30T07:37:15.066Z] Waiting confirmation...
[✓] [2026-04-30T07:37:20.877Z] Confirmed! Block: 1391293 | Gas: 126272 | Status: SUCCESS
[•] [2026-04-30T07:37:20.879Z] Jitter delay: 26724ms
[•] [2026-04-30T07:37:47.627Z] Bridging USDT | Amount: 0.00001 | Token: 0xfcc025A3E170DF62de0e25AF7CeAf1C89aBfe6E9
[•] [2026-04-30T07:37:47.629Z] Jitter delay: 14600ms
[✓] [2026-04-30T07:38:03.317Z] USDT already approved: 115792089237316195423570985008687907853269984665640564039457584007913129.639935
[•] [2026-04-30T07:38:04.101Z] Calldata: 0xd6d344a1...0000000000000000000a
[•] [2026-04-30T07:38:04.377Z] Estimated gas: 171206
[•] [2026-04-30T07:38:04.378Z] Sending tx... nonce: 754
[✓] [2026-04-30T07:38:04.932Z] Tx sent: 0x543e1769efb0dd61c36dac806f00cac4545c8a85facd9d82d01116100e814195
[•] [2026-04-30T07:38:04.933Z] Waiting confirmation...
[✓] [2026-04-30T07:38:10.820Z] Confirmed! Block: 1391303 | Gas: 166286 | Status: SUCCESS
[•] [2026-04-30T07:38:10.826Z] Jitter delay: 15211ms
[•] [2026-04-30T07:38:26.051Z] Bridging USDC | Amount: 0.00001 | Token: 0xe819EB5be34B20f1FEC012c0DAf960397A0Fb386
[•] [2026-04-30T07:38:26.053Z] Jitter delay: 5744ms
[✓] [2026-04-30T07:38:32.423Z] USDC already approved: 115792089237316195423570985008687907853269984665640564039457584007913129.639935
[•] [2026-04-30T07:38:33.114Z] Calldata: 0xd6d344a1...0000000000000000000a
[•] [2026-04-30T07:38:33.340Z] Estimated gas: 171206
[•] [2026-04-30T07:38:33.343Z] Sending tx... nonce: 755
[✓] [2026-04-30T07:38:33.851Z] Tx sent: 0x66617e97492296b6fcb7af557f634a48dd25547e42e30d5656d8de7567da0d6e
[•] [2026-04-30T07:38:33.852Z] Waiting confirmation...
[✓] [2026-04-30T07:38:39.496Z] Confirmed! Block: 1391309 | Gas: 166286 | Status: SUCCESS
[•] [2026-04-30T07:38:39.501Z] Jitter delay: 13854ms
[•] [2026-04-30T07:38:53.367Z] Bridging DAI | Amount: 0.00001 | Token: 0xB96A869c74Be2eD561D95a77408505371F287d16
[•] [2026-04-30T07:38:53.368Z] Jitter delay: 12457ms
[✓] [2026-04-30T07:39:06.620Z] DAI already approved: 115792089237316195423570985008687907853269984665640564039457.584007913129639935
[•] [2026-04-30T07:39:07.442Z] Calldata: 0xd6d344a1...0000000009184e72a000
[•] [2026-04-30T07:39:07.719Z] Estimated gas: 171254
[•] [2026-04-30T07:39:07.720Z] Sending tx... nonce: 756
[✓] [2026-04-30T07:39:08.344Z] Tx sent: 0x7f98c98e030068d70554b9d12ccc379ea848d6926ed3e93f1d79a27005dd36a9
[•] [2026-04-30T07:39:08.344Z] Waiting confirmation...
[✓] [2026-04-30T07:39:14.325Z] Confirmed! Block: 1391316 | Gas: 166334 | Status: SUCCESS
[✓] [2026-04-30T07:39:14.327Z] Loop #19 completed
[•] [2026-04-30T07:39:14.328Z] Waiting 594s till next loop...
[•] [2026-04-30T07:49:09.310Z] ═══ Loop #20 ═══
[•] [2026-04-30T07:49:09.457Z] Bridging ETH | Amount: 0.0000001 | Token: 0x0000000000000000000000000000000000000000
[•] [2026-04-30T07:49:09.458Z] Jitter delay: 24573ms
[•] [2026-04-30T07:49:35.559Z] Calldata: 0xd6d344a1...0000000000174876e800
[•] [2026-04-30T07:49:35.780Z] Estimated gas: 131192
[•] [2026-04-30T07:49:35.781Z] Sending tx... nonce: 757
[✓] [2026-04-30T07:49:36.285Z] Tx sent: 0x4c597d1db76d3252dacc4d4096d18ffb3bfe3c343efa6c99d15ac672c77c9d57
[•] [2026-04-30T07:49:36.286Z] Waiting confirmation...
[✓] [2026-04-30T07:49:37.388Z] Confirmed! Block: 1391441 | Gas: 126272 | Status: SUCCESS
[•] [2026-04-30T07:49:37.388Z] Jitter delay: 6055ms
[•] [2026-04-30T07:49:43.446Z] Bridging USDT | Amount: 0.00001 | Token: 0xfcc025A3E170DF62de0e25AF7CeAf1C89aBfe6E9
[•] [2026-04-30T07:49:43.447Z] Jitter delay: 18326ms
[✓] [2026-04-30T07:50:02.523Z] USDT already approved: 115792089237316195423570985008687907853269984665640564039457584007913129.639935
[•] [2026-04-30T07:50:03.282Z] Calldata: 0xd6d344a1...0000000000000000000a
[•] [2026-04-30T07:50:03.522Z] Estimated gas: 171206
[•] [2026-04-30T07:50:03.524Z] Sending tx... nonce: 758
[✓] [2026-04-30T07:50:04.085Z] Tx sent: 0x10d21f6bd1626f707b9686c6f32499e04566563613126c4558ce28fd26b6bf88
[•] [2026-04-30T07:50:04.086Z] Waiting confirmation...
[✓] [2026-04-30T07:50:09.798Z] Confirmed! Block: 1391447 | Gas: 166286 | Status: SUCCESS
[•] [2026-04-30T07:50:09.800Z] Jitter delay: 5061ms
[•] [2026-04-30T07:50:14.863Z] Bridging USDC | Amount: 0.00001 | Token: 0xe819EB5be34B20f1FEC012c0DAf960397A0Fb386
[•] [2026-04-30T07:50:14.864Z] Jitter delay: 20247ms
[✓] [2026-04-30T07:50:35.739Z] USDC already approved: 115792089237316195423570985008687907853269984665640564039457584007913129.639935
[•] [2026-04-30T07:50:36.444Z] Calldata: 0xd6d344a1...0000000000000000000a
[•] [2026-04-30T07:50:36.670Z] Estimated gas: 171206
[•] [2026-04-30T07:50:36.671Z] Sending tx... nonce: 759
[✓] [2026-04-30T07:50:37.178Z] Tx sent: 0xd4b070799953ba998d2c898db835c3a21290937068a931bac434786386e072ce
[•] [2026-04-30T07:50:37.179Z] Waiting confirmation...
[✓] [2026-04-30T07:50:42.836Z] Confirmed! Block: 1391454 | Gas: 166286 | Status: SUCCESS
[•] [2026-04-30T07:50:42.841Z] Jitter delay: 28557ms
[•] [2026-04-30T07:51:11.422Z] Bridging DAI | Amount: 0.00001 | Token: 0xB96A869c74Be2eD561D95a77408505371F287d16
[•] [2026-04-30T07:51:11.422Z] Jitter delay: 19756ms
[✓] [2026-04-30T07:51:32.170Z] DAI already approved: 115792089237316195423570985008687907853269984665640564039457.584007913129639935
[•] [2026-04-30T07:51:32.960Z] Calldata: 0xd6d344a1...0000000009184e72a000
[•] [2026-04-30T07:51:33.453Z] Estimated gas: 171254
[•] [2026-04-30T07:51:33.455Z] Sending tx... nonce: 760
[✓] [2026-04-30T07:51:34.018Z] Tx sent: 0x6cde3512fee1e6a8c8caef048d10fa65ae43e229edc3aeffe7d77cdd7414acfe
[•] [2026-04-30T07:51:34.019Z] Waiting confirmation...
[✓] [2026-04-30T07:51:40.388Z] Confirmed! Block: 1391465 | Gas: 166334 | Status: SUCCESS
[✓] [2026-04-30T07:51:40.390Z] Loop #20 completed
[•] [2026-04-30T07:51:40.391Z] Waiting 515s till next loop...
[•] [2026-04-30T17:30:46.299Z] ═══ Teqoin Auto Bridge Bot v4 Started ═══
[•] [2026-04-30T17:30:46.347Z] Mode: WRAP | Assets: ETH, USDT, USDC, DAI | Loop: true
[✓] [2026-04-30T17:30:48.550Z] TOR connected | Exit IP: 192.42.116.18
[✓] [2026-04-30T17:30:48.759Z] Wallet: 0xc176D56CCF99857A76d377Bacf21cF70107783e7
[•] [2026-04-30T17:30:48.760Z] ═══ Loop #1 ═══
[•] [2026-04-30T17:30:48.765Z] Bridging ETH | Amount: 0.0000001 | Token: 0x0000000000000000000000000000000000000000
[•] [2026-04-30T17:30:48.766Z] Jitter delay: 21708ms
[•] [2026-04-30T17:31:11.909Z] Calldata: 0xd6d344a1...0000000000174876e800
[•] [2026-04-30T17:31:12.129Z] Estimated gas: 131192
[•] [2026-04-30T17:31:12.130Z] Sending tx... nonce: 761
[✓] [2026-04-30T17:31:12.642Z] Tx sent: 0x4d2d53e26f3f9734a0ee71d5700fda45af0e6b9b22a1d8b1597388f9437624f2
[•] [2026-04-30T17:31:12.642Z] Waiting confirmation...
[✓] [2026-04-30T17:31:18.242Z] Confirmed! Block: 1398347 | Gas: 126272 | Status: SUCCESS
[•] [2026-04-30T17:31:18.253Z] Jitter delay: 21618ms
[•] [2026-04-30T17:31:39.884Z] Bridging USDT | Amount: 0.00001 | Token: 0xfcc025A3E170DF62de0e25AF7CeAf1C89aBfe6E9
[•] [2026-04-30T17:31:39.887Z] Jitter delay: 10713ms
[✓] [2026-04-30T17:31:51.281Z] USDT already approved: 115792089237316195423570985008687907853269984665640564039457584007913129.639935
[•] [2026-04-30T17:31:51.893Z] Calldata: 0xd6d344a1...0000000000000000000a
[•] [2026-04-30T17:31:52.112Z] Estimated gas: 171206
[•] [2026-04-30T17:31:52.113Z] Sending tx... nonce: 762
[✓] [2026-04-30T17:31:52.640Z] Tx sent: 0x09baa63d362185eb3caac4281df3ec416def1d1663d117ef0845e06983e4a58b
[•] [2026-04-30T17:31:52.640Z] Waiting confirmation...
[✓] [2026-04-30T17:31:58.195Z] Confirmed! Block: 1398355 | Gas: 166286 | Status: SUCCESS
[•] [2026-04-30T17:31:58.201Z] Jitter delay: 15327ms
[•] [2026-04-30T17:32:13.541Z] Bridging USDC | Amount: 0.00001 | Token: 0xe819EB5be34B20f1FEC012c0DAf960397A0Fb386
[•] [2026-04-30T17:32:13.563Z] Jitter delay: 14370ms
[✓] [2026-04-30T17:32:28.770Z] USDC already approved: 115792089237316195423570985008687907853269984665640564039457584007913129.639935
[•] [2026-04-30T17:32:29.418Z] Calldata: 0xd6d344a1...0000000000000000000a
[•] [2026-04-30T17:32:29.658Z] Estimated gas: 171206
[•] [2026-04-30T17:32:29.658Z] Sending tx... nonce: 763
[✓] [2026-04-30T17:32:30.147Z] Tx sent: 0x2aec9a60cc79e9a59c33a09ce8727f396f6daf6dfff9347303f84f7778efac57
[•] [2026-04-30T17:32:30.148Z] Waiting confirmation...
[✓] [2026-04-30T17:32:35.667Z] Confirmed! Block: 1398363 | Gas: 166286 | Status: SUCCESS
[•] [2026-04-30T17:32:35.674Z] Jitter delay: 26895ms
[•] [2026-04-30T17:33:02.612Z] Bridging DAI | Amount: 0.00001 | Token: 0xB96A869c74Be2eD561D95a77408505371F287d16
[•] [2026-04-30T17:33:02.632Z] Jitter delay: 19558ms
[✓] [2026-04-30T17:33:23.276Z] DAI already approved: 115792089237316195423570985008687907853269984665640564039457.584007913129639935
[•] [2026-04-30T17:33:24.094Z] Calldata: 0xd6d344a1...0000000009184e72a000
[•] [2026-04-30T17:33:24.336Z] Estimated gas: 171254
[•] [2026-04-30T17:33:24.337Z] Sending tx... nonce: 764
[✓] [2026-04-30T17:33:25.116Z] Tx sent: 0x6b566cb349ebd68e2d411145ab29ee5fffe3102f19d7c7c2387bb54dcb2f0936
[•] [2026-04-30T17:33:25.117Z] Waiting confirmation...
[✓] [2026-04-30T17:33:30.686Z] Confirmed! Block: 1398374 | Gas: 166334 | Status: SUCCESS
[✓] [2026-04-30T17:33:30.692Z] Loop #1 completed
[•] [2026-04-30T17:33:30.693Z] Waiting 541s till next loop...
[•] [2026-04-30T17:42:45.690Z] ═══ Loop #2 ═══
[•] [2026-04-30T17:42:45.993Z] Bridging ETH | Amount: 0.0000001 | Token: 0x0000000000000000000000000000000000000000
[•] [2026-04-30T17:42:46.010Z] Jitter delay: 19907ms
[•] [2026-04-30T17:43:07.517Z] Calldata: 0xd6d344a1...0000000000174876e800
[•] [2026-04-30T17:43:07.742Z] Estimated gas: 131192
[•] [2026-04-30T17:43:07.744Z] Sending tx... nonce: 765
[✓] [2026-04-30T17:43:08.290Z] Tx sent: 0x80d58c22e24cff84f58769db44422d0038eef67e40219944250993a1c4767664
[•] [2026-04-30T17:43:08.292Z] Waiting confirmation...
[✓] [2026-04-30T17:43:09.195Z] Confirmed! Block: 1398490 | Gas: 126272 | Status: SUCCESS
[•] [2026-04-30T17:43:09.197Z] Jitter delay: 7281ms
[•] [2026-04-30T17:43:16.485Z] Bridging USDT | Amount: 0.00001 | Token: 0xfcc025A3E170DF62de0e25AF7CeAf1C89aBfe6E9
[•] [2026-04-30T17:43:16.487Z] Jitter delay: 17765ms
[✓] [2026-04-30T17:43:34.938Z] USDT already approved: 115792089237316195423570985008687907853269984665640564039457584007913129.639935
[•] [2026-04-30T17:43:35.562Z] Calldata: 0xd6d344a1...0000000000000000000a
[•] [2026-04-30T17:43:35.792Z] Estimated gas: 171206
[•] [2026-04-30T17:43:35.793Z] Sending tx... nonce: 766
[✓] [2026-04-30T17:43:36.322Z] Tx sent: 0x623aa9211d6e8248a9d4a2ec03ff709ea500e9e00ed7a5ffe471bb6d97b37a82
[•] [2026-04-30T17:43:36.323Z] Waiting confirmation...
[✓] [2026-04-30T17:43:41.872Z] Confirmed! Block: 1398496 | Gas: 166286 | Status: SUCCESS
[•] [2026-04-30T17:43:41.875Z] Jitter delay: 26081ms
[•] [2026-04-30T17:44:07.998Z] Bridging USDC | Amount: 0.00001 | Token: 0xe819EB5be34B20f1FEC012c0DAf960397A0Fb386
[•] [2026-04-30T17:44:08.014Z] Jitter delay: 28205ms
[✓] [2026-04-30T17:44:37.320Z] USDC already approved: 115792089237316195423570985008687907853269984665640564039457584007913129.639935
[•] [2026-04-30T17:44:38.055Z] Calldata: 0xd6d344a1...0000000000000000000a
[•] [2026-04-30T17:44:38.317Z] Estimated gas: 171206
[•] [2026-04-30T17:44:38.318Z] Sending tx... nonce: 767
[✓] [2026-04-30T17:44:38.866Z] Tx sent: 0x6d346f775997134c0f8fbeeaa1920acac663c836d2de29eb68573dff60d8d830
[•] [2026-04-30T17:44:38.867Z] Waiting confirmation...
[✓] [2026-04-30T17:44:44.909Z] Confirmed! Block: 1398509 | Gas: 166286 | Status: SUCCESS
[•] [2026-04-30T17:44:44.913Z] Jitter delay: 28259ms
[•] [2026-04-30T17:45:13.242Z] Bridging DAI | Amount: 0.00001 | Token: 0xB96A869c74Be2eD561D95a77408505371F287d16
[•] [2026-04-30T17:45:13.245Z] Jitter delay: 28695ms
[✓] [2026-04-30T17:45:42.845Z] DAI already approved: 115792089237316195423570985008687907853269984665640564039457.584007913129639935
[•] [2026-04-30T17:45:43.495Z] Calldata: 0xd6d344a1...0000000009184e72a000
[•] [2026-04-30T17:45:43.709Z] Estimated gas: 171254
[•] [2026-04-30T17:45:43.710Z] Sending tx... nonce: 768
[✓] [2026-04-30T17:45:44.238Z] Tx sent: 0xb71ded28040b3201d347902e0971aae6a0a264dbe0857edc210f0dbd26cb539f
[•] [2026-04-30T17:45:44.239Z] Waiting confirmation...
[✓] [2026-04-30T17:45:49.656Z] Confirmed! Block: 1398522 | Gas: 166334 | Status: SUCCESS
[✓] [2026-04-30T17:45:49.656Z] Loop #2 completed
[•] [2026-04-30T17:45:49.658Z] Waiting 479s till next loop...
[•] [2026-04-30T17:56:08.977Z] ═══ Loop #3 ═══
[•] [2026-04-30T17:56:09.091Z] Bridging ETH | Amount: 0.0000001 | Token: 0x0000000000000000000000000000000000000000
[•] [2026-04-30T17:56:09.093Z] Jitter delay: 8403ms
[•] [2026-04-30T17:56:51.590Z] Calldata: 0xd6d344a1...0000000000174876e800
[•] [2026-04-30T17:56:51.801Z] Estimated gas: 131192
[•] [2026-04-30T17:56:51.803Z] Sending tx... nonce: 769
[✓] [2026-04-30T17:56:52.372Z] Tx sent: 0x9aab7f59cff03659cb6c39b3473f553e79d7f5bbca7a024e5c3862b2f740754a
[•] [2026-04-30T17:56:52.373Z] Waiting confirmation...
[✓] [2026-04-30T17:57:05.642Z] Confirmed! Block: 1398655 | Gas: 126272 | Status: SUCCESS
[•] [2026-04-30T17:57:05.648Z] Jitter delay: 18108ms
[•] [2026-04-30T17:58:22.351Z] Bridging USDT | Amount: 0.00001 | Token: 0xfcc025A3E170DF62de0e25AF7CeAf1C89aBfe6E9
[•] [2026-04-30T17:58:22.353Z] Jitter delay: 17415ms
[✓] [2026-04-30T17:59:46.290Z] USDT already approved: 115792089237316195423570985008687907853269984665640564039457584007913129.639935
[•] [2026-04-30T17:59:47.049Z] Calldata: 0xd6d344a1...0000000000000000000a
[•] [2026-04-30T17:59:47.300Z] Estimated gas: 171206
[•] [2026-04-30T17:59:47.302Z] Sending tx... nonce: 770
[✓] [2026-04-30T17:59:47.895Z] Tx sent: 0x4aa9ebaacc812aad0cc4d58cd8946ad4a6684d845f709ba7b9629247eb40b170
[•] [2026-04-30T17:59:47.896Z] Waiting confirmation...
[✓] [2026-04-30T17:59:49.206Z] Confirmed! Block: 1398690 | Gas: 166286 | Status: SUCCESS
[•] [2026-04-30T17:59:49.208Z] Jitter delay: 20857ms
[•] [2026-04-30T18:00:28.944Z] Bridging USDC | Amount: 0.00001 | Token: 0xe819EB5be34B20f1FEC012c0DAf960397A0Fb386
[•] [2026-04-30T18:00:28.946Z] Jitter delay: 26622ms
[✓] [2026-04-30T18:02:11.578Z] USDC already approved: 115792089237316195423570985008687907853269984665640564039457584007913129.639935
[•] [2026-04-30T18:02:12.255Z] Calldata: 0xd6d344a1...0000000000000000000a
[•] [2026-04-30T18:02:12.479Z] Estimated gas: 171206
[•] [2026-04-30T18:02:12.481Z] Sending tx... nonce: 771
[✓] [2026-04-30T18:02:13.038Z] Tx sent: 0x7ec11af3c3470b44e1da6acf126c366035554c188c8e42c07fa391d3093196d4
[•] [2026-04-30T18:02:13.039Z] Waiting confirmation...
[✓] [2026-04-30T18:02:22.324Z] Confirmed! Block: 1398719 | Gas: 166286 | Status: SUCCESS
[•] [2026-04-30T18:02:22.326Z] Jitter delay: 26420ms
[•] [2026-04-30T18:04:24.912Z] Bridging DAI | Amount: 0.00001 | Token: 0xB96A869c74Be2eD561D95a77408505371F287d16
[•] [2026-04-30T18:04:24.914Z] Jitter delay: 26790ms
[✓] [2026-04-30T18:05:16.691Z] DAI already approved: 115792089237316195423570985008687907853269984665640564039457.584007913129639935
[•] [2026-04-30T18:05:17.335Z] Calldata: 0xd6d344a1...0000000009184e72a000
[•] [2026-04-30T18:05:17.578Z] Estimated gas: 171254
[•] [2026-04-30T18:05:17.579Z] Sending tx... nonce: 772
[✓] [2026-04-30T18:05:18.063Z] Tx sent: 0x1e156f943437ea262595b93376f48adf0a698614ec753dba370ef27376f194e1
[•] [2026-04-30T18:05:18.064Z] Waiting confirmation...
[✓] [2026-04-30T18:05:19.259Z] Confirmed! Block: 1398756 | Gas: 166334 | Status: SUCCESS
[✓] [2026-04-30T18:05:19.261Z] Loop #3 completed
[•] [2026-04-30T18:05:19.274Z] Waiting 483s till next loop...
[•] [2026-04-30T18:33:09.070Z] ═══ Loop #4 ═══
[•] [2026-04-30T18:33:09.098Z] Bridging ETH | Amount: 0.0000001 | Token: 0x0000000000000000000000000000000000000000
[•] [2026-04-30T18:33:09.100Z] Jitter delay: 20682ms
[•] [2026-04-30T18:35:08.331Z] Calldata: 0xd6d344a1...0000000000174876e800
[•] [2026-04-30T18:35:08.584Z] Estimated gas: 131192
[•] [2026-04-30T18:35:08.584Z] Sending tx... nonce: 773
[✓] [2026-04-30T18:35:09.168Z] Tx sent: 0xba3bb7fd45657faa0b3a64bf0df34283c01ad48e45f3d7e458eb2eff56e1856b
[•] [2026-04-30T18:35:09.169Z] Waiting confirmation...
[✓] [2026-04-30T18:35:42.682Z] Confirmed! Block: 1399115 | Gas: 126272 | Status: SUCCESS
[•] [2026-04-30T18:35:42.683Z] Jitter delay: 11741ms
[•] [2026-04-30T18:40:06.740Z] Bridging USDT | Amount: 0.00001 | Token: 0xfcc025A3E170DF62de0e25AF7CeAf1C89aBfe6E9
[•] [2026-04-30T18:40:06.741Z] Jitter delay: 26729ms
[✓] [2026-04-30T18:41:40.157Z] USDT already approved: 115792089237316195423570985008687907853269984665640564039457584007913129.639935
[•] [2026-04-30T18:41:40.893Z] Calldata: 0xd6d344a1...0000000000000000000a
[•] [2026-04-30T18:41:41.135Z] Estimated gas: 171206
[•] [2026-04-30T18:41:41.136Z] Sending tx... nonce: 774
[✓] [2026-04-30T18:41:41.643Z] Tx sent: 0xdd2697ba6dc9b517271d45fa090d1e6ff10817bd3bfe57788f61ed666aa09491
[•] [2026-04-30T18:41:41.644Z] Waiting confirmation...
[✓] [2026-04-30T18:41:47.279Z] Confirmed! Block: 1399193 | Gas: 166286 | Status: SUCCESS
[•] [2026-04-30T18:41:47.281Z] Jitter delay: 12217ms
[•] [2026-04-30T18:41:59.507Z] Bridging USDC | Amount: 0.00001 | Token: 0xe819EB5be34B20f1FEC012c0DAf960397A0Fb386
[•] [2026-04-30T18:41:59.509Z] Jitter delay: 7560ms
[✓] [2026-04-30T18:42:07.807Z] USDC already approved: 115792089237316195423570985008687907853269984665640564039457584007913129.639935
[•] [2026-04-30T18:42:08.460Z] Calldata: 0xd6d344a1...0000000000000000000a
[•] [2026-04-30T18:42:08.676Z] Estimated gas: 171206
[•] [2026-04-30T18:42:08.677Z] Sending tx... nonce: 775
[✓] [2026-04-30T18:42:09.169Z] Tx sent: 0xa1d9cd572bed9f8cfb6baa9c4a08cde7c697964209786fb52cbfd64020fb801d
[•] [2026-04-30T18:42:09.170Z] Waiting confirmation...
[✓] [2026-04-30T18:42:14.823Z] Confirmed! Block: 1399199 | Gas: 166286 | Status: SUCCESS
[•] [2026-04-30T18:42:14.824Z] Jitter delay: 12933ms
[•] [2026-04-30T18:45:37.104Z] Bridging DAI | Amount: 0.00001 | Token: 0xB96A869c74Be2eD561D95a77408505371F287d16
[•] [2026-04-30T18:45:37.105Z] Jitter delay: 16080ms
[✓] [2026-04-30T18:50:17.144Z] DAI already approved: 115792089237316195423570985008687907853269984665640564039457.584007913129639935
[•] [2026-04-30T18:50:17.920Z] Calldata: 0xd6d344a1...0000000009184e72a000
[•] [2026-04-30T18:50:18.183Z] Estimated gas: 171254
[•] [2026-04-30T18:50:18.184Z] Sending tx... nonce: 776
[✓] [2026-04-30T18:50:18.803Z] Tx sent: 0x3f94d9e366baf1ee07334ba219d898ef5aea2beeacd94fc750806ccd65babed4
[•] [2026-04-30T18:50:18.804Z] Waiting confirmation...
[✓] [2026-04-30T18:50:20.182Z] Confirmed! Block: 1399296 | Gas: 166334 | Status: SUCCESS
[✓] [2026-04-30T18:50:20.184Z] Loop #4 completed
[•] [2026-04-30T18:50:20.185Z] Waiting 592s till next loop...
[•] [2026-04-30T22:30:46.480Z] ═══ Loop #5 ═══
[•] [2026-04-30T22:30:46.570Z] Bridging ETH | Amount: 0.0000001 | Token: 0x0000000000000000000000000000000000000000
[•] [2026-04-30T22:30:46.572Z] Jitter delay: 18904ms
[•] [2026-04-30T22:31:07.363Z] Calldata: 0xd6d344a1...0000000000174876e800
[•] [2026-04-30T22:31:07.645Z] Estimated gas: 131192
[•] [2026-04-30T22:31:07.656Z] Sending tx... nonce: 777
[✓] [2026-04-30T22:31:08.420Z] Tx sent: 0x41fa61e47e03069c3c5dc856576f9deb62d1ee683faaee1d4473ec2fa4bcd74d
[•] [2026-04-30T22:31:08.421Z] Waiting confirmation...
[✓] [2026-04-30T22:31:14.618Z] Confirmed! Block: 1401946 | Gas: 126272 | Status: SUCCESS
[•] [2026-04-30T22:31:14.622Z] Jitter delay: 19747ms
[•] [2026-04-30T22:31:34.386Z] Bridging USDT | Amount: 0.00001 | Token: 0xfcc025A3E170DF62de0e25AF7CeAf1C89aBfe6E9
[•] [2026-04-30T22:31:34.389Z] Jitter delay: 10686ms
[✓] [2026-04-30T22:31:45.919Z] USDT already approved: 115792089237316195423570985008687907853269984665640564039457584007913129.639935
[•] [2026-04-30T22:31:46.598Z] Calldata: 0xd6d344a1...0000000000000000000a
[•] [2026-04-30T22:31:46.821Z] Estimated gas: 171206
[•] [2026-04-30T22:31:46.822Z] Sending tx... nonce: 778
[✓] [2026-04-30T22:31:47.359Z] Tx sent: 0xc0285fb41587a27c32cd20c0d73eb43dac7aca56c8937943c3f2d4606774f49d
[•] [2026-04-30T22:31:47.360Z] Waiting confirmation...
[✓] [2026-04-30T22:31:52.956Z] Confirmed! Block: 1401954 | Gas: 166286 | Status: SUCCESS
[•] [2026-04-30T22:31:52.958Z] Jitter delay: 7526ms
[•] [2026-04-30T22:32:00.486Z] Bridging USDC | Amount: 0.00001 | Token: 0xe819EB5be34B20f1FEC012c0DAf960397A0Fb386
[•] [2026-04-30T22:32:00.487Z] Jitter delay: 28651ms
[✓] [2026-04-30T22:32:30.033Z] USDC already approved: 115792089237316195423570985008687907853269984665640564039457584007913129.639935
[•] [2026-04-30T22:32:31.056Z] Calldata: 0xd6d344a1...0000000000000000000a
[•] [2026-04-30T22:32:31.312Z] Estimated gas: 171206
[•] [2026-04-30T22:32:31.313Z] Sending tx... nonce: 779
[✓] [2026-04-30T22:32:31.871Z] Tx sent: 0x38980704679116d49f9e95259d8af7213737b284f6627ff2347afdc3cd07216a
[•] [2026-04-30T22:32:31.872Z] Waiting confirmation...
[✓] [2026-04-30T22:32:37.981Z] Confirmed! Block: 1401963 | Gas: 166286 | Status: SUCCESS
[•] [2026-04-30T22:32:37.983Z] Jitter delay: 17641ms
[•] [2026-04-30T22:32:55.636Z] Bridging DAI | Amount: 0.00001 | Token: 0xB96A869c74Be2eD561D95a77408505371F287d16
[•] [2026-04-30T22:32:55.637Z] Jitter delay: 18725ms
[✓] [2026-04-30T22:33:15.175Z] DAI already approved: 115792089237316195423570985008687907853269984665640564039457.584007913129639935
[•] [2026-04-30T22:33:15.905Z] Calldata: 0xd6d344a1...0000000009184e72a000
[•] [2026-04-30T22:33:16.151Z] Estimated gas: 171254
[•] [2026-04-30T22:33:16.151Z] Sending tx... nonce: 780
[✓] [2026-04-30T22:33:16.716Z] Tx sent: 0x3df3e3eba06e8f63dbc18b22587c3c9922ae258940a712c33f1782eb5a3bcdf1
[•] [2026-04-30T22:33:16.717Z] Waiting confirmation...
[✓] [2026-04-30T22:33:22.723Z] Confirmed! Block: 1401972 | Gas: 166334 | Status: SUCCESS
[✓] [2026-04-30T22:33:22.732Z] Loop #5 completed
[•] [2026-04-30T22:33:22.734Z] Waiting 576s till next loop...
[•] [2026-04-30T23:22:39.415Z] ═══ Teqoin Auto Bridge Bot v4 Started ═══
[•] [2026-04-30T23:22:39.441Z] Mode: WRAP | Assets: ETH, USDT, USDC, DAI | Loop: true
[✓] [2026-04-30T23:22:43.270Z] TOR connected | Exit IP: 178.20.55.182
[✓] [2026-04-30T23:22:43.412Z] Wallet: 0xc176D56CCF99857A76d377Bacf21cF70107783e7
[•] [2026-04-30T23:22:43.413Z] ═══ Loop #1 ═══
[•] [2026-04-30T23:22:43.415Z] Bridging ETH | Amount: 0.0000001 | Token: 0x0000000000000000000000000000000000000000
[•] [2026-04-30T23:22:43.416Z] Jitter delay: 5090ms
[•] [2026-04-30T23:22:50.051Z] Calldata: 0xd6d344a1...0000000000174876e800
[•] [2026-04-30T23:22:50.318Z] Estimated gas: 131192
[•] [2026-04-30T23:22:50.321Z] Sending tx... nonce: 781
[✓] [2026-04-30T23:22:50.951Z] Tx sent: 0xd7adbfa1da19870edacf9b3458622a31cffccdb119ee28b5fefe7029805f40ec
[•] [2026-04-30T23:22:50.952Z] Waiting confirmation...
[✓] [2026-04-30T23:22:56.538Z] Confirmed! Block: 1402567 | Gas: 126272 | Status: SUCCESS
[•] [2026-04-30T23:22:56.539Z] Jitter delay: 21775ms
[•] [2026-04-30T23:23:18.374Z] Bridging USDT | Amount: 0.00001 | Token: 0xfcc025A3E170DF62de0e25AF7CeAf1C89aBfe6E9
[•] [2026-04-30T23:23:18.404Z] Jitter delay: 12852ms
[✓] [2026-04-30T23:23:32.236Z] USDT already approved: 115792089237316195423570985008687907853269984665640564039457584007913129.639935
[•] [2026-04-30T23:23:33.018Z] Calldata: 0xd6d344a1...0000000000000000000a
[•] [2026-04-30T23:23:33.277Z] Estimated gas: 171206
[•] [2026-04-30T23:23:33.278Z] Sending tx... nonce: 782
[✓] [2026-04-30T23:23:33.902Z] Tx sent: 0xc9c03d617aae926b5e09b0d5fb4811a8dae8f879ef9044fba8188c04e8a6e192
[•] [2026-04-30T23:23:33.903Z] Waiting confirmation...
[✓] [2026-04-30T23:23:39.890Z] Confirmed! Block: 1402575 | Gas: 166286 | Status: SUCCESS
[•] [2026-04-30T23:23:39.894Z] Jitter delay: 20014ms
[•] [2026-04-30T23:23:59.932Z] Bridging USDC | Amount: 0.00001 | Token: 0xe819EB5be34B20f1FEC012c0DAf960397A0Fb386
[•] [2026-04-30T23:23:59.987Z] Jitter delay: 22522ms
[✓] [2026-04-30T23:24:23.808Z] USDC already approved: 115792089237316195423570985008687907853269984665640564039457584007913129.639935
[•] [2026-04-30T23:24:24.885Z] Calldata: 0xd6d344a1...0000000000000000000a
[•] [2026-04-30T23:24:25.279Z] Estimated gas: 171206
[•] [2026-04-30T23:24:25.285Z] Sending tx... nonce: 783
[✓] [2026-04-30T23:24:25.932Z] Tx sent: 0x1ebdf4204892a6c205a9840189a9815f328f1ad121be543fd41bcfc2b1a8fb35
[•] [2026-04-30T23:24:25.933Z] Waiting confirmation...
[✓] [2026-04-30T23:24:31.633Z] Confirmed! Block: 1402586 | Gas: 166286 | Status: SUCCESS
[•] [2026-04-30T23:24:31.639Z] Jitter delay: 12221ms
[•] [2026-04-30T23:24:43.867Z] Bridging DAI | Amount: 0.00001 | Token: 0xB96A869c74Be2eD561D95a77408505371F287d16
[•] [2026-04-30T23:24:43.879Z] Jitter delay: 22508ms
[✓] [2026-04-30T23:25:07.895Z] DAI already approved: 115792089237316195423570985008687907853269984665640564039457.584007913129639935
[•] [2026-04-30T23:25:08.903Z] Calldata: 0xd6d344a1...0000000009184e72a000
[•] [2026-04-30T23:25:09.240Z] Estimated gas: 171254
[•] [2026-04-30T23:25:09.242Z] Sending tx... nonce: 784
[✓] [2026-04-30T23:25:10.247Z] Tx sent: 0x87af1c5465059bd05edc69c75c21f1fe86192174e151e2c4e282962d5ab35fd1
[•] [2026-04-30T23:25:10.261Z] Waiting confirmation...
[✓] [2026-04-30T23:25:11.796Z] Confirmed! Block: 1402594 | Gas: 166334 | Status: SUCCESS
[✓] [2026-04-30T23:25:11.802Z] Loop #1 completed
[•] [2026-04-30T23:25:11.803Z] Waiting 410s till next loop...
[•] [2026-04-30T23:32:02.714Z] ═══ Loop #2 ═══
[•] [2026-04-30T23:32:02.853Z] Bridging ETH | Amount: 0.0000001 | Token: 0x0000000000000000000000000000000000000000
[•] [2026-04-30T23:32:02.856Z] Jitter delay: 22986ms
[•] [2026-04-30T23:32:27.522Z] Calldata: 0xd6d344a1...0000000000174876e800
[•] [2026-04-30T23:32:27.780Z] Estimated gas: 131192
[•] [2026-04-30T23:32:27.782Z] Sending tx... nonce: 785
[✓] [2026-04-30T23:32:28.401Z] Tx sent: 0xb416ee3afe925a4c2b2642ca2eac7d6c53152a9d51c0d62e1f81d1cb1edeb814
[•] [2026-04-30T23:32:28.402Z] Waiting confirmation...
[✓] [2026-04-30T23:32:34.277Z] Confirmed! Block: 1402682 | Gas: 126272 | Status: SUCCESS
[•] [2026-04-30T23:32:34.286Z] Jitter delay: 14220ms
[•] [2026-04-30T23:32:48.513Z] Bridging USDT | Amount: 0.00001 | Token: 0xfcc025A3E170DF62de0e25AF7CeAf1C89aBfe6E9
[•] [2026-04-30T23:32:48.514Z] Jitter delay: 26980ms
[✓] [2026-04-30T23:33:16.351Z] USDT already approved: 115792089237316195423570985008687907853269984665640564039457584007913129.639935
[•] [2026-04-30T23:33:17.126Z] Calldata: 0xd6d344a1...0000000000000000000a
[•] [2026-04-30T23:33:17.384Z] Estimated gas: 171206
[•] [2026-04-30T23:33:17.386Z] Sending tx... nonce: 786
[✓] [2026-04-30T23:33:17.968Z] Tx sent: 0xc19da746e018d11eab0a3cef0bdf8faf65cf4364490c729bd63c966d0fb33712
[•] [2026-04-30T23:33:17.968Z] Waiting confirmation...
[✓] [2026-04-30T23:33:23.808Z] Confirmed! Block: 1402692 | Gas: 166286 | Status: SUCCESS
[•] [2026-04-30T23:33:23.810Z] Jitter delay: 5611ms
[•] [2026-04-30T23:33:29.425Z] Bridging USDC | Amount: 0.00001 | Token: 0xe819EB5be34B20f1FEC012c0DAf960397A0Fb386
[•] [2026-04-30T23:33:29.426Z] Jitter delay: 9159ms
[✓] [2026-04-30T23:33:39.388Z] USDC already approved: 115792089237316195423570985008687907853269984665640564039457584007913129.639935
[•] [2026-04-30T23:33:40.152Z] Calldata: 0xd6d344a1...0000000000000000000a
[•] [2026-04-30T23:33:40.397Z] Estimated gas: 171206
[•] [2026-04-30T23:33:40.398Z] Sending tx... nonce: 787
[✓] [2026-04-30T23:33:40.939Z] Tx sent: 0x774b660df94ee5de04fe3eaf606ea1094b014fac78c39276743f0b366c780602
[•] [2026-04-30T23:33:40.939Z] Waiting confirmation...
[✓] [2026-04-30T23:33:46.763Z] Confirmed! Block: 1402697 | Gas: 166286 | Status: SUCCESS
[•] [2026-04-30T23:33:46.770Z] Jitter delay: 23431ms
[•] [2026-04-30T23:34:10.221Z] Bridging DAI | Amount: 0.00001 | Token: 0xB96A869c74Be2eD561D95a77408505371F287d16
[•] [2026-04-30T23:34:10.221Z] Jitter delay: 16628ms
[✓] [2026-04-30T23:34:27.674Z] DAI already approved: 115792089237316195423570985008687907853269984665640564039457.584007913129639935
[•] [2026-04-30T23:34:28.434Z] Calldata: 0xd6d344a1...0000000009184e72a000
[•] [2026-04-30T23:34:28.686Z] Estimated gas: 171254
[•] [2026-04-30T23:34:28.687Z] Sending tx... nonce: 788
[✓] [2026-04-30T23:34:29.226Z] Tx sent: 0x0a3f9744aeaf95088ce3129ec1438881d2d738ea165f61caa546990ee991d91e
[•] [2026-04-30T23:34:29.226Z] Waiting confirmation...
[✓] [2026-04-30T23:34:35.049Z] Confirmed! Block: 1402706 | Gas: 166334 | Status: SUCCESS
[✓] [2026-04-30T23:34:35.052Z] Loop #2 completed
[•] [2026-04-30T23:34:35.057Z] Waiting 380s till next loop...
[•] [2026-04-30T23:40:55.558Z] ═══ Loop #3 ═══
[•] [2026-04-30T23:40:55.674Z] Bridging ETH | Amount: 0.0000001 | Token: 0x0000000000000000000000000000000000000000
[•] [2026-04-30T23:40:55.675Z] Jitter delay: 10188ms
[•] [2026-04-30T23:41:07.350Z] Calldata: 0xd6d344a1...0000000000174876e800
[•] [2026-04-30T23:41:07.565Z] Estimated gas: 131192
[•] [2026-04-30T23:41:07.567Z] Sending tx... nonce: 789
[✓] [2026-04-30T23:41:08.147Z] Tx sent: 0x50992c027db98980aa3acec246f929b3cc9be30ec5518d1068401acef02db240
[•] [2026-04-30T23:41:08.148Z] Waiting confirmation...
[✓] [2026-04-30T23:41:13.713Z] Confirmed! Block: 1402786 | Gas: 126272 | Status: SUCCESS
[•] [2026-04-30T23:41:13.718Z] Jitter delay: 27299ms
[•] [2026-04-30T23:41:41.037Z] Bridging USDT | Amount: 0.00001 | Token: 0xfcc025A3E170DF62de0e25AF7CeAf1C89aBfe6E9
[•] [2026-04-30T23:41:41.040Z] Jitter delay: 15578ms
[✓] [2026-04-30T23:41:57.253Z] USDT already approved: 115792089237316195423570985008687907853269984665640564039457584007913129.639935
[•] [2026-04-30T23:41:57.883Z] Calldata: 0xd6d344a1...0000000000000000000a
[•] [2026-04-30T23:41:58.082Z] Estimated gas: 171206
[•] [2026-04-30T23:41:58.082Z] Sending tx... nonce: 790
[✓] [2026-04-30T23:41:58.665Z] Tx sent: 0x40839faef61be74ca7d77c9bc2aef3b3b51db920ceb7b0a621d974216797c856
[•] [2026-04-30T23:41:58.666Z] Waiting confirmation...
[✓] [2026-04-30T23:42:04.299Z] Confirmed! Block: 1402796 | Gas: 166286 | Status: SUCCESS
[•] [2026-04-30T23:42:04.301Z] Jitter delay: 21712ms
[•] [2026-04-30T23:42:26.030Z] Bridging USDC | Amount: 0.00001 | Token: 0xe819EB5be34B20f1FEC012c0DAf960397A0Fb386
[•] [2026-04-30T23:42:26.058Z] Jitter delay: 15186ms
[✓] [2026-04-30T23:42:42.000Z] USDC already approved: 115792089237316195423570985008687907853269984665640564039457584007913129.639935
[•] [2026-04-30T23:42:42.662Z] Calldata: 0xd6d344a1...0000000000000000000a
[•] [2026-04-30T23:42:42.910Z] Estimated gas: 171206
[•] [2026-04-30T23:42:42.911Z] Sending tx... nonce: 791
[✓] [2026-04-30T23:42:43.447Z] Tx sent: 0xc6fd76308b58a7e3f29003f8308fedead866c416a231faa919185138bf1dba47
[•] [2026-04-30T23:42:43.449Z] Waiting confirmation...
[✓] [2026-04-30T23:42:48.959Z] Confirmed! Block: 1402805 | Gas: 166286 | Status: SUCCESS
[•] [2026-04-30T23:42:48.961Z] Jitter delay: 28971ms
[•] [2026-04-30T23:43:17.957Z] Bridging DAI | Amount: 0.00001 | Token: 0xB96A869c74Be2eD561D95a77408505371F287d16
[•] [2026-04-30T23:43:17.959Z] Jitter delay: 23851ms
[✓] [2026-04-30T23:43:42.554Z] DAI already approved: 115792089237316195423570985008687907853269984665640564039457.584007913129639935
[•] [2026-04-30T23:43:43.254Z] Calldata: 0xd6d344a1...0000000009184e72a000
[•] [2026-04-30T23:43:43.480Z] Estimated gas: 171254
[•] [2026-04-30T23:43:43.480Z] Sending tx... nonce: 792
[✓] [2026-04-30T23:43:44.020Z] Tx sent: 0x7bff93a9ffec6f836aa38ef4629f7e93371c68b81ede41f5f378517146addb1d
[•] [2026-04-30T23:43:44.021Z] Waiting confirmation...
[✓] [2026-04-30T23:43:49.733Z] Confirmed! Block: 1402817 | Gas: 166334 | Status: SUCCESS
[✓] [2026-04-30T23:43:49.738Z] Loop #3 completed
[•] [2026-04-30T23:43:49.742Z] Waiting 313s till next loop...
[•] [2026-04-30T23:49:03.551Z] ═══ Loop #4 ═══
[•] [2026-04-30T23:49:03.602Z] Bridging ETH | Amount: 0.0000001 | Token: 0x0000000000000000000000000000000000000000
[•] [2026-04-30T23:49:03.606Z] Jitter delay: 11928ms
[•] [2026-04-30T23:49:16.859Z] Calldata: 0xd6d344a1...0000000000174876e800
[•] [2026-04-30T23:49:17.079Z] Estimated gas: 131192
[•] [2026-04-30T23:49:17.081Z] Sending tx... nonce: 793
[✓] [2026-04-30T23:49:17.597Z] Tx sent: 0x83d615b8763d0481de9f3371c3d995dc546289b2afc7fb3631d691de795aa87c
[•] [2026-04-30T23:49:17.598Z] Waiting confirmation...
[✓] [2026-04-30T23:49:23.147Z] Confirmed! Block: 1402884 | Gas: 126272 | Status: SUCCESS
[•] [2026-04-30T23:49:23.206Z] Jitter delay: 26438ms
[•] [2026-04-30T23:49:49.670Z] Bridging USDT | Amount: 0.00001 | Token: 0xfcc025A3E170DF62de0e25AF7CeAf1C89aBfe6E9
[•] [2026-04-30T23:49:49.673Z] Jitter delay: 17749ms
[✓] [2026-04-30T23:50:08.203Z] USDT already approved: 115792089237316195423570985008687907853269984665640564039457584007913129.639935
[•] [2026-04-30T23:50:08.933Z] Calldata: 0xd6d344a1...0000000000000000000a
[•] [2026-04-30T23:50:09.181Z] Estimated gas: 171206
[•] [2026-04-30T23:50:09.183Z] Sending tx... nonce: 794
[✓] [2026-04-30T23:50:09.724Z] Tx sent: 0x7ad7e862926931a881b3a6d218123c9741f11e5cee0095955cfefb9fa3462edf
[•] [2026-04-30T23:50:09.725Z] Waiting confirmation...
[✓] [2026-04-30T23:50:11.240Z] Confirmed! Block: 1402894 | Gas: 166286 | Status: SUCCESS
[•] [2026-04-30T23:50:11.241Z] Jitter delay: 20747ms
[•] [2026-04-30T23:50:32.005Z] Bridging USDC | Amount: 0.00001 | Token: 0xe819EB5be34B20f1FEC012c0DAf960397A0Fb386
[•] [2026-04-30T23:50:32.007Z] Jitter delay: 21721ms
[✓] [2026-04-30T23:50:54.349Z] USDC already approved: 115792089237316195423570985008687907853269984665640564039457584007913129.639935
[•] [2026-04-30T23:50:54.963Z] Calldata: 0xd6d344a1...0000000000000000000a
[•] [2026-04-30T23:50:55.169Z] Estimated gas: 171206
[•] [2026-04-30T23:50:55.169Z] Sending tx... nonce: 795
[✓] [2026-04-30T23:50:55.614Z] Tx sent: 0x10d233296ba134d223d5b5cb3cb3da654c71cffcbaccbb5803ac4d67db08f61b
[•] [2026-04-30T23:50:55.615Z] Waiting confirmation...
[✓] [2026-04-30T23:51:01.475Z] Confirmed! Block: 1402904 | Gas: 166286 | Status: SUCCESS
[•] [2026-04-30T23:51:01.479Z] Jitter delay: 11168ms
[•] [2026-04-30T23:51:12.651Z] Bridging DAI | Amount: 0.00001 | Token: 0xB96A869c74Be2eD561D95a77408505371F287d16
[•] [2026-04-30T23:51:12.651Z] Jitter delay: 8235ms
[✓] [2026-04-30T23:51:21.681Z] DAI already approved: 115792089237316195423570985008687907853269984665640564039457.584007913129639935
[•] [2026-04-30T23:51:22.549Z] Calldata: 0xd6d344a1...0000000009184e72a000
[•] [2026-04-30T23:51:22.827Z] Estimated gas: 171254
[•] [2026-04-30T23:51:22.829Z] Sending tx... nonce: 796
[✓] [2026-04-30T23:51:23.693Z] Tx sent: 0x280ab5fce1e87ee54d20e27e1e5e70c5f3f3066bda47d4179793fabb992637ae
[•] [2026-04-30T23:51:23.694Z] Waiting confirmation...
[✓] [2026-04-30T23:51:29.589Z] Confirmed! Block: 1402909 | Gas: 166334 | Status: SUCCESS
[✓] [2026-04-30T23:51:29.592Z] Loop #4 completed
[•] [2026-04-30T23:51:29.593Z] Waiting 370s till next loop...
[•] [2026-04-30T23:57:40.550Z] ═══ Loop #5 ═══
[•] [2026-04-30T23:57:40.627Z] Bridging ETH | Amount: 0.0000001 | Token: 0x0000000000000000000000000000000000000000
[•] [2026-04-30T23:57:40.631Z] Jitter delay: 12001ms
[•] [2026-04-30T23:57:54.125Z] Calldata: 0xd6d344a1...0000000000174876e800
[•] [2026-04-30T23:57:54.383Z] Estimated gas: 131192
[•] [2026-04-30T23:57:54.384Z] Sending tx... nonce: 797
[✓] [2026-04-30T23:57:54.915Z] Tx sent: 0x4ede6e435f158f998a3b056d839725a0c1f95cfe4acbd0b062c738afa6ba6acf
[•] [2026-04-30T23:57:54.915Z] Waiting confirmation...
[✓] [2026-04-30T23:57:56.110Z] Confirmed! Block: 1402987 | Gas: 126272 | Status: SUCCESS
[•] [2026-04-30T23:57:56.111Z] Jitter delay: 10083ms
[•] [2026-04-30T23:58:06.198Z] Bridging USDT | Amount: 0.00001 | Token: 0xfcc025A3E170DF62de0e25AF7CeAf1C89aBfe6E9
[•] [2026-04-30T23:58:06.201Z] Jitter delay: 16840ms
[✓] [2026-04-30T23:58:23.746Z] USDT already approved: 115792089237316195423570985008687907853269984665640564039457584007913129.639935
[•] [2026-04-30T23:58:24.427Z] Calldata: 0xd6d344a1...0000000000000000000a
[•] [2026-04-30T23:58:24.642Z] Estimated gas: 171206
[•] [2026-04-30T23:58:24.642Z] Sending tx... nonce: 798
[✓] [2026-04-30T23:58:25.110Z] Tx sent: 0xa7f1c4b6d236f17e9fefd9dbb806bbed9be6f3aa6817f71e6237f96cb5690840
[•] [2026-04-30T23:58:25.110Z] Waiting confirmation...
[✓] [2026-04-30T23:58:26.012Z] Confirmed! Block: 1402993 | Gas: 166286 | Status: SUCCESS
[•] [2026-04-30T23:58:26.013Z] Jitter delay: 15082ms
[•] [2026-04-30T23:58:41.115Z] Bridging USDC | Amount: 0.00001 | Token: 0xe819EB5be34B20f1FEC012c0DAf960397A0Fb386
[•] [2026-04-30T23:58:41.116Z] Jitter delay: 9058ms
[✓] [2026-04-30T23:58:50.949Z] USDC already approved: 115792089237316195423570985008687907853269984665640564039457584007913129.639935
[•] [2026-04-30T23:58:51.813Z] Calldata: 0xd6d344a1...0000000000000000000a
[•] [2026-04-30T23:58:52.110Z] Estimated gas: 171206
[•] [2026-04-30T23:58:52.111Z] Sending tx... nonce: 799
[✓] [2026-04-30T23:58:52.653Z] Tx sent: 0x367ac6b9abebeabfb97679ec0dd12608ec6d6dc45e06dfe16ca5ed3c5183313a
[•] [2026-04-30T23:58:52.653Z] Waiting confirmation...
[✓] [2026-04-30T23:58:58.738Z] Confirmed! Block: 1402999 | Gas: 166286 | Status: SUCCESS
[•] [2026-04-30T23:58:58.740Z] Jitter delay: 16930ms
[•] [2026-04-30T23:59:15.681Z] Bridging DAI | Amount: 0.00001 | Token: 0xB96A869c74Be2eD561D95a77408505371F287d16
[•] [2026-04-30T23:59:15.684Z] Jitter delay: 15150ms
[✓] [2026-04-30T23:59:31.461Z] DAI already approved: 115792089237316195423570985008687907853269984665640564039457.584007913129639935
[•] [2026-04-30T23:59:32.110Z] Calldata: 0xd6d344a1...0000000009184e72a000
[•] [2026-04-30T23:59:32.344Z] Estimated gas: 171254
[•] [2026-04-30T23:59:32.345Z] Sending tx... nonce: 800
[✓] [2026-04-30T23:59:32.821Z] Tx sent: 0x0cdeb87ea42e303ab1025d952dc4f23ba4bce38c06171b67571ee265d6aeadd5
[•] [2026-04-30T23:59:32.821Z] Waiting confirmation...
[✓] [2026-04-30T23:59:38.427Z] Confirmed! Block: 1403007 | Gas: 166334 | Status: SUCCESS
[✓] [2026-04-30T23:59:38.429Z] Loop #5 completed
[•] [2026-04-30T23:59:38.441Z] Waiting 401s till next loop...
[•] [2026-05-01T00:06:19.832Z] ═══ Loop #6 ═══
[•] [2026-05-01T00:06:19.902Z] Bridging ETH | Amount: 0.0000001 | Token: 0x0000000000000000000000000000000000000000
[•] [2026-05-01T00:06:19.904Z] Jitter delay: 6304ms
[•] [2026-05-01T00:06:27.807Z] Calldata: 0xd6d344a1...0000000000174876e800
[•] [2026-05-01T00:06:28.106Z] Estimated gas: 131192
[•] [2026-05-01T00:06:28.107Z] Sending tx... nonce: 801
[✓] [2026-05-01T00:06:28.685Z] Tx sent: 0xdc9fbea91367a8b54614c14900564541afbb46fe153e8e5edabc57231b103647
[•] [2026-05-01T00:06:28.685Z] Waiting confirmation...
[✓] [2026-05-01T00:06:34.544Z] Confirmed! Block: 1403090 | Gas: 126272 | Status: SUCCESS
[•] [2026-05-01T00:06:34.546Z] Jitter delay: 15557ms
[•] [2026-05-01T00:06:50.116Z] Bridging USDT | Amount: 0.00001 | Token: 0xfcc025A3E170DF62de0e25AF7CeAf1C89aBfe6E9
[•] [2026-05-01T00:06:50.118Z] Jitter delay: 14793ms
[✓] [2026-05-01T00:07:05.754Z] USDT already approved: 115792089237316195423570985008687907853269984665640564039457584007913129.639935
[•] [2026-05-01T00:07:06.500Z] Calldata: 0xd6d344a1...0000000000000000000a
[•] [2026-05-01T00:07:06.754Z] Estimated gas: 171206
[•] [2026-05-01T00:07:06.756Z] Sending tx... nonce: 802
[✓] [2026-05-01T00:07:07.311Z] Tx sent: 0x42547ecb99c5d9f4328a88e0a402ff51bddc86a98f9d62212d468c37a4dbd771
[•] [2026-05-01T00:07:07.312Z] Waiting confirmation...
[✓] [2026-05-01T00:07:13.150Z] Confirmed! Block: 1403098 | Gas: 166286 | Status: SUCCESS
[•] [2026-05-01T00:07:13.152Z] Jitter delay: 6347ms
[•] [2026-05-01T00:07:19.506Z] Bridging USDC | Amount: 0.00001 | Token: 0xe819EB5be34B20f1FEC012c0DAf960397A0Fb386
[•] [2026-05-01T00:07:19.508Z] Jitter delay: 21364ms
[✓] [2026-05-01T00:07:41.838Z] USDC already approved: 115792089237316195423570985008687907853269984665640564039457584007913129.639935
[•] [2026-05-01T00:07:42.528Z] Calldata: 0xd6d344a1...0000000000000000000a
[•] [2026-05-01T00:07:42.749Z] Estimated gas: 171206
[•] [2026-05-01T00:07:42.751Z] Sending tx... nonce: 803
[✓] [2026-05-01T00:07:43.260Z] Tx sent: 0xef6d07005d6f1e69a9eb103beb7b5de36765fc1c21462ce4ff279725b823ac76
[•] [2026-05-01T00:07:43.261Z] Waiting confirmation...
[✓] [2026-05-01T00:07:50.023Z] Confirmed! Block: 1403105 | Gas: 166286 | Status: SUCCESS
[•] [2026-05-01T00:07:50.027Z] Jitter delay: 6821ms
[•] [2026-05-01T00:07:56.851Z] Bridging DAI | Amount: 0.00001 | Token: 0xB96A869c74Be2eD561D95a77408505371F287d16
[•] [2026-05-01T00:07:56.853Z] Jitter delay: 15086ms
[✓] [2026-05-01T00:08:12.588Z] DAI already approved: 115792089237316195423570985008687907853269984665640564039457.584007913129639935
[•] [2026-05-01T00:08:13.219Z] Calldata: 0xd6d344a1...0000000009184e72a000
[•] [2026-05-01T00:08:13.430Z] Estimated gas: 171254
[•] [2026-05-01T00:08:13.431Z] Sending tx... nonce: 804
[✓] [2026-05-01T00:08:13.934Z] Tx sent: 0x71b9830c9211cf28a3537ccac4e62f7295884d50fdb059eeddccb7d07a67cf2f
[•] [2026-05-01T00:08:13.935Z] Waiting confirmation...
[✓] [2026-05-01T00:08:19.472Z] Confirmed! Block: 1403111 | Gas: 166334 | Status: SUCCESS
[✓] [2026-05-01T00:08:19.478Z] Loop #6 completed
[•] [2026-05-01T00:08:19.481Z] Waiting 335s till next loop...
[•] [2026-05-01T00:13:55.564Z] ═══ Loop #7 ═══
[•] [2026-05-01T00:13:55.634Z] Bridging ETH | Amount: 0.0000001 | Token: 0x0000000000000000000000000000000000000000
[•] [2026-05-01T00:13:55.635Z] Jitter delay: 15587ms
[•] [2026-05-01T00:14:12.911Z] Calldata: 0xd6d344a1...0000000000174876e800
[•] [2026-05-01T00:14:13.158Z] Estimated gas: 131192
[•] [2026-05-01T00:14:13.158Z] Sending tx... nonce: 805
[✓] [2026-05-01T00:14:13.678Z] Tx sent: 0x8f513a207cb45b776eada181f3396aa2f36775bdeb4a11c44857ab28e5568a65
[•] [2026-05-01T00:14:13.679Z] Waiting confirmation...
[✓] [2026-05-01T00:14:19.447Z] Confirmed! Block: 1403183 | Gas: 126272 | Status: SUCCESS
[•] [2026-05-01T00:14:19.453Z] Jitter delay: 28281ms
[•] [2026-05-01T00:14:47.908Z] Bridging USDT | Amount: 0.00001 | Token: 0xfcc025A3E170DF62de0e25AF7CeAf1C89aBfe6E9
[•] [2026-05-01T00:14:47.990Z] Jitter delay: 6946ms
[✓] [2026-05-01T00:14:55.824Z] USDT already approved: 115792089237316195423570985008687907853269984665640564039457584007913129.639935
[•] [2026-05-01T00:14:56.583Z] Calldata: 0xd6d344a1...0000000000000000000a
[•] [2026-05-01T00:14:56.837Z] Estimated gas: 171206
[•] [2026-05-01T00:14:56.838Z] Sending tx... nonce: 806
[✓] [2026-05-01T00:14:57.565Z] Tx sent: 0x95ea8641f419044f2402e6ebed37987bba78f5b30f1f30e476af4849344d3313
[•] [2026-05-01T00:14:57.566Z] Waiting confirmation...
[✓] [2026-05-01T00:15:03.455Z] Confirmed! Block: 1403192 | Gas: 166286 | Status: SUCCESS
[•] [2026-05-01T00:15:03.458Z] Jitter delay: 29196ms
[•] [2026-05-01T00:15:32.683Z] Bridging USDC | Amount: 0.00001 | Token: 0xe819EB5be34B20f1FEC012c0DAf960397A0Fb386
[•] [2026-05-01T00:15:32.737Z] Jitter delay: 22198ms
[✓] [2026-05-01T00:15:55.788Z] USDC already approved: 115792089237316195423570985008687907853269984665640564039457584007913129.639935
[•] [2026-05-01T00:15:56.461Z] Calldata: 0xd6d344a1...0000000000000000000a
[•] [2026-05-01T00:15:56.688Z] Estimated gas: 171206
[•] [2026-05-01T00:15:56.688Z] Sending tx... nonce: 807
[✓] [2026-05-01T00:15:57.169Z] Tx sent: 0xc71ed0f38ee1f0037f0d0d92e762f72116d42abdb9859c80cb94dd5a5c0d94d3
[•] [2026-05-01T00:15:57.170Z] Waiting confirmation...
[✓] [2026-05-01T00:16:02.854Z] Confirmed! Block: 1403204 | Gas: 166286 | Status: SUCCESS
[•] [2026-05-01T00:16:02.855Z] Jitter delay: 10045ms
[•] [2026-05-01T00:16:12.906Z] Bridging DAI | Amount: 0.00001 | Token: 0xB96A869c74Be2eD561D95a77408505371F287d16
[•] [2026-05-01T00:16:12.908Z] Jitter delay: 24615ms
[✓] [2026-05-01T00:16:38.350Z] DAI already approved: 115792089237316195423570985008687907853269984665640564039457.584007913129639935
[•] [2026-05-01T00:16:39.086Z] Calldata: 0xd6d344a1...0000000009184e72a000
[•] [2026-05-01T00:16:39.334Z] Estimated gas: 171254
[•] [2026-05-01T00:16:39.334Z] Sending tx... nonce: 808
[✓] [2026-05-01T00:16:39.903Z] Tx sent: 0xaa8d14fde43af628a6d2cee64c380a4943a3c5892a5f7300a227f465c94735a4
[•] [2026-05-01T00:16:39.906Z] Waiting confirmation...
[✓] [2026-05-01T00:16:41.386Z] Confirmed! Block: 1403212 | Gas: 166334 | Status: SUCCESS
[✓] [2026-05-01T00:16:41.386Z] Loop #7 completed
[•] [2026-05-01T00:16:41.387Z] Waiting 313s till next loop...
[•] [2026-05-01T00:21:55.251Z] ═══ Loop #8 ═══
[•] [2026-05-01T00:21:55.333Z] Bridging ETH | Amount: 0.0000001 | Token: 0x0000000000000000000000000000000000000000
[•] [2026-05-01T00:21:55.336Z] Jitter delay: 14953ms
[•] [2026-05-01T00:22:12.095Z] Calldata: 0xd6d344a1...0000000000174876e800
[•] [2026-05-01T00:22:12.394Z] Estimated gas: 131192
[•] [2026-05-01T00:22:12.394Z] Sending tx... nonce: 809
[✓] [2026-05-01T00:22:13.082Z] Tx sent: 0x2d215f87f74e96e7a813d9549dbd1e27abb64e73f36508a5d219482a0c0cd1e0
[•] [2026-05-01T00:22:13.083Z] Waiting confirmation...
[✓] [2026-05-01T00:22:19.204Z] Confirmed! Block: 1403279 | Gas: 126272 | Status: SUCCESS
[•] [2026-05-01T00:22:19.205Z] Jitter delay: 5968ms
[•] [2026-05-01T00:22:25.178Z] Bridging USDT | Amount: 0.00001 | Token: 0xfcc025A3E170DF62de0e25AF7CeAf1C89aBfe6E9
[•] [2026-05-01T00:22:25.179Z] Jitter delay: 8110ms
[✓] [2026-05-01T00:22:34.111Z] USDT already approved: 115792089237316195423570985008687907853269984665640564039457584007913129.639935
[•] [2026-05-01T00:22:34.905Z] Calldata: 0xd6d344a1...0000000000000000000a
[•] [2026-05-01T00:22:35.177Z] Estimated gas: 171206
[•] [2026-05-01T00:22:35.178Z] Sending tx... nonce: 810
[✓] [2026-05-01T00:22:35.783Z] Tx sent: 0xc45ddb6cfd806ddf371f43d03dda824feb3eb101593e564845ca0a790f68eacf
[•] [2026-05-01T00:22:35.784Z] Waiting confirmation...
[✓] [2026-05-01T00:22:42.236Z] Confirmed! Block: 1403284 | Gas: 166286 | Status: SUCCESS
[•] [2026-05-01T00:22:42.239Z] Jitter delay: 25848ms
[•] [2026-05-01T00:23:08.095Z] Bridging USDC | Amount: 0.00001 | Token: 0xe819EB5be34B20f1FEC012c0DAf960397A0Fb386
[•] [2026-05-01T00:23:08.098Z] Jitter delay: 10788ms
[✓] [2026-05-01T00:23:19.767Z] USDC already approved: 115792089237316195423570985008687907853269984665640564039457584007913129.639935
[•] [2026-05-01T00:23:20.488Z] Calldata: 0xd6d344a1...0000000000000000000a
[•] [2026-05-01T00:23:20.729Z] Estimated gas: 171206
[•] [2026-05-01T00:23:20.730Z] Sending tx... nonce: 811
[✓] [2026-05-01T00:23:21.279Z] Tx sent: 0xa29502dad99f573fc0968c82990ea2396443eb6565e53dcd8e8cbd5afba9ae17
[•] [2026-05-01T00:23:21.280Z] Waiting confirmation...
[✓] [2026-05-01T00:23:27.194Z] Confirmed! Block: 1403293 | Gas: 166286 | Status: SUCCESS
[•] [2026-05-01T00:23:27.199Z] Jitter delay: 14974ms
[•] [2026-05-01T00:23:42.187Z] Bridging DAI | Amount: 0.00001 | Token: 0xB96A869c74Be2eD561D95a77408505371F287d16
[•] [2026-05-01T00:23:42.189Z] Jitter delay: 15194ms
[✓] [2026-05-01T00:23:58.199Z] DAI already approved: 115792089237316195423570985008687907853269984665640564039457.584007913129639935
[•] [2026-05-01T00:23:58.964Z] Calldata: 0xd6d344a1...0000000009184e72a000
[•] [2026-05-01T00:23:59.220Z] Estimated gas: 171254
[•] [2026-05-01T00:23:59.222Z] Sending tx... nonce: 812
[✓] [2026-05-01T00:23:59.776Z] Tx sent: 0x13908c68d2a08abc74c154f09e10ac32ff8429016aaf19c891c99a63534214a1
[•] [2026-05-01T00:23:59.777Z] Waiting confirmation...
[✓] [2026-05-01T00:24:01.202Z] Confirmed! Block: 1403300 | Gas: 166334 | Status: SUCCESS
[✓] [2026-05-01T00:24:01.202Z] Loop #8 completed
[•] [2026-05-01T00:24:01.202Z] Waiting 445s till next loop...
[•] [2026-05-01T00:31:26.447Z] ═══ Loop #9 ═══
[•] [2026-05-01T00:31:26.482Z] Bridging ETH | Amount: 0.0000001 | Token: 0x0000000000000000000000000000000000000000
[•] [2026-05-01T00:31:26.483Z] Jitter delay: 7283ms
[•] [2026-05-01T00:31:35.380Z] Calldata: 0xd6d344a1...0000000000174876e800
[•] [2026-05-01T00:31:35.659Z] Estimated gas: 131192
[•] [2026-05-01T00:31:35.660Z] Sending tx... nonce: 813
[✓] [2026-05-01T00:31:36.283Z] Tx sent: 0xfbc206fdbd28bece72e14bb79fd2f5d554145ef2ca071a3d3e0b88a683f8ba0e
[•] [2026-05-01T00:31:36.284Z] Waiting confirmation...
[✓] [2026-05-01T00:31:42.348Z] Confirmed! Block: 1403392 | Gas: 126272 | Status: SUCCESS
[•] [2026-05-01T00:31:42.350Z] Jitter delay: 6794ms
[•] [2026-05-01T00:31:49.148Z] Bridging USDT | Amount: 0.00001 | Token: 0xfcc025A3E170DF62de0e25AF7CeAf1C89aBfe6E9
[•] [2026-05-01T00:31:49.150Z] Jitter delay: 20392ms
[✓] [2026-05-01T00:32:10.209Z] USDT already approved: 115792089237316195423570985008687907853269984665640564039457584007913129.639935
[•] [2026-05-01T00:32:10.910Z] Calldata: 0xd6d344a1...0000000000000000000a
[•] [2026-05-01T00:32:11.146Z] Estimated gas: 171206
[•] [2026-05-01T00:32:11.150Z] Sending tx... nonce: 814
[✓] [2026-05-01T00:32:11.632Z] Tx sent: 0x06db41dd4bc1b682afe1595155b9b898073240fb4ed7f56865aac8ab70a9a11b
[•] [2026-05-01T00:32:11.633Z] Waiting confirmation...
[✓] [2026-05-01T00:32:17.087Z] Confirmed! Block: 1403399 | Gas: 166286 | Status: SUCCESS
[•] [2026-05-01T00:32:17.089Z] Jitter delay: 27749ms
[•] [2026-05-01T00:32:44.845Z] Bridging USDC | Amount: 0.00001 | Token: 0xe819EB5be34B20f1FEC012c0DAf960397A0Fb386
[•] [2026-05-01T00:32:44.846Z] Jitter delay: 13277ms
[✓] [2026-05-01T00:32:58.818Z] USDC already approved: 115792089237316195423570985008687907853269984665640564039457584007913129.639935
[•] [2026-05-01T00:32:59.499Z] Calldata: 0xd6d344a1...0000000000000000000a
[•] [2026-05-01T00:32:59.731Z] Estimated gas: 171206
[•] [2026-05-01T00:32:59.735Z] Sending tx... nonce: 815
[✓] [2026-05-01T00:33:00.230Z] Tx sent: 0x7c899871cb634ae9f95354832d4dde9609e0d714f55fcc423faf518bd52eb73c
[•] [2026-05-01T00:33:00.231Z] Waiting confirmation...
[✓] [2026-05-01T00:33:01.142Z] Confirmed! Block: 1403408 | Gas: 166286 | Status: SUCCESS
[•] [2026-05-01T00:33:01.143Z] Jitter delay: 29384ms
[•] [2026-05-01T00:33:30.554Z] Bridging DAI | Amount: 0.00001 | Token: 0xB96A869c74Be2eD561D95a77408505371F287d16
[•] [2026-05-01T00:33:30.555Z] Jitter delay: 26927ms
[✓] [2026-05-01T00:33:58.517Z] DAI already approved: 115792089237316195423570985008687907853269984665640564039457.584007913129639935
[•] [2026-05-01T00:33:59.333Z] Calldata: 0xd6d344a1...0000000009184e72a000
[•] [2026-05-01T00:33:59.621Z] Estimated gas: 171254
[•] [2026-05-01T00:33:59.621Z] Sending tx... nonce: 816
[✓] [2026-05-01T00:34:00.153Z] Tx sent: 0x60acbe86621850c3cfa50fd8a579ac33f6f9c6f60548c6aea862b55854875889
[•] [2026-05-01T00:34:00.153Z] Waiting confirmation...
[✓] [2026-05-01T00:34:01.405Z] Confirmed! Block: 1403420 | Gas: 166334 | Status: SUCCESS
[✓] [2026-05-01T00:34:01.406Z] Loop #9 completed
[•] [2026-05-01T00:34:01.407Z] Waiting 599s till next loop...
[•] [2026-05-01T00:44:01.382Z] ═══ Loop #10 ═══
[•] [2026-05-01T00:44:01.439Z] Bridging ETH | Amount: 0.0000001 | Token: 0x0000000000000000000000000000000000000000
[•] [2026-05-01T00:44:01.440Z] Jitter delay: 11565ms
[•] [2026-05-01T00:44:14.620Z] Calldata: 0xd6d344a1...0000000000174876e800
[•] [2026-05-01T00:44:14.833Z] Estimated gas: 131192
[•] [2026-05-01T00:44:14.834Z] Sending tx... nonce: 817
[✓] [2026-05-01T00:44:15.348Z] Tx sent: 0x32146e498de4c3e32afbf6c9fd016ebb2a7cf2e1fea9d74e78136e9feeffd2e7
[•] [2026-05-01T00:44:15.348Z] Waiting confirmation...
[✓] [2026-05-01T00:44:25.218Z] Confirmed! Block: 1403544 | Gas: 126272 | Status: SUCCESS
[•] [2026-05-01T00:44:25.219Z] Jitter delay: 26628ms
[•] [2026-05-01T00:44:51.853Z] Bridging USDT | Amount: 0.00001 | Token: 0xfcc025A3E170DF62de0e25AF7CeAf1C89aBfe6E9
[•] [2026-05-01T00:44:51.854Z] Jitter delay: 8770ms
[✓] [2026-05-01T00:45:01.333Z] USDT already approved: 115792089237316195423570985008687907853269984665640564039457584007913129.639935
[•] [2026-05-01T00:45:02.035Z] Calldata: 0xd6d344a1...0000000000000000000a
[•] [2026-05-01T00:45:02.275Z] Estimated gas: 171206
[•] [2026-05-01T00:45:02.275Z] Sending tx... nonce: 818
[✓] [2026-05-01T00:45:02.759Z] Tx sent: 0xf25363431621a79f33950f56e3f68b137127c2d915a3d87d2f3318b102fc944b
[•] [2026-05-01T00:45:02.759Z] Waiting confirmation...
[✓] [2026-05-01T00:45:08.269Z] Confirmed! Block: 1403553 | Gas: 166286 | Status: SUCCESS
[•] [2026-05-01T00:45:08.272Z] Jitter delay: 14861ms
[•] [2026-05-01T00:45:23.145Z] Bridging USDC | Amount: 0.00001 | Token: 0xe819EB5be34B20f1FEC012c0DAf960397A0Fb386
[•] [2026-05-01T00:45:23.147Z] Jitter delay: 14163ms
[✓] [2026-05-01T00:45:37.921Z] USDC already approved: 115792089237316195423570985008687907853269984665640564039457584007913129.639935
[•] [2026-05-01T00:45:38.543Z] Calldata: 0xd6d344a1...0000000000000000000a
[•] [2026-05-01T00:45:38.752Z] Estimated gas: 171206
[•] [2026-05-01T00:45:38.753Z] Sending tx... nonce: 819
[✓] [2026-05-01T00:45:39.203Z] Tx sent: 0x286dc1ed3fc971b1a245122cb6835c5f62d356be0c4a5deb134040b8130bdbc0
[•] [2026-05-01T00:45:39.204Z] Waiting confirmation...
[✓] [2026-05-01T00:45:44.754Z] Confirmed! Block: 1403560 | Gas: 166286 | Status: SUCCESS
[•] [2026-05-01T00:45:44.756Z] Jitter delay: 9880ms
[•] [2026-05-01T00:45:54.644Z] Bridging DAI | Amount: 0.00001 | Token: 0xB96A869c74Be2eD561D95a77408505371F287d16
[•] [2026-05-01T00:45:54.644Z] Jitter delay: 13864ms
[✓] [2026-05-01T00:46:09.221Z] DAI already approved: 115792089237316195423570985008687907853269984665640564039457.584007913129639935
[•] [2026-05-01T00:46:09.958Z] Calldata: 0xd6d344a1...0000000009184e72a000
[•] [2026-05-01T00:46:10.210Z] Estimated gas: 171254
[•] [2026-05-01T00:46:10.211Z] Sending tx... nonce: 820
[✓] [2026-05-01T00:46:10.792Z] Tx sent: 0x0cf9371fd42c20ea1774b60be83ff44ad8a313bd508ba5efabbb06c6c4a02f66
[•] [2026-05-01T00:46:10.793Z] Waiting confirmation...
[✓] [2026-05-01T00:46:16.838Z] Confirmed! Block: 1403567 | Gas: 166334 | Status: SUCCESS
[✓] [2026-05-01T00:46:16.847Z] Loop #10 completed
[•] [2026-05-01T00:46:16.848Z] Waiting 489s till next loop...
[•] [2026-05-01T00:54:26.812Z] ═══ Loop #11 ═══
[•] [2026-05-01T00:54:26.847Z] Bridging ETH | Amount: 0.0000001 | Token: 0x0000000000000000000000000000000000000000
[•] [2026-05-01T00:54:26.848Z] Jitter delay: 27942ms
[•] [2026-05-01T00:54:56.298Z] Calldata: 0xd6d344a1...0000000000174876e800
[•] [2026-05-01T00:54:56.531Z] Estimated gas: 131192
[•] [2026-05-01T00:54:56.534Z] Sending tx... nonce: 821
[✓] [2026-05-01T00:54:57.100Z] Tx sent: 0x89a4b8a10f76538adb95275f30135d251494692cd08c604f3e4a91105f258b9e
[•] [2026-05-01T00:54:57.101Z] Waiting confirmation...
[✓] [2026-05-01T00:55:02.772Z] Confirmed! Block: 1403672 | Gas: 126272 | Status: SUCCESS
[•] [2026-05-01T00:55:02.773Z] Jitter delay: 10877ms
[•] [2026-05-01T00:55:13.657Z] Bridging USDT | Amount: 0.00001 | Token: 0xfcc025A3E170DF62de0e25AF7CeAf1C89aBfe6E9
[•] [2026-05-01T00:55:13.658Z] Jitter delay: 6583ms
[✓] [2026-05-01T00:55:20.906Z] USDT already approved: 115792089237316195423570985008687907853269984665640564039457584007913129.639935
[•] [2026-05-01T00:55:21.551Z] Calldata: 0xd6d344a1...0000000000000000000a
[•] [2026-05-01T00:55:21.783Z] Estimated gas: 171206
[•] [2026-05-01T00:55:21.787Z] Sending tx... nonce: 822
[✓] [2026-05-01T00:55:22.271Z] Tx sent: 0xbf067ddc098537239120d75bfac1204463301538f3f3d22b671121f49edb651a
[•] [2026-05-01T00:55:22.272Z] Waiting confirmation...
[✓] [2026-05-01T00:55:27.859Z] Confirmed! Block: 1403677 | Gas: 166286 | Status: SUCCESS
[•] [2026-05-01T00:55:27.865Z] Jitter delay: 13072ms
[•] [2026-05-01T00:55:40.944Z] Bridging USDC | Amount: 0.00001 | Token: 0xe819EB5be34B20f1FEC012c0DAf960397A0Fb386
[•] [2026-05-01T00:55:40.945Z] Jitter delay: 28611ms
[✓] [2026-05-01T00:56:10.269Z] USDC already approved: 115792089237316195423570985008687907853269984665640564039457584007913129.639935
[•] [2026-05-01T00:56:10.950Z] Calldata: 0xd6d344a1...0000000000000000000a
[•] [2026-05-01T00:56:11.184Z] Estimated gas: 171206
[•] [2026-05-01T00:56:11.185Z] Sending tx... nonce: 823
[✓] [2026-05-01T00:56:11.664Z] Tx sent: 0x9b193f33c592053e6ddf6dee8fa42b8515c6b5f2f7b4bed84b20ce961442faf6
[•] [2026-05-01T00:56:11.664Z] Waiting confirmation...
[✓] [2026-05-01T00:56:17.307Z] Confirmed! Block: 1403687 | Gas: 166286 | Status: SUCCESS
[•] [2026-05-01T00:56:17.309Z] Jitter delay: 6443ms
[•] [2026-05-01T00:56:23.755Z] Bridging DAI | Amount: 0.00001 | Token: 0xB96A869c74Be2eD561D95a77408505371F287d16
[•] [2026-05-01T00:56:23.756Z] Jitter delay: 23808ms
[✓] [2026-05-01T00:56:48.242Z] DAI already approved: 115792089237316195423570985008687907853269984665640564039457.584007913129639935
[•] [2026-05-01T00:56:48.849Z] Calldata: 0xd6d344a1...0000000009184e72a000
[•] [2026-05-01T00:56:49.053Z] Estimated gas: 171254
[•] [2026-05-01T00:56:49.053Z] Sending tx... nonce: 824
[✓] [2026-05-01T00:56:49.557Z] Tx sent: 0xa2d73c00857b0ee57f3e357520101ced6a495f9f69f3f0052f45de71238e2a00
[•] [2026-05-01T00:56:49.557Z] Waiting confirmation...
[✓] [2026-05-01T00:56:55.136Z] Confirmed! Block: 1403694 | Gas: 166334 | Status: SUCCESS
[✓] [2026-05-01T00:56:55.138Z] Loop #11 completed
[•] [2026-05-01T00:56:55.138Z] Waiting 374s till next loop...
[•] [2026-05-01T01:03:09.887Z] ═══ Loop #12 ═══
[•] [2026-05-01T01:03:09.964Z] Bridging ETH | Amount: 0.0000001 | Token: 0x0000000000000000000000000000000000000000
[•] [2026-05-01T01:03:09.965Z] Jitter delay: 5000ms
[•] [2026-05-01T01:03:16.755Z] Calldata: 0xd6d344a1...0000000000174876e800
[•] [2026-05-01T01:03:17.018Z] Estimated gas: 131192
[•] [2026-05-01T01:03:17.020Z] Sending tx... nonce: 825
[✓] [2026-05-01T01:03:17.673Z] Tx sent: 0x9aa08fccd18836ff9a153a086d77011828a7bf7abbe600d6e4ed9da9ef049de3
[•] [2026-05-01T01:03:17.674Z] Waiting confirmation...
[✓] [2026-05-01T01:03:23.618Z] Confirmed! Block: 1403772 | Gas: 126272 | Status: SUCCESS
[•] [2026-05-01T01:03:23.622Z] Jitter delay: 16897ms
[•] [2026-05-01T01:03:40.533Z] Bridging USDT | Amount: 0.00001 | Token: 0xfcc025A3E170DF62de0e25AF7CeAf1C89aBfe6E9
[•] [2026-05-01T01:03:40.534Z] Jitter delay: 5873ms
[✓] [2026-05-01T01:03:47.063Z] USDT already approved: 115792089237316195423570985008687907853269984665640564039457584007913129.639935
[•] [2026-05-01T01:03:47.725Z] Calldata: 0xd6d344a1...0000000000000000000a
[•] [2026-05-01T01:03:47.947Z] Estimated gas: 171206
[•] [2026-05-01T01:03:47.949Z] Sending tx... nonce: 826
[✓] [2026-05-01T01:03:48.458Z] Tx sent: 0x8d4c766dcc8ec30ea6ef85c0dcf58cd1112d3c58cd47ba5aae5e19e7cc5d730d
[•] [2026-05-01T01:03:48.459Z] Waiting confirmation...
[✓] [2026-05-01T01:03:54.024Z] Confirmed! Block: 1403778 | Gas: 166286 | Status: SUCCESS
[•] [2026-05-01T01:03:54.026Z] Jitter delay: 8741ms
[•] [2026-05-01T01:04:02.771Z] Bridging USDC | Amount: 0.00001 | Token: 0xe819EB5be34B20f1FEC012c0DAf960397A0Fb386
[•] [2026-05-01T01:04:02.773Z] Jitter delay: 17420ms
[✓] [2026-05-01T01:04:20.828Z] USDC already approved: 115792089237316195423570985008687907853269984665640564039457584007913129.639935
[•] [2026-05-01T01:04:21.485Z] Calldata: 0xd6d344a1...0000000000000000000a
[•] [2026-05-01T01:04:21.715Z] Estimated gas: 171206
[•] [2026-05-01T01:04:21.716Z] Sending tx... nonce: 827
[✓] [2026-05-01T01:04:22.239Z] Tx sent: 0x02c49af04e87cae5b96848507d05f619943f99ee8ddafe25deae7cffad78e605
[•] [2026-05-01T01:04:22.240Z] Waiting confirmation...
[✓] [2026-05-01T01:04:27.814Z] Confirmed! Block: 1403785 | Gas: 166286 | Status: SUCCESS
[•] [2026-05-01T01:04:27.818Z] Jitter delay: 10322ms
[•] [2026-05-01T01:04:38.148Z] Bridging DAI | Amount: 0.00001 | Token: 0xB96A869c74Be2eD561D95a77408505371F287d16
[•] [2026-05-01T01:04:38.149Z] Jitter delay: 13531ms
[✓] [2026-05-01T01:04:57.886Z] DAI already approved: 115792089237316195423570985008687907853269984665640564039457.584007913129639935
[•] [2026-05-01T01:04:58.559Z] Calldata: 0xd6d344a1...0000000009184e72a000
[•] [2026-05-01T01:04:58.791Z] Estimated gas: 171254
[•] [2026-05-01T01:04:58.791Z] Sending tx... nonce: 828
[✓] [2026-05-01T01:04:59.305Z] Tx sent: 0xa96f0b564a68c8ff8d8f7f44f163c91a834ba0e433cdf35396480e87bc0bb8be
[•] [2026-05-01T01:04:59.305Z] Waiting confirmation...
[✓] [2026-05-01T01:05:04.944Z] Confirmed! Block: 1403792 | Gas: 166334 | Status: SUCCESS
[✓] [2026-05-01T01:05:04.947Z] Loop #12 completed
[•] [2026-05-01T01:05:04.948Z] Waiting 454s till next loop...
[•] [2026-05-01T01:16:19.991Z] ═══ Loop #13 ═══
[•] [2026-05-01T01:16:20.099Z] Bridging ETH | Amount: 0.0000001 | Token: 0x0000000000000000000000000000000000000000
[•] [2026-05-01T01:16:20.101Z] Jitter delay: 18457ms
[•] [2026-05-01T01:16:40.135Z] Calldata: 0xd6d344a1...0000000000174876e800
[•] [2026-05-01T01:16:40.357Z] Estimated gas: 131192
[•] [2026-05-01T01:16:40.358Z] Sending tx... nonce: 829
[✓] [2026-05-01T01:16:40.936Z] Tx sent: 0x3050c2917b1d160546262b7eff1be126ea351a444616c1d6f61c486e4861a16d
[•] [2026-05-01T01:16:40.936Z] Waiting confirmation...
[✓] [2026-05-01T01:16:47.031Z] Confirmed! Block: 1403933 | Gas: 126272 | Status: SUCCESS
[•] [2026-05-01T01:16:47.034Z] Jitter delay: 20499ms
[•] [2026-05-01T01:17:07.548Z] Bridging USDT | Amount: 0.00001 | Token: 0xfcc025A3E170DF62de0e25AF7CeAf1C89aBfe6E9
[•] [2026-05-01T01:17:07.554Z] Jitter delay: 29778ms
[✓] [2026-05-01T01:17:38.082Z] USDT already approved: 115792089237316195423570985008687907853269984665640564039457584007913129.639935
[•] [2026-05-01T01:17:38.709Z] Calldata: 0xd6d344a1...0000000000000000000a
[•] [2026-05-01T01:17:38.937Z] Estimated gas: 171206
[•] [2026-05-01T01:17:38.940Z] Sending tx... nonce: 830
[✓] [2026-05-01T01:17:39.426Z] Tx sent: 0x3d3b21711f7fac554d68f8f8358e09c264e6bb435f70b0f16d8186982773e2d6
[•] [2026-05-01T01:17:39.427Z] Waiting confirmation...
[✓] [2026-05-01T01:17:44.939Z] Confirmed! Block: 1403944 | Gas: 166286 | Status: SUCCESS
[•] [2026-05-01T01:17:44.943Z] Jitter delay: 17707ms
[•] [2026-05-01T01:18:41.709Z] Bridging USDC | Amount: 0.00001 | Token: 0xe819EB5be34B20f1FEC012c0DAf960397A0Fb386
[•] [2026-05-01T01:18:41.710Z] Jitter delay: 14338ms
[✓] [2026-05-01T01:19:43.695Z] USDC already approved: 115792089237316195423570985008687907853269984665640564039457584007913129.639935
[•] [2026-05-01T01:19:44.296Z] Calldata: 0xd6d344a1...0000000000000000000a
[•] [2026-05-01T01:19:44.494Z] Estimated gas: 171206
[•] [2026-05-01T01:19:44.496Z] Sending tx... nonce: 831
[✓] [2026-05-01T01:19:44.935Z] Tx sent: 0x7653ba34c3674d94f9e74cb873a0f65ff5015792b0925b2e7b0015abd74ee8a2
[•] [2026-05-01T01:19:44.936Z] Waiting confirmation...
[✓] [2026-05-01T01:19:45.996Z] Confirmed! Block: 1403969 | Gas: 166286 | Status: SUCCESS
[•] [2026-05-01T01:19:45.996Z] Jitter delay: 19277ms
[•] [2026-05-01T01:20:05.287Z] Bridging DAI | Amount: 0.00001 | Token: 0xB96A869c74Be2eD561D95a77408505371F287d16
[•] [2026-05-01T01:20:05.293Z] Jitter delay: 24237ms
[✓] [2026-05-01T01:20:30.538Z] DAI already approved: 115792089237316195423570985008687907853269984665640564039457.584007913129639935
[•] [2026-05-01T01:20:31.230Z] Calldata: 0xd6d344a1...0000000009184e72a000
[•] [2026-05-01T01:20:31.443Z] Estimated gas: 171254
[•] [2026-05-01T01:20:31.444Z] Sending tx... nonce: 832
[✓] [2026-05-01T01:20:31.972Z] Tx sent: 0x27e7359eb58e8279b3bfab1de454bb2792343f9a223708f838d60144c456ed59
[•] [2026-05-01T01:20:31.973Z] Waiting confirmation...
[✓] [2026-05-01T01:20:37.556Z] Confirmed! Block: 1403979 | Gas: 166334 | Status: SUCCESS
[✓] [2026-05-01T01:20:37.559Z] Loop #13 completed
[•] [2026-05-01T01:20:37.561Z] Waiting 484s till next loop...
[•] [2026-05-01T01:28:54.222Z] ═══ Loop #14 ═══
[•] [2026-05-01T01:28:54.280Z] Bridging ETH | Amount: 0.0000001 | Token: 0x0000000000000000000000000000000000000000
[•] [2026-05-01T01:28:54.281Z] Jitter delay: 17440ms
[•] [2026-05-01T01:29:13.473Z] Calldata: 0xd6d344a1...0000000000174876e800
[•] [2026-05-01T01:29:13.721Z] Estimated gas: 131192
[•] [2026-05-01T01:29:13.721Z] Sending tx... nonce: 833
[✓] [2026-05-01T01:29:14.279Z] Tx sent: 0x108cfe54c6ff48d8bd5dea823adbcbbc2ce35621850958bb4a025f8eaf909402
[•] [2026-05-01T01:29:14.280Z] Waiting confirmation...
[✓] [2026-05-01T01:29:19.906Z] Confirmed! Block: 1404083 | Gas: 126272 | Status: SUCCESS
[•] [2026-05-01T01:29:19.907Z] Jitter delay: 25247ms
[•] [2026-05-01T01:29:45.175Z] Bridging USDT | Amount: 0.00001 | Token: 0xfcc025A3E170DF62de0e25AF7CeAf1C89aBfe6E9
[•] [2026-05-01T01:29:45.176Z] Jitter delay: 8164ms
[✓] [2026-05-01T01:29:54.068Z] USDT already approved: 115792089237316195423570985008687907853269984665640564039457584007913129.639935
[•] [2026-05-01T01:29:54.734Z] Calldata: 0xd6d344a1...0000000000000000000a
[•] [2026-05-01T01:29:54.941Z] Estimated gas: 171206
[•] [2026-05-01T01:29:54.941Z] Sending tx... nonce: 834
[✓] [2026-05-01T01:29:55.511Z] Tx sent: 0x0258ed270630799f1476549f0d8cbb735bd1d50ecbf7324ee7f7361ee916dfec
[•] [2026-05-01T01:29:55.512Z] Waiting confirmation...
[✓] [2026-05-01T01:30:05.188Z] Confirmed! Block: 1404092 | Gas: 166286 | Status: SUCCESS
[•] [2026-05-01T01:30:05.192Z] Jitter delay: 26173ms
[•] [2026-05-01T01:30:31.392Z] Bridging USDC | Amount: 0.00001 | Token: 0xe819EB5be34B20f1FEC012c0DAf960397A0Fb386
[•] [2026-05-01T01:30:31.408Z] Jitter delay: 26358ms
[✓] [2026-05-01T01:30:58.390Z] USDC already approved: 115792089237316195423570985008687907853269984665640564039457584007913129.639935
[•] [2026-05-01T01:30:59.004Z] Calldata: 0xd6d344a1...0000000000000000000a
[•] [2026-05-01T01:30:59.226Z] Estimated gas: 171206
[•] [2026-05-01T01:30:59.227Z] Sending tx... nonce: 835
[✓] [2026-05-01T01:30:59.684Z] Tx sent: 0x420d90a66b54bcab36ccc10e0f134fffd22e999cf0e43ff18be00e1cdb8f3cd9
[•] [2026-05-01T01:30:59.685Z] Waiting confirmation...
[✓] [2026-05-01T01:31:05.266Z] Confirmed! Block: 1404104 | Gas: 166286 | Status: SUCCESS
[•] [2026-05-01T01:31:05.267Z] Jitter delay: 23384ms
[•] [2026-05-01T01:31:28.671Z] Bridging DAI | Amount: 0.00001 | Token: 0xB96A869c74Be2eD561D95a77408505371F287d16
[•] [2026-05-01T01:31:28.671Z] Jitter delay: 28824ms
[✓] [2026-05-01T01:31:58.165Z] DAI already approved: 115792089237316195423570985008687907853269984665640564039457.584007913129639935
[•] [2026-05-01T01:31:58.779Z] Calldata: 0xd6d344a1...0000000009184e72a000
[•] [2026-05-01T01:31:58.989Z] Estimated gas: 171254
[•] [2026-05-01T01:31:58.989Z] Sending tx... nonce: 836
[✓] [2026-05-01T01:31:59.455Z] Tx sent: 0x583fe8cf80b061b92210077bec90b2acfb806f44f956d2efed1279319d7fed48
[•] [2026-05-01T01:31:59.455Z] Waiting confirmation...
[✓] [2026-05-01T01:32:05.010Z] Confirmed! Block: 1404116 | Gas: 166334 | Status: SUCCESS
[✓] [2026-05-01T01:32:05.011Z] Loop #14 completed
[•] [2026-05-01T01:32:05.012Z] Waiting 311s till next loop...
[•] [2026-05-01T01:37:16.930Z] ═══ Loop #15 ═══
[•] [2026-05-01T01:37:17.038Z] Bridging ETH | Amount: 0.0000001 | Token: 0x0000000000000000000000000000000000000000
[•] [2026-05-01T01:37:17.039Z] Jitter delay: 5982ms
[•] [2026-05-01T01:37:24.606Z] Calldata: 0xd6d344a1...0000000000174876e800
[•] [2026-05-01T01:37:24.819Z] Estimated gas: 131192
[•] [2026-05-01T01:37:24.820Z] Sending tx... nonce: 837
[✓] [2026-05-01T01:37:25.434Z] Tx sent: 0x3899f2fbbf0ca48ee3a10af68bd34e374400751513f348d413784ed4a77bd135
[•] [2026-05-01T01:37:25.434Z] Waiting confirmation...
[✓] [2026-05-01T01:37:26.299Z] Confirmed! Block: 1404181 | Gas: 126272 | Status: SUCCESS
[•] [2026-05-01T01:37:26.300Z] Jitter delay: 21908ms
[•] [2026-05-01T01:37:48.223Z] Bridging USDT | Amount: 0.00001 | Token: 0xfcc025A3E170DF62de0e25AF7CeAf1C89aBfe6E9
[•] [2026-05-01T01:37:48.224Z] Jitter delay: 18609ms
[✓] [2026-05-01T01:38:07.734Z] USDT already approved: 115792089237316195423570985008687907853269984665640564039457584007913129.639935
[•] [2026-05-01T01:38:08.624Z] Calldata: 0xd6d344a1...0000000000000000000a
[•] [2026-05-01T01:38:08.882Z] Estimated gas: 171206
[•] [2026-05-01T01:38:08.883Z] Sending tx... nonce: 838
[✓] [2026-05-01T01:38:09.464Z] Tx sent: 0x110be0564a41a36b35f032ef8b21640a181f2899488828a918a417990cfe77eb
[•] [2026-05-01T01:38:09.465Z] Waiting confirmation...
[✓] [2026-05-01T01:38:15.040Z] Confirmed! Block: 1404190 | Gas: 166286 | Status: SUCCESS
[•] [2026-05-01T01:38:15.041Z] Jitter delay: 21440ms
[•] [2026-05-01T01:38:36.499Z] Bridging USDC | Amount: 0.00001 | Token: 0xe819EB5be34B20f1FEC012c0DAf960397A0Fb386
[•] [2026-05-01T01:38:36.500Z] Jitter delay: 11957ms
[✓] [2026-05-01T01:38:49.175Z] USDC already approved: 115792089237316195423570985008687907853269984665640564039457584007913129.639935
[•] [2026-05-01T01:38:49.860Z] Calldata: 0xd6d344a1...0000000000000000000a
[•] [2026-05-01T01:38:50.085Z] Estimated gas: 171206
[•] [2026-05-01T01:38:50.085Z] Sending tx... nonce: 839
[✓] [2026-05-01T01:38:50.563Z] Tx sent: 0x2f2c5012980f86f339ca6b21f83b4f2b45d7a6e0d5190b9841af1b586642d3cd
[•] [2026-05-01T01:38:50.563Z] Waiting confirmation...
[✓] [2026-05-01T01:38:56.433Z] Confirmed! Block: 1404199 | Gas: 166286 | Status: SUCCESS
[•] [2026-05-01T01:38:56.435Z] Jitter delay: 7026ms
[•] [2026-05-01T01:39:03.464Z] Bridging DAI | Amount: 0.00001 | Token: 0xB96A869c74Be2eD561D95a77408505371F287d16
[•] [2026-05-01T01:39:03.466Z] Jitter delay: 5643ms
[✓] [2026-05-01T01:39:09.883Z] DAI already approved: 115792089237316195423570985008687907853269984665640564039457.584007913129639935
[•] [2026-05-01T01:39:10.555Z] Calldata: 0xd6d344a1...0000000009184e72a000
[•] [2026-05-01T01:39:10.762Z] Estimated gas: 171254
[•] [2026-05-01T01:39:10.764Z] Sending tx... nonce: 840
[✓] [2026-05-01T01:39:11.284Z] Tx sent: 0x5372a1adbb465c1da462dc97ae20b333e84ebff28055ef327677dff888e1525d
[•] [2026-05-01T01:39:11.285Z] Waiting confirmation...
[✓] [2026-05-01T01:39:16.841Z] Confirmed! Block: 1404203 | Gas: 166334 | Status: SUCCESS
[✓] [2026-05-01T01:39:16.845Z] Loop #15 completed
[•] [2026-05-01T01:39:16.846Z] Waiting 513s till next loop...
[•] [2026-05-01T02:02:12.101Z] ═══ Loop #16 ═══
[•] [2026-05-01T02:02:12.354Z] Bridging ETH | Amount: 0.0000001 | Token: 0x0000000000000000000000000000000000000000
[•] [2026-05-01T02:02:12.356Z] Jitter delay: 12895ms
[•] [2026-05-01T02:02:27.377Z] Calldata: 0xd6d344a1...0000000000174876e800
[•] [2026-05-01T02:02:27.701Z] Estimated gas: 131192
[•] [2026-05-01T02:02:27.704Z] Sending tx... nonce: 841
[✓] [2026-05-01T02:02:28.276Z] Tx sent: 0xd209701a81286b5ae44d99fda9e76287f215bbcced7afd7b452e5d7d98e3a9c3
[•] [2026-05-01T02:02:28.277Z] Waiting confirmation...
[✓] [2026-05-01T02:02:34.028Z] Confirmed! Block: 1404482 | Gas: 126272 | Status: SUCCESS
[•] [2026-05-01T02:02:34.043Z] Jitter delay: 28643ms
[•] [2026-05-01T02:03:02.727Z] Bridging USDT | Amount: 0.00001 | Token: 0xfcc025A3E170DF62de0e25AF7CeAf1C89aBfe6E9
[•] [2026-05-01T02:03:02.747Z] Jitter delay: 23436ms
[✓] [2026-05-01T02:03:27.055Z] USDT already approved: 115792089237316195423570985008687907853269984665640564039457584007913129.639935
[•] [2026-05-01T02:03:27.852Z] Calldata: 0xd6d344a1...0000000000000000000a
[•] [2026-05-01T02:03:28.104Z] Estimated gas: 171206
[•] [2026-05-01T02:03:28.105Z] Sending tx... nonce: 842
[✓] [2026-05-01T02:03:28.698Z] Tx sent: 0xc254329cd823aa3b6d5ee64221efcf039e8086896f96a1247b352850d63093dc
[•] [2026-05-01T02:03:28.700Z] Waiting confirmation...
[✓] [2026-05-01T02:03:34.475Z] Confirmed! Block: 1404494 | Gas: 166286 | Status: SUCCESS
[•] [2026-05-01T02:03:34.477Z] Jitter delay: 22425ms
[•] [2026-05-01T02:03:56.923Z] Bridging USDC | Amount: 0.00001 | Token: 0xe819EB5be34B20f1FEC012c0DAf960397A0Fb386
[•] [2026-05-01T02:03:56.925Z] Jitter delay: 27035ms
[✓] [2026-05-01T02:04:24.739Z] USDC already approved: 115792089237316195423570985008687907853269984665640564039457584007913129.639935
[•] [2026-05-01T02:04:25.556Z] Calldata: 0xd6d344a1...0000000000000000000a
[•] [2026-05-01T02:04:25.808Z] Estimated gas: 171206
[•] [2026-05-01T02:04:25.810Z] Sending tx... nonce: 843
[✓] [2026-05-01T02:04:26.385Z] Tx sent: 0x8f6cd74c3cedf7ab4fec7fab08a1d255f8766c2b9d4da6c44c6bf73d7e01ec87
[•] [2026-05-01T02:04:26.385Z] Waiting confirmation...
[✓] [2026-05-01T02:04:32.174Z] Confirmed! Block: 1404506 | Gas: 166286 | Status: SUCCESS
[•] [2026-05-01T02:04:32.178Z] Jitter delay: 29067ms
[•] [2026-05-01T02:05:01.276Z] Bridging DAI | Amount: 0.00001 | Token: 0xB96A869c74Be2eD561D95a77408505371F287d16
[•] [2026-05-01T02:05:01.281Z] Jitter delay: 29997ms
[✓] [2026-05-01T02:09:08.169Z] DAI already approved: 115792089237316195423570985008687907853269984665640564039457.584007913129639935
[•] [2026-05-01T02:09:08.865Z] Calldata: 0xd6d344a1...0000000009184e72a000
[•] [2026-05-01T02:09:09.089Z] Estimated gas: 171254
[•] [2026-05-01T02:09:09.090Z] Sending tx... nonce: 844
[✓] [2026-05-01T02:09:09.646Z] Tx sent: 0xa0245929b94e12e4b4701940b3140f239a6758202ddf99d88557716922f4f31a
[•] [2026-05-01T02:09:09.646Z] Waiting confirmation...
[✓] [2026-05-01T02:09:15.305Z] Confirmed! Block: 1404562 | Gas: 166334 | Status: SUCCESS
[✓] [2026-05-01T02:09:15.308Z] Loop #16 completed
[•] [2026-05-01T02:09:15.309Z] Waiting 318s till next loop...
[•] [2026-05-01T02:27:26.969Z] ═══ Loop #17 ═══
[•] [2026-05-01T02:27:27.035Z] Bridging ETH | Amount: 0.0000001 | Token: 0x0000000000000000000000000000000000000000
[•] [2026-05-01T02:27:27.036Z] Jitter delay: 7733ms
[•] [2026-05-01T02:28:32.409Z] Calldata: 0xd6d344a1...0000000000174876e800
[•] [2026-05-01T02:28:32.806Z] Estimated gas: 131192
[•] [2026-05-01T02:28:32.807Z] Sending tx... nonce: 845
[✓] [2026-05-01T02:28:33.402Z] Tx sent: 0x751349199222611d138d477c705cc9c60f452d555ca05726eb5b6966c5c7303a
[•] [2026-05-01T02:28:33.403Z] Waiting confirmation...
[✓] [2026-05-01T02:28:39.516Z] Confirmed! Block: 1404795 | Gas: 126272 | Status: SUCCESS
[•] [2026-05-01T02:28:39.521Z] Jitter delay: 15573ms
[•] [2026-05-01T02:30:37.667Z] Bridging USDT | Amount: 0.00001 | Token: 0xfcc025A3E170DF62de0e25AF7CeAf1C89aBfe6E9
[•] [2026-05-01T02:30:37.668Z] Jitter delay: 25224ms
[✗] [2026-05-01T02:31:06.053Z] Allowance check failed: 
[✗] [2026-05-01T02:31:06.191Z] USDT approval FAILED: 
[✗] [2026-05-01T02:31:06.257Z] USDT FAILED: 
[•] [2026-05-01T02:31:06.261Z] Jitter delay: 23401ms
[•] [2026-05-01T02:31:29.739Z] Bridging USDC | Amount: 0.00001 | Token: 0xe819EB5be34B20f1FEC012c0DAf960397A0Fb386
[•] [2026-05-01T02:31:29.778Z] Jitter delay: 10491ms
[✓] [2026-05-01T02:31:41.530Z] USDC already approved: 115792089237316195423570985008687907853269984665640564039457584007913129.639935
[•] [2026-05-01T02:31:42.370Z] Calldata: 0xd6d344a1...0000000000000000000a
[•] [2026-05-01T02:31:42.602Z] Estimated gas: 171206
[•] [2026-05-01T02:31:42.604Z] Sending tx... nonce: 846
[✓] [2026-05-01T02:31:43.157Z] Tx sent: 0x1a8b7d3b01a47955d2ce6bae2c89e85e5b0f5712f9c6753430881cf3a6d9dd72
[•] [2026-05-01T02:31:43.157Z] Waiting confirmation...
[✓] [2026-05-01T02:31:48.816Z] Confirmed! Block: 1404833 | Gas: 166286 | Status: SUCCESS
[•] [2026-05-01T02:31:48.820Z] Jitter delay: 16761ms
[•] [2026-05-01T02:32:05.598Z] Bridging DAI | Amount: 0.00001 | Token: 0xB96A869c74Be2eD561D95a77408505371F287d16
[•] [2026-05-01T02:32:05.600Z] Jitter delay: 5398ms
[✓] [2026-05-01T02:32:11.688Z] DAI already approved: 115792089237316195423570985008687907853269984665640564039457.584007913129639935
[•] [2026-05-01T02:32:12.328Z] Calldata: 0xd6d344a1...0000000009184e72a000
[•] [2026-05-01T02:32:12.549Z] Estimated gas: 171254
[•] [2026-05-01T02:32:12.550Z] Sending tx... nonce: 847
[✓] [2026-05-01T02:32:13.030Z] Tx sent: 0x3804862c4b76e330de20c0b30943981cdf07b78e927898113b9007df62958361
[•] [2026-05-01T02:32:13.031Z] Waiting confirmation...
[✓] [2026-05-01T02:32:18.629Z] Confirmed! Block: 1404839 | Gas: 166334 | Status: SUCCESS
[✓] [2026-05-01T02:32:18.633Z] Loop #17 completed
[•] [2026-05-01T02:32:18.634Z] Waiting 311s till next loop...
[•] [2026-05-01T02:43:28.640Z] ═══ Loop #18 ═══
[•] [2026-05-01T02:43:29.042Z] Bridging ETH | Amount: 0.0000001 | Token: 0x0000000000000000000000000000000000000000
[•] [2026-05-01T02:43:29.044Z] Jitter delay: 25333ms
[•] [2026-05-01T02:43:55.949Z] Calldata: 0xd6d344a1...0000000000174876e800
[•] [2026-05-01T02:43:56.167Z] Estimated gas: 131192
[•] [2026-05-01T02:43:56.169Z] Sending tx... nonce: 848
[✓] [2026-05-01T02:43:56.722Z] Tx sent: 0xcdeeee53844dcc7f4e6be12a7ac14268e229d57a577ff386dc611fe4976d30a3
[•] [2026-05-01T02:43:56.722Z] Waiting confirmation...
[✓] [2026-05-01T02:44:02.266Z] Confirmed! Block: 1404980 | Gas: 126272 | Status: SUCCESS
[•] [2026-05-01T02:44:02.268Z] Jitter delay: 18359ms
[•] [2026-05-01T02:44:20.639Z] Bridging USDT | Amount: 0.00001 | Token: 0xfcc025A3E170DF62de0e25AF7CeAf1C89aBfe6E9
[•] [2026-05-01T02:44:20.642Z] Jitter delay: 15416ms
[✓] [2026-05-01T02:44:36.771Z] USDT already approved: 115792089237316195423570985008687907853269984665640564039457584007913129.639935
[•] [2026-05-01T02:44:37.443Z] Calldata: 0xd6d344a1...0000000000000000000a
[•] [2026-05-01T02:44:37.673Z] Estimated gas: 171206
[•] [2026-05-01T02:44:37.678Z] Sending tx... nonce: 849
[✓] [2026-05-01T02:44:38.148Z] Tx sent: 0x9e542ee4c931c02f113c6a76ead5929c38913c4265d3b5b77ae7df6fe85002ab
[•] [2026-05-01T02:44:38.149Z] Waiting confirmation...
[✓] [2026-05-01T02:44:43.735Z] Confirmed! Block: 1404988 | Gas: 166286 | Status: SUCCESS
[•] [2026-05-01T02:44:43.739Z] Jitter delay: 7052ms
[•] [2026-05-01T02:44:50.795Z] Bridging USDC | Amount: 0.00001 | Token: 0xe819EB5be34B20f1FEC012c0DAf960397A0Fb386
[•] [2026-05-01T02:44:50.797Z] Jitter delay: 15973ms
[✓] [2026-05-01T02:45:07.625Z] USDC already approved: 115792089237316195423570985008687907853269984665640564039457584007913129.639935
[•] [2026-05-01T02:45:08.419Z] Calldata: 0xd6d344a1...0000000000000000000a
[•] [2026-05-01T02:45:08.737Z] Estimated gas: 171206
[•] [2026-05-01T02:45:08.739Z] Sending tx... nonce: 850
[✓] [2026-05-01T02:45:09.311Z] Tx sent: 0x7053767945197abda36ec921fbedb2e4b65e26fa46c753562b953bfb0d0a37eb
[•] [2026-05-01T02:45:09.312Z] Waiting confirmation...
[✓] [2026-05-01T02:45:15.325Z] Confirmed! Block: 1404994 | Gas: 166286 | Status: SUCCESS
[•] [2026-05-01T02:45:15.327Z] Jitter delay: 26253ms
[•] [2026-05-01T02:45:41.604Z] Bridging DAI | Amount: 0.00001 | Token: 0xB96A869c74Be2eD561D95a77408505371F287d16
[•] [2026-05-01T02:45:41.604Z] Jitter delay: 10036ms
[✓] [2026-05-01T02:45:52.482Z] DAI already approved: 115792089237316195423570985008687907853269984665640564039457.584007913129639935
[•] [2026-05-01T02:45:53.260Z] Calldata: 0xd6d344a1...0000000009184e72a000
[•] [2026-05-01T02:45:53.527Z] Estimated gas: 171254
[•] [2026-05-01T02:45:53.532Z] Sending tx... nonce: 851
[✓] [2026-05-01T02:45:54.214Z] Tx sent: 0x78451454afcc93b0f957f8ea492f021bc6761b4d41c498706b197b60ffd2e129
[•] [2026-05-01T02:45:54.216Z] Waiting confirmation...
[✓] [2026-05-01T02:46:00.132Z] Confirmed! Block: 1405003 | Gas: 166334 | Status: SUCCESS
[✓] [2026-05-01T02:46:00.136Z] Loop #18 completed
[•] [2026-05-01T02:46:00.137Z] Waiting 547s till next loop...
[•] [2026-05-01T02:55:07.652Z] ═══ Loop #19 ═══
[•] [2026-05-01T02:55:07.727Z] Bridging ETH | Amount: 0.0000001 | Token: 0x0000000000000000000000000000000000000000
[•] [2026-05-01T02:55:07.728Z] Jitter delay: 9168ms
[•] [2026-05-01T02:55:19.613Z] Calldata: 0xd6d344a1...0000000000174876e800
[•] [2026-05-01T02:55:19.874Z] Estimated gas: 131192
[•] [2026-05-01T02:55:19.875Z] Sending tx... nonce: 852
[✓] [2026-05-01T02:55:20.435Z] Tx sent: 0x5f9dd27e7f34f895eb2e6e7c8a754115d193108bd2a10586ddba103d7fe76f96
[•] [2026-05-01T02:55:20.436Z] Waiting confirmation...
[✓] [2026-05-01T02:55:21.334Z] Confirmed! Block: 1405116 | Gas: 126272 | Status: SUCCESS
[•] [2026-05-01T02:55:21.335Z] Jitter delay: 9573ms
[•] [2026-05-01T02:55:30.914Z] Bridging USDT | Amount: 0.00001 | Token: 0xfcc025A3E170DF62de0e25AF7CeAf1C89aBfe6E9
[•] [2026-05-01T02:55:30.915Z] Jitter delay: 5997ms
[✓] [2026-05-01T02:55:37.707Z] USDT already approved: 115792089237316195423570985008687907853269984665640564039457584007913129.639935
[•] [2026-05-01T02:55:38.483Z] Calldata: 0xd6d344a1...0000000000000000000a
[•] [2026-05-01T02:55:38.732Z] Estimated gas: 171206
[•] [2026-05-01T02:55:38.733Z] Sending tx... nonce: 853
[✓] [2026-05-01T02:55:39.300Z] Tx sent: 0x35e070b173ec313f6bcae2aff3da198bdf6954e7d0020e8538aa414b6ad36a77
[•] [2026-05-01T02:55:39.300Z] Waiting confirmation...
[✓] [2026-05-01T02:55:45.020Z] Confirmed! Block: 1405120 | Gas: 166286 | Status: SUCCESS
[•] [2026-05-01T02:55:45.022Z] Jitter delay: 23945ms
[•] [2026-05-01T02:56:08.982Z] Bridging USDC | Amount: 0.00001 | Token: 0xe819EB5be34B20f1FEC012c0DAf960397A0Fb386
[•] [2026-05-01T02:56:08.983Z] Jitter delay: 8971ms
[✓] [2026-05-01T02:56:18.579Z] USDC already approved: 115792089237316195423570985008687907853269984665640564039457584007913129.639935
[•] [2026-05-01T02:56:19.258Z] Calldata: 0xd6d344a1...0000000000000000000a
[•] [2026-05-01T02:56:19.484Z] Estimated gas: 171206
[•] [2026-05-01T02:56:19.484Z] Sending tx... nonce: 854
[✓] [2026-05-01T02:56:19.909Z] Tx sent: 0x188afb81de9e0c642f0ac2d36048f652cc8a893805e8e55714a25e53822ac4b9
[•] [2026-05-01T02:56:19.910Z] Waiting confirmation...
[✓] [2026-05-01T02:56:25.491Z] Confirmed! Block: 1405128 | Gas: 166286 | Status: SUCCESS
[•] [2026-05-01T02:56:25.497Z] Jitter delay: 26636ms
[•] [2026-05-01T02:56:52.149Z] Bridging DAI | Amount: 0.00001 | Token: 0xB96A869c74Be2eD561D95a77408505371F287d16
[•] [2026-05-01T02:56:52.149Z] Jitter delay: 17558ms
[✓] [2026-05-01T02:57:11.209Z] DAI already approved: 115792089237316195423570985008687907853269984665640564039457.584007913129639935
[•] [2026-05-01T02:57:12.134Z] Calldata: 0xd6d344a1...0000000009184e72a000
[•] [2026-05-01T02:57:12.393Z] Estimated gas: 171254
[•] [2026-05-01T02:57:12.394Z] Sending tx... nonce: 855
[✓] [2026-05-01T02:57:12.945Z] Tx sent: 0x8aa9fb541f7906eb6cc704ac0952ad45d26c9310e77ab6f97208dd59caa26de1
[•] [2026-05-01T02:57:12.946Z] Waiting confirmation...
[✓] [2026-05-01T02:57:18.671Z] Confirmed! Block: 1405139 | Gas: 166334 | Status: SUCCESS
[✓] [2026-05-01T02:57:18.673Z] Loop #19 completed
[•] [2026-05-01T02:57:18.674Z] Waiting 595s till next loop...
[•] [2026-05-01T03:11:19.700Z] ═══ Loop #20 ═══
[•] [2026-05-01T03:11:19.803Z] Bridging ETH | Amount: 0.0000001 | Token: 0x0000000000000000000000000000000000000000
[•] [2026-05-01T03:11:19.806Z] Jitter delay: 21735ms
[•] [2026-05-01T03:11:43.491Z] Calldata: 0xd6d344a1...0000000000174876e800
[•] [2026-05-01T03:11:43.813Z] Estimated gas: 131192
[•] [2026-05-01T03:11:43.814Z] Sending tx... nonce: 856
[✓] [2026-05-01T03:11:44.371Z] Tx sent: 0x22d090f84819c8616494c20745be4bd600a08d80b3503b1aff5c37c623b12592
[•] [2026-05-01T03:11:44.371Z] Waiting confirmation...
[✓] [2026-05-01T03:11:50.076Z] Confirmed! Block: 1405313 | Gas: 126272 | Status: SUCCESS
[•] [2026-05-01T03:11:50.080Z] Jitter delay: 14456ms
[•] [2026-05-01T03:12:04.547Z] Bridging USDT | Amount: 0.00001 | Token: 0xfcc025A3E170DF62de0e25AF7CeAf1C89aBfe6E9
[•] [2026-05-01T03:12:04.549Z] Jitter delay: 16229ms
[✓] [2026-05-01T03:12:21.591Z] USDT already approved: 115792089237316195423570985008687907853269984665640564039457584007913129.639935
[•] [2026-05-01T03:12:22.338Z] Calldata: 0xd6d344a1...0000000000000000000a
[•] [2026-05-01T03:12:22.599Z] Estimated gas: 171206
[•] [2026-05-01T03:12:22.600Z] Sending tx... nonce: 857
[✓] [2026-05-01T03:12:23.131Z] Tx sent: 0x82c1a81623daa5c593f3d8eddeb8b582c4cfd196118a7c5c0b21e68808e912c9
[•] [2026-05-01T03:12:23.132Z] Waiting confirmation...
[✓] [2026-05-01T03:12:28.667Z] Confirmed! Block: 1405321 | Gas: 166286 | Status: SUCCESS
[•] [2026-05-01T03:12:28.668Z] Jitter delay: 12186ms
[•] [2026-05-01T03:12:40.861Z] Bridging USDC | Amount: 0.00001 | Token: 0xe819EB5be34B20f1FEC012c0DAf960397A0Fb386
[•] [2026-05-01T03:12:40.863Z] Jitter delay: 23020ms
[✓] [2026-05-01T03:13:04.563Z] USDC already approved: 115792089237316195423570985008687907853269984665640564039457584007913129.639935
[•] [2026-05-01T03:13:05.225Z] Calldata: 0xd6d344a1...0000000000000000000a
[•] [2026-05-01T03:13:05.441Z] Estimated gas: 171206
[•] [2026-05-01T03:13:05.444Z] Sending tx... nonce: 858
[✓] [2026-05-01T03:13:05.970Z] Tx sent: 0x0f6cad641e1dfee27cd248bb9517abcf3980bea8d56760d7d9f214b494a44c89
[•] [2026-05-01T03:13:05.971Z] Waiting confirmation...
[✓] [2026-05-01T03:13:11.806Z] Confirmed! Block: 1405330 | Gas: 166286 | Status: SUCCESS
[•] [2026-05-01T03:13:11.811Z] Jitter delay: 17051ms
[•] [2026-05-01T03:13:28.876Z] Bridging DAI | Amount: 0.00001 | Token: 0xB96A869c74Be2eD561D95a77408505371F287d16
[•] [2026-05-01T03:13:28.881Z] Jitter delay: 22169ms
[✓] [2026-05-01T03:13:51.842Z] DAI already approved: 115792089237316195423570985008687907853269984665640564039457.584007913129639935
[•] [2026-05-01T03:13:52.494Z] Calldata: 0xd6d344a1...0000000009184e72a000
[•] [2026-05-01T03:13:52.713Z] Estimated gas: 171254
[•] [2026-05-01T03:13:52.714Z] Sending tx... nonce: 859
[✓] [2026-05-01T03:13:53.273Z] Tx sent: 0x57549e653bfdb733fd9046b48865cb20b1e86219311e6de7365668a9ac4996a1
[•] [2026-05-01T03:13:53.274Z] Waiting confirmation...
[✓] [2026-05-01T03:13:58.914Z] Confirmed! Block: 1405339 | Gas: 166334 | Status: SUCCESS
[✓] [2026-05-01T03:13:58.915Z] Loop #20 completed
[•] [2026-05-01T03:13:58.925Z] Waiting 376s till next loop...
[•] [2026-05-01T03:20:15.973Z] ═══ Loop #21 ═══
[•] [2026-05-01T03:20:16.097Z] Bridging ETH | Amount: 0.0000001 | Token: 0x0000000000000000000000000000000000000000
[•] [2026-05-01T03:20:16.098Z] Jitter delay: 10042ms
[•] [2026-05-01T03:20:27.822Z] Calldata: 0xd6d344a1...0000000000174876e800
[•] [2026-05-01T03:20:28.060Z] Estimated gas: 131192
[•] [2026-05-01T03:20:28.061Z] Sending tx... nonce: 860
[✓] [2026-05-01T03:20:28.637Z] Tx sent: 0x0cc9310c7ee34ad9803a2b84afe65bd2e5c3a1bf5b5011f12802b1bec826845f
[•] [2026-05-01T03:20:28.637Z] Waiting confirmation...
[✓] [2026-05-01T03:20:34.278Z] Confirmed! Block: 1405418 | Gas: 126272 | Status: SUCCESS
[•] [2026-05-01T03:20:34.280Z] Jitter delay: 11237ms
[•] [2026-05-01T03:20:45.522Z] Bridging USDT | Amount: 0.00001 | Token: 0xfcc025A3E170DF62de0e25AF7CeAf1C89aBfe6E9
[•] [2026-05-01T03:20:45.524Z] Jitter delay: 21030ms
[✓] [2026-05-01T03:21:07.260Z] USDT already approved: 115792089237316195423570985008687907853269984665640564039457584007913129.639935
[•] [2026-05-01T03:21:07.939Z] Calldata: 0xd6d344a1...0000000000000000000a
[•] [2026-05-01T03:21:08.164Z] Estimated gas: 171206
[•] [2026-05-01T03:21:08.165Z] Sending tx... nonce: 861
[✓] [2026-05-01T03:21:08.662Z] Tx sent: 0x06e9013f85addf327f4bef315510232a343968f0545ff487456975b0abe5c174
[•] [2026-05-01T03:21:08.662Z] Waiting confirmation...
[✓] [2026-05-01T03:21:14.273Z] Confirmed! Block: 1405426 | Gas: 166286 | Status: SUCCESS
[•] [2026-05-01T03:21:14.275Z] Jitter delay: 21276ms
[•] [2026-05-01T03:21:35.570Z] Bridging USDC | Amount: 0.00001 | Token: 0xe819EB5be34B20f1FEC012c0DAf960397A0Fb386
[•] [2026-05-01T03:21:35.571Z] Jitter delay: 29547ms
[✓] [2026-05-01T03:22:05.772Z] USDC already approved: 115792089237316195423570985008687907853269984665640564039457584007913129.639935
[•] [2026-05-01T03:22:06.425Z] Calldata: 0xd6d344a1...0000000000000000000a
[•] [2026-05-01T03:22:06.662Z] Estimated gas: 171206
[•] [2026-05-01T03:22:06.663Z] Sending tx... nonce: 862
[✓] [2026-05-01T03:22:07.173Z] Tx sent: 0xcfb86058142c3f0f6e61fd41d96cae56349953b49b72ca91a7345d824c66271d
[•] [2026-05-01T03:22:07.173Z] Waiting confirmation...
[✓] [2026-05-01T03:22:12.759Z] Confirmed! Block: 1405438 | Gas: 166286 | Status: SUCCESS
[•] [2026-05-01T03:22:12.763Z] Jitter delay: 5871ms
[•] [2026-05-01T03:22:18.638Z] Bridging DAI | Amount: 0.00001 | Token: 0xB96A869c74Be2eD561D95a77408505371F287d16
[•] [2026-05-01T03:22:18.639Z] Jitter delay: 9866ms
[✓] [2026-05-01T03:22:29.236Z] DAI already approved: 115792089237316195423570985008687907853269984665640564039457.584007913129639935
[•] [2026-05-01T03:22:30.011Z] Calldata: 0xd6d344a1...0000000009184e72a000
[•] [2026-05-01T03:22:30.247Z] Estimated gas: 171254
[•] [2026-05-01T03:22:30.248Z] Sending tx... nonce: 863
[✓] [2026-05-01T03:22:30.777Z] Tx sent: 0x172dee5466f0a53a9e2ebbdb493a368c241dfea0e1a70a31254ea8d236f26984
[•] [2026-05-01T03:22:30.778Z] Waiting confirmation...
[✓] [2026-05-01T03:22:36.742Z] Confirmed! Block: 1405443 | Gas: 166334 | Status: SUCCESS
[✓] [2026-05-01T03:22:36.743Z] Loop #21 completed
[•] [2026-05-01T03:22:36.743Z] Waiting 325s till next loop...
[•] [2026-05-01T03:28:02.571Z] ═══ Loop #22 ═══
[•] [2026-05-01T03:28:02.723Z] Bridging ETH | Amount: 0.0000001 | Token: 0x0000000000000000000000000000000000000000
[•] [2026-05-01T03:28:02.726Z] Jitter delay: 19840ms
[•] [2026-05-01T03:28:24.400Z] Calldata: 0xd6d344a1...0000000000174876e800
[•] [2026-05-01T03:28:24.683Z] Estimated gas: 131192
[•] [2026-05-01T03:28:24.684Z] Sending tx... nonce: 864
[✓] [2026-05-01T03:28:25.388Z] Tx sent: 0x684e6a5cce3d01affdc3b07a0d061cd85ba41fc9c341053fcebed34aa7f62d07
[•] [2026-05-01T03:28:25.388Z] Waiting confirmation...
[✓] [2026-05-01T03:28:26.685Z] Confirmed! Block: 1405513 | Gas: 126272 | Status: SUCCESS
[•] [2026-05-01T03:28:26.685Z] Jitter delay: 26188ms
[•] [2026-05-01T03:28:52.908Z] Bridging USDT | Amount: 0.00001 | Token: 0xfcc025A3E170DF62de0e25AF7CeAf1C89aBfe6E9
[•] [2026-05-01T03:28:52.939Z] Jitter delay: 22760ms
[✓] [2026-05-01T03:29:16.530Z] USDT already approved: 115792089237316195423570985008687907853269984665640564039457584007913129.639935
[•] [2026-05-01T03:29:17.299Z] Calldata: 0xd6d344a1...0000000000000000000a
[•] [2026-05-01T03:29:17.556Z] Estimated gas: 171206
[•] [2026-05-01T03:29:17.559Z] Sending tx... nonce: 865
[✓] [2026-05-01T03:29:18.175Z] Tx sent: 0x6b014e2a08790f0465ae9a8fc29b3b48ef324b98d5fe6959d56e2ff797d3571e
[•] [2026-05-01T03:29:18.176Z] Waiting confirmation...
[✓] [2026-05-01T03:29:24.008Z] Confirmed! Block: 1405524 | Gas: 166286 | Status: SUCCESS
[•] [2026-05-01T03:29:24.015Z] Jitter delay: 27900ms
[•] [2026-05-01T03:29:51.942Z] Bridging USDC | Amount: 0.00001 | Token: 0xe819EB5be34B20f1FEC012c0DAf960397A0Fb386
[•] [2026-05-01T03:29:51.943Z] Jitter delay: 27355ms
[✓] [2026-05-01T03:30:20.321Z] USDC already approved: 115792089237316195423570985008687907853269984665640564039457584007913129.639935
[•] [2026-05-01T03:30:21.125Z] Calldata: 0xd6d344a1...0000000000000000000a
[•] [2026-05-01T03:30:21.388Z] Estimated gas: 171206
[•] [2026-05-01T03:30:21.403Z] Sending tx... nonce: 866
[✓] [2026-05-01T03:30:22.042Z] Tx sent: 0x89f170c27547711d98dc9ab6ca40df54f9b6317fedd209c81dbf2d7304352ec1
[•] [2026-05-01T03:30:22.043Z] Waiting confirmation...
[✓] [2026-05-01T03:30:27.912Z] Confirmed! Block: 1405537 | Gas: 166286 | Status: SUCCESS
[•] [2026-05-01T03:30:27.913Z] Jitter delay: 5531ms
[•] [2026-05-01T03:30:33.448Z] Bridging DAI | Amount: 0.00001 | Token: 0xB96A869c74Be2eD561D95a77408505371F287d16
[•] [2026-05-01T03:30:33.449Z] Jitter delay: 5895ms
[✓] [2026-05-01T03:30:40.075Z] DAI already approved: 115792089237316195423570985008687907853269984665640564039457.584007913129639935
[•] [2026-05-01T03:30:40.808Z] Calldata: 0xd6d344a1...0000000009184e72a000
[•] [2026-05-01T03:30:41.067Z] Estimated gas: 171254
[•] [2026-05-01T03:30:41.067Z] Sending tx... nonce: 867
[✓] [2026-05-01T03:30:41.636Z] Tx sent: 0x37f8446ea935330d12f9794bb0b1cbf31ccb5d59f769a1a9b4465bae28aaa927
[•] [2026-05-01T03:30:41.637Z] Waiting confirmation...
[✓] [2026-05-01T03:30:47.404Z] Confirmed! Block: 1405541 | Gas: 166334 | Status: SUCCESS
[✓] [2026-05-01T03:30:47.406Z] Loop #22 completed
[•] [2026-05-01T03:30:47.407Z] Waiting 578s till next loop...
[•] [2026-05-01T03:40:26.618Z] ═══ Loop #23 ═══
[•] [2026-05-01T03:40:26.732Z] Bridging ETH | Amount: 0.0000001 | Token: 0x0000000000000000000000000000000000000000
[•] [2026-05-01T03:40:26.734Z] Jitter delay: 11539ms
[•] [2026-05-01T03:40:40.667Z] Calldata: 0xd6d344a1...0000000000174876e800
[•] [2026-05-01T03:40:41.036Z] Estimated gas: 131192
[•] [2026-05-01T03:40:41.037Z] Sending tx... nonce: 868
[✓] [2026-05-01T03:40:41.755Z] Tx sent: 0xdc34b4fa7d05bd5f7c49e6c4709635c0f0001da037a03fbaff98760439be59b2
[•] [2026-05-01T03:40:41.756Z] Waiting confirmation...
[✓] [2026-05-01T03:40:47.553Z] Confirmed! Block: 1405661 | Gas: 126272 | Status: SUCCESS
[•] [2026-05-01T03:40:47.556Z] Jitter delay: 28345ms
[•] [2026-05-01T03:41:15.932Z] Bridging USDT | Amount: 0.00001 | Token: 0xfcc025A3E170DF62de0e25AF7CeAf1C89aBfe6E9
[•] [2026-05-01T03:41:15.940Z] Jitter delay: 29381ms
[✓] [2026-05-01T03:41:46.290Z] USDT already approved: 115792089237316195423570985008687907853269984665640564039457584007913129.639935
[•] [2026-05-01T03:41:47.200Z] Calldata: 0xd6d344a1...0000000000000000000a
[•] [2026-05-01T03:41:47.473Z] Estimated gas: 171206
[•] [2026-05-01T03:41:47.475Z] Sending tx... nonce: 869
[✓] [2026-05-01T03:41:48.091Z] Tx sent: 0x30a75bb43b7ca1b32ccbdb29d733793eaab27fc3b127d7e3b4c43b79d5592ccc
[•] [2026-05-01T03:41:48.092Z] Waiting confirmation...
[✓] [2026-05-01T03:41:53.985Z] Confirmed! Block: 1405674 | Gas: 166286 | Status: SUCCESS
[•] [2026-05-01T03:41:53.988Z] Jitter delay: 19022ms
[•] [2026-05-01T03:42:13.035Z] Bridging USDC | Amount: 0.00001 | Token: 0xe819EB5be34B20f1FEC012c0DAf960397A0Fb386
[•] [2026-05-01T03:42:13.048Z] Jitter delay: 8228ms
[✓] [2026-05-01T03:42:22.164Z] USDC already approved: 115792089237316195423570985008687907853269984665640564039457584007913129.639935
[•] [2026-05-01T03:42:22.823Z] Calldata: 0xd6d344a1...0000000000000000000a
[•] [2026-05-01T03:42:23.040Z] Estimated gas: 171206
[•] [2026-05-01T03:42:23.074Z] Sending tx... nonce: 870
[✓] [2026-05-01T03:42:23.769Z] Tx sent: 0x64388331a2319d608c1f9eef2e8a6b4ad97c873f8690b2d7c8e405d704f66633
[•] [2026-05-01T03:42:23.770Z] Waiting confirmation...
[✓] [2026-05-01T03:42:29.592Z] Confirmed! Block: 1405681 | Gas: 166286 | Status: SUCCESS
[•] [2026-05-01T03:42:29.596Z] Jitter delay: 12695ms
[•] [2026-05-01T03:42:42.326Z] Bridging DAI | Amount: 0.00001 | Token: 0xB96A869c74Be2eD561D95a77408505371F287d16
[•] [2026-05-01T03:42:42.343Z] Jitter delay: 9995ms
[✓] [2026-05-01T03:42:54.380Z] DAI already approved: 115792089237316195423570985008687907853269984665640564039457.584007913129639935
[•] [2026-05-01T03:42:55.647Z] Calldata: 0xd6d344a1...0000000009184e72a000
[•] [2026-05-01T03:42:56.305Z] Estimated gas: 171254
[•] [2026-05-01T03:42:56.308Z] Sending tx... nonce: 871
[✓] [2026-05-01T03:42:56.979Z] Tx sent: 0x756f8e7d4554f62db0474a8baddbec073fe0b704f63ba2b9f563020af98477ad
[•] [2026-05-01T03:42:56.980Z] Waiting confirmation...
[✓] [2026-05-01T03:43:04.995Z] Confirmed! Block: 1405688 | Gas: 166334 | Status: SUCCESS
[✓] [2026-05-01T03:43:04.998Z] Loop #23 completed
[•] [2026-05-01T03:43:04.999Z] Waiting 420s till next loop...
[•] [2026-05-01T03:50:06.188Z] ═══ Loop #24 ═══
[•] [2026-05-01T03:50:06.262Z] Bridging ETH | Amount: 0.0000001 | Token: 0x0000000000000000000000000000000000000000
[•] [2026-05-01T03:50:06.263Z] Jitter delay: 5877ms
[•] [2026-05-01T03:50:14.445Z] Calldata: 0xd6d344a1...0000000000174876e800
[•] [2026-05-01T03:50:14.733Z] Estimated gas: 131192
[•] [2026-05-01T03:50:14.738Z] Sending tx... nonce: 872
[✓] [2026-05-01T03:50:15.405Z] Tx sent: 0xd2af81bbd3dfc8c66bc8d9cc8da3a19eb04afebc159ca317f910533ae681998d
[•] [2026-05-01T03:50:15.405Z] Waiting confirmation...
[✓] [2026-05-01T03:50:16.705Z] Confirmed! Block: 1405775 | Gas: 126272 | Status: SUCCESS
[•] [2026-05-01T03:50:16.707Z] Jitter delay: 28542ms
[•] [2026-05-01T03:50:45.306Z] Bridging USDT | Amount: 0.00001 | Token: 0xfcc025A3E170DF62de0e25AF7CeAf1C89aBfe6E9
[•] [2026-05-01T03:50:45.320Z] Jitter delay: 11621ms
[✓] [2026-05-01T03:50:58.180Z] USDT already approved: 115792089237316195423570985008687907853269984665640564039457584007913129.639935
[•] [2026-05-01T03:50:58.901Z] Calldata: 0xd6d344a1...0000000000000000000a
[•] [2026-05-01T03:50:59.135Z] Estimated gas: 171206
[•] [2026-05-01T03:50:59.135Z] Sending tx... nonce: 873
[✓] [2026-05-01T03:50:59.820Z] Tx sent: 0x5da3d17ff836e4e97d7539d8b0a96a43764151846e7e9e44c0da4dcd68098d90
[•] [2026-05-01T03:50:59.829Z] Waiting confirmation...
[✓] [2026-05-01T03:51:01.591Z] Confirmed! Block: 1405784 | Gas: 166286 | Status: SUCCESS
[•] [2026-05-01T03:51:01.592Z] Jitter delay: 21661ms
[•] [2026-05-01T03:51:23.445Z] Bridging USDC | Amount: 0.00001 | Token: 0xe819EB5be34B20f1FEC012c0DAf960397A0Fb386
[•] [2026-05-01T03:51:23.852Z] Jitter delay: 17047ms
[✓] [2026-05-01T03:51:42.699Z] USDC already approved: 115792089237316195423570985008687907853269984665640564039457584007913129.639935
[•] [2026-05-01T03:51:43.389Z] Calldata: 0xd6d344a1...0000000000000000000a
[•] [2026-05-01T03:51:43.817Z] Estimated gas: 171206
[•] [2026-05-01T03:51:43.818Z] Sending tx... nonce: 874
[✓] [2026-05-01T03:51:44.541Z] Tx sent: 0x760feef508f58f85078d9a8ce17091d3a201c49138fc8db874688e896af04175
[•] [2026-05-01T03:51:44.542Z] Waiting confirmation...
[✓] [2026-05-01T03:51:50.169Z] Confirmed! Block: 1405793 | Gas: 166286 | Status: SUCCESS
[•] [2026-05-01T03:51:50.170Z] Jitter delay: 26028ms
[•] [2026-05-01T03:52:16.277Z] Bridging DAI | Amount: 0.00001 | Token: 0xB96A869c74Be2eD561D95a77408505371F287d16
[•] [2026-05-01T03:52:16.315Z] Jitter delay: 28804ms
[✓] [2026-05-01T03:52:46.289Z] DAI already approved: 115792089237316195423570985008687907853269984665640564039457.584007913129639935
[•] [2026-05-01T03:52:47.133Z] Calldata: 0xd6d344a1...0000000009184e72a000
[•] [2026-05-01T03:52:47.689Z] Estimated gas: 171254
[•] [2026-05-01T03:52:47.690Z] Sending tx... nonce: 875
[✓] [2026-05-01T03:52:48.443Z] Tx sent: 0x70e6c814afe17ad4a79392448f113faada6ef931c21924459f51b04365bfeac6
[•] [2026-05-01T03:52:48.443Z] Waiting confirmation...
[✓] [2026-05-01T03:52:54.126Z] Confirmed! Block: 1405806 | Gas: 166334 | Status: SUCCESS
[✓] [2026-05-01T03:52:54.127Z] Loop #24 completed
[•] [2026-05-01T03:52:54.129Z] Waiting 509s till next loop...
[•] [2026-05-01T04:01:24.112Z] ═══ Loop #25 ═══
[•] [2026-05-01T04:01:24.191Z] Bridging ETH | Amount: 0.0000001 | Token: 0x0000000000000000000000000000000000000000
[•] [2026-05-01T04:01:24.192Z] Jitter delay: 28830ms
[•] [2026-05-01T04:01:54.856Z] Calldata: 0xd6d344a1...0000000000174876e800
[•] [2026-05-01T04:01:55.098Z] Estimated gas: 131192
[•] [2026-05-01T04:01:55.100Z] Sending tx... nonce: 876
[✓] [2026-05-01T04:01:55.725Z] Tx sent: 0x087085316a98676751454e1adbc6f80cdfbac9c617bc0fb4546baad2c0b4089d
[•] [2026-05-01T04:01:55.725Z] Waiting confirmation...
[✓] [2026-05-01T04:01:56.558Z] Confirmed! Block: 1405915 | Gas: 126272 | Status: SUCCESS
[•] [2026-05-01T04:01:56.562Z] Jitter delay: 17388ms
[•] [2026-05-01T04:02:13.962Z] Bridging USDT | Amount: 0.00001 | Token: 0xfcc025A3E170DF62de0e25AF7CeAf1C89aBfe6E9
[•] [2026-05-01T04:02:13.967Z] Jitter delay: 15041ms
[✓] [2026-05-01T04:02:30.108Z] USDT already approved: 115792089237316195423570985008687907853269984665640564039457584007913129.639935
[•] [2026-05-01T04:02:30.770Z] Calldata: 0xd6d344a1...0000000000000000000a
[•] [2026-05-01T04:02:31.266Z] Estimated gas: 171206
[•] [2026-05-01T04:02:31.266Z] Sending tx... nonce: 877
[✓] [2026-05-01T04:02:31.948Z] Tx sent: 0xf3dde4276d81d351f0d6f6fe7b75ac850ea7d032b06f0d26cb750d893247d2f2
[•] [2026-05-01T04:02:31.949Z] Waiting confirmation...
[✓] [2026-05-01T04:02:37.746Z] Confirmed! Block: 1405923 | Gas: 166286 | Status: SUCCESS
[•] [2026-05-01T04:02:37.748Z] Jitter delay: 7601ms
[•] [2026-05-01T04:02:45.357Z] Bridging USDC | Amount: 0.00001 | Token: 0xe819EB5be34B20f1FEC012c0DAf960397A0Fb386
[•] [2026-05-01T04:02:45.358Z] Jitter delay: 12662ms
[✓] [2026-05-01T04:02:58.970Z] USDC already approved: 115792089237316195423570985008687907853269984665640564039457584007913129.639935
[•] [2026-05-01T04:02:59.741Z] Calldata: 0xd6d344a1...0000000000000000000a
[•] [2026-05-01T04:02:59.967Z] Estimated gas: 171206
[•] [2026-05-01T04:02:59.968Z] Sending tx... nonce: 878
[✓] [2026-05-01T04:03:00.421Z] Tx sent: 0x37370b97d166dd535d01811b24c13c57d1bdf14d3cbd507ecda0a4e4dde64366
[•] [2026-05-01T04:03:00.421Z] Waiting confirmation...
[✓] [2026-05-01T04:03:01.512Z] Confirmed! Block: 1405928 | Gas: 166286 | Status: SUCCESS
[•] [2026-05-01T04:03:01.513Z] Jitter delay: 9204ms
[•] [2026-05-01T04:03:10.722Z] Bridging DAI | Amount: 0.00001 | Token: 0xB96A869c74Be2eD561D95a77408505371F287d16
[•] [2026-05-01T04:03:10.723Z] Jitter delay: 22046ms
[✓] [2026-05-01T04:03:33.580Z] DAI already approved: 115792089237316195423570985008687907853269984665640564039457.584007913129639935
[•] [2026-05-01T04:03:34.488Z] Calldata: 0xd6d344a1...0000000009184e72a000
[•] [2026-05-01T04:03:34.735Z] Estimated gas: 171254
[•] [2026-05-01T04:03:34.736Z] Sending tx... nonce: 879
[✓] [2026-05-01T04:03:35.372Z] Tx sent: 0xb7ed5b6c842c5d213ed3c5b7209bc47bfd8e945a8ec09c620be0e3be3cd0d48d
[•] [2026-05-01T04:03:35.373Z] Waiting confirmation...
[✓] [2026-05-01T04:03:36.866Z] Confirmed! Block: 1405935 | Gas: 166334 | Status: SUCCESS
[✓] [2026-05-01T04:03:36.867Z] Loop #25 completed
[•] [2026-05-01T04:03:36.867Z] Waiting 471s till next loop...
